IdTicket;DateTicket;Agent;Duree_Traitement_Sec;Resolu;Note_Satisfaction_Client;CoutFacturation;Canal;Motif;Traite;Reprise_Appel;Conforme;NPS;Motif_Reclamation
TCK20000;17/01/2023;AG003;252;Oui;;19,56;Email;Facturation;Oui;Non;Non;;Comportement agent
TCK20001;17/04/2023;AG001;354;Non;;35,86;Réseaux Sociaux;Résiliation;Non;Oui;Oui;;Non Renseigné
TCK20002;07/01/2023;AG008;288;Non;4,5;38,59;Téléphone;Déménagement;Oui;Oui;Oui;;Non Renseigné
TCK20003;03/04/2023;AG002;228;Non;5;55,37;Réseaux Sociaux;Panne compteur;Non;Non;Oui;;Non Renseigné
TCK20004;21/10/2023;AG004;282;Oui;4;53,97;Téléphone;Litige paiement;Non;Oui;Oui;;Non Renseigné
TCK20005;03/01/2023;AG002;156;Non;;30,5;Téléphone;Demande d'information;Non;Non;Non Renseigné;;Non Renseigné
TCK20006;16/07/2023;AG007;186;Oui;1,5;23,91;Chat;Souscription contrat;Non;Oui;Oui;;Non Renseigné
TCK20007;10/05/2023;AG005;264;Non;4;26,23;Téléphone;Relevé compteur;Non;Non;Oui;5;Non Renseigné
TCK20008;26/03/2023;AG002;258;Oui;3;;Email;Déménagement;Oui;Non;Oui;;Non Renseigné
TCK20009;24/01/2023;AG002;288;Oui;5;33,04;Chat;Changement d'offre;Non;Non;Oui;;Non Renseigné
TCK20010;11/01/2023;AG004;168;Non;4,5;34,32;Téléphone;Réclamation;Non;Non;Non Renseigné;1;Non Renseigné
TCK20011;13/11/2023;AG004;324;Non;4,5;46,93;Chat;Souscription contrat;Non;Non;Oui;;Non Renseigné
TCK20012;19/04/2023;AG001;306;Oui;4,5;;Réseaux Sociaux;Facturation;Oui;Oui;Oui;8;Non Renseigné
TCK20013;27/06/2023;AG004;372;Oui;4;43,45;Réseaux Sociaux;Résiliation;Non;Non;Oui;3;Comportement agent
TCK20014;14/04/2023;AG001;306;Non;2;23,24;Réseaux Sociaux;Souscription contrat;Non;Non;Oui;5;Non Renseigné
TCK20015;13/05/2023;AG001;222;Oui;2;56,68;Téléphone;Panne compteur;Non;Non;Oui;;Non Renseigné
TCK20016;23/07/2023;AG006;372;Non;1,5;20,95;Réseaux Sociaux;Panne compteur;Non;Non;Oui;5;Comportement agent
TCK20017;04/12/2023;AG008;360;Non;;32,15;Email;Panne compteur;Oui;Oui;Oui;;Non Renseigné
TCK20018;07/01/2023;AG008;414;Oui;2,5;15,2;Réseaux Sociaux;Réclamation;Non;Non;Non;9;Non Renseigné
TCK20019;07/11/2023;AG005;330;Non;4;58,12;Chat;Souscription contrat;Oui;Oui;Oui;5;Non Renseigné
TCK20020;24/11/2023;AG008;234;Non;1,5;51,14;Chat;Panne compteur;Non;Non;Oui;6;Non Renseigné
TCK20021;08/05/2023;AG008;330;Oui;5;;Téléphone;Demande d'information;Oui;Non;Non;8;Erreur technique
TCK20022;19/02/2023;AG007;36;Non;2;25,72;Réseaux Sociaux;Souscription contrat;Oui;Non;Oui;8;Délai de traitement
TCK20023;08/11/2023;AG006;414;Non;;39,05;Téléphone;Relevé compteur;Non;Non;Non Renseigné;;Non Renseigné
TCK20024;09/01/2023;AG007;204;Non;;41,46;Réseaux Sociaux;Relevé compteur;Oui;Non;Non;;Non Renseigné
TCK20025;30/01/2023;AG006;438;Oui;3,5;44,97;Chat;Déménagement;Non;Non;Oui;;Facturation incorrecte
TCK20026;13/09/2023;AG008;252;Oui;;52,99;Chat;Changement d'offre;Non;Non;Oui;9;Non Renseigné
TCK20027;18/02/2023;AG008;276;Oui;4,5;32,91;Chat;Souscription contrat;Non;Oui;Oui;10;Non Renseigné
TCK20028;23/11/2023;AG003;174;Oui;1;34,15;Téléphone;Déménagement;Oui;Non;Oui;6;Non Renseigné
TCK20029;02/09/2023;AG004;180;Non;;54,34;Téléphone;Souscription contrat;Non;Non;Oui;7;Non Renseigné
TCK20030;15/08/2023;AG005;420;Oui;2;14,84;Email;Souscription contrat;Oui;Non;Oui;8;Non Renseigné
TCK20031;31/07/2023;AG003;198;Oui;2;33,8;Chat;Souscription contrat;Oui;Non;Oui;;Non Renseigné
TCK20032;17/11/2023;AG001;270;Oui;2;21,68;Téléphone;Facturation;Non;Non;Oui;8;Non Renseigné
TCK20033;08/12/2023;AG004;108;Oui;4,5;30,48;Email;Résiliation;Oui;Non;Oui;;Non Renseigné
TCK20034;12/05/2023;AG006;342;Non;;21,41;Téléphone;Panne compteur;Non;Non;Oui;;Non Renseigné
TCK20035;07/09/2023;AG007;348;Oui;2,5;56,11;Téléphone;Déménagement;Oui;Oui;Oui;9;Non Renseigné
TCK20036;25/11/2023;AG002;84;Non;2;35,1;Chat;Litige paiement;Oui;Non;Non Renseigné;;Non Renseigné
TCK20037;01/09/2023;AG002;414;Non;;40,25;Chat;Relevé compteur;Oui;Non;Non;;Non Renseigné
TCK20038;25/05/2023;AG005;198;Non;;;Téléphone;Facturation;Non;Oui;Non;5;Non Renseigné
TCK20039;27/03/2023;AG001;576;Non;2,5;35,25;Réseaux Sociaux;Demande d'information;Oui;Oui;Oui;9;Non Renseigné
TCK20040;01/08/2023;AG006;318;Oui;3;;Email;Résiliation;Non;Non;Oui;;Non Renseigné
TCK20041;06/07/2023;AG001;222;Oui;2,5;37,09;Téléphone;Résiliation;Oui;Oui;Non;6;Comportement agent
TCK20042;26/09/2023;AG008;306;Non;5;56,62;Téléphone;Résiliation;Oui;Non;Oui;1;Non Renseigné
TCK20043;20/10/2023;AG003;216;Non;5;57,37;Réseaux Sociaux;Souscription contrat;Oui;Non;Oui;;Comportement agent
TCK20044;15/10/2023;AG001;168;Non;;35,92;Réseaux Sociaux;Souscription contrat;Non;Non;Oui;;Non Renseigné
TCK20045;14/10/2023;AG007;234;Non;;15,63;Téléphone;Souscription contrat;Non;Non;Oui;;Non Renseigné
TCK20046;02/12/2023;AG005;210;Oui;4,5;;Email;Résiliation;Non;Non;Non;9;Délai de traitement
TCK20047;21/09/2023;AG004;108;Oui;3,5;29,16;Téléphone;Panne compteur;Non;Oui;Oui;;Non Renseigné
TCK20048;07/07/2023;AG004;246;Oui;3;18,54;Chat;Déménagement;Oui;Non;Non;;Non Renseigné
TCK20049;08/08/2023;AG008;426;Oui;5;23,36;Email;Changement d'offre;Oui;Non;Non;2;Non Renseigné
TCK20050;12/11/2023;AG002;144;Non;4,5;40,58;Téléphone;Réclamation;Non;Non;Oui;10;Non Renseigné
TCK20051;05/04/2023;AG007;276;Oui;;38,29;Réseaux Sociaux;Souscription contrat;Oui;Non;Oui;8;Non Renseigné
TCK20052;11/02/2023;AG008;300;Oui;;55,61;Chat;Changement d'offre;Oui;Non;Oui;8;Erreur technique
TCK20053;24/12/2023;AG006;288;Non;5;57,3;Réseaux Sociaux;Déménagement;Oui;Oui;Oui;5;Non Renseigné
TCK20054;14/07/2023;AG003;210;Oui;4;25,11;Chat;Changement d'offre;Oui;Oui;Non Renseigné;10;Non Renseigné
TCK20055;30/11/2023;AG008;228;Non;3,5;54,75;Téléphone;Demande d'information;Non;Non;Non;10;Non Renseigné
TCK20056;23/08/2023;AG007;252;Non;;32,12;Téléphone;Résiliation;Oui;Non;Oui;;Non Renseigné
TCK20057;12/12/2023;AG001;270;Oui;;12,3;Réseaux Sociaux;Réclamation;Oui;Non;Non;3;Non Renseigné
TCK20058;22/03/2023;AG004;54;Oui;;33,67;Chat;Changement d'offre;Non;Non;Non;10;Non Renseigné
TCK20059;06/04/2023;AG008;330;Non;4,5;40,66;Chat;Souscription contrat;Oui;Non;Oui;;Non Renseigné
TCK20060;07/08/2023;AG007;312;Oui;2;31,7;Réseaux Sociaux;Réclamation;Non;Oui;Oui;8;Non Renseigné
TCK20061;25/11/2023;AG005;360;Oui;1,5;50,97;Téléphone;Demande d'information;Non;Non;Oui;4;Non Renseigné
TCK20062;27/05/2023;AG002;78;Oui;4;12,35;Email;Résiliation;Non;Oui;Oui;5;Non Renseigné
TCK20063;23/02/2023;AG007;300;Oui;5;43,43;Chat;Déménagement;Oui;Non;Oui;10;Non Renseigné
TCK20064;08/04/2023;AG004;258;Non;4,5;50,62;Réseaux Sociaux;Panne compteur;Oui;Non;Non;8;Non Renseigné
TCK20065;24/08/2023;AG005;288;Non;;52,67;Téléphone;Déménagement;Oui;Non;Oui;4;Non Renseigné
TCK20066;19/05/2023;AG008;246;Oui;1,5;55,2;Réseaux Sociaux;Relevé compteur;Non;Non;Oui;;Non Renseigné
TCK20067;27/09/2023;AG008;312;Non;;26,03;Téléphone;Litige paiement;Oui;Non;Non;8;Non Renseigné
TCK20068;22/12/2023;AG008;204;Oui;5;;Chat;Résiliation;Oui;Oui;Oui;;Non Renseigné
TCK20069;01/02/2023;AG003;276;Oui;4;12,19;Chat;Litige paiement;Non;Non;Oui;;Non Renseigné
TCK20070;01/08/2023;AG002;222;Non;4,5;22,81;Email;Panne compteur;Non;Non;Non;;Non Renseigné
TCK20071;14/05/2023;AG006;456;Oui;3,5;19,52;Téléphone;Facturation;Non;Non;Oui;;Non Renseigné
TCK20072;02/04/2023;AG008;222;Oui;4;34,24;Chat;Déménagement;Non;Non;Oui;;Non Renseigné
TCK20073;21/02/2023;AG008;138;Oui;;27,75;Téléphone;Facturation;Non;Oui;Oui;7;Non Renseigné
TCK20074;17/04/2023;AG004;282;Oui;0,5;42,08;Réseaux Sociaux;Résiliation;Non;Non;Oui;9;Non Renseigné
TCK20075;08/10/2023;AG008;264;Oui;2;11,17;Téléphone;Réclamation;Non;Non;Non;6;Non Renseigné
TCK20076;15/07/2023;AG006;378;Oui;5;25,07;Téléphone;Demande d'information;Non;Non;Oui;;Erreur technique
TCK20077;20/06/2023;AG005;252;Non;3;;Chat;Demande d'information;Non;Oui;Oui;5;Non Renseigné
TCK20078;09/01/2023;AG001;294;Oui;4,5;40,3;Réseaux Sociaux;Demande d'information;Non;Non;Oui;;Non Renseigné
TCK20079;07/12/2023;AG004;234;Non;;38,52;Téléphone;Demande d'information;Oui;Non;Oui;7;Non Renseigné
TCK20080;13/08/2023;AG005;138;Oui;4,5;;Chat;Demande d'information;Non;Non;Oui;3;Non Renseigné
TCK20081;24/08/2023;AG003;324;Non;0,5;35,2;Téléphone;Réclamation;Oui;Non;Non;9;Non Renseigné
TCK20082;20/06/2023;AG007;78;Non;4;57,42;Téléphone;Facturation;Non;Non;Non Renseigné;5;Non Renseigné
TCK20083;31/12/2023;AG003;312;Non;4;;Email;Facturation;Oui;Non;Oui;;Non Renseigné
TCK20084;16/10/2023;AG008;324;Oui;3,5;13,9;Chat;Déménagement;Oui;Non;Non;8;Non Renseigné
TCK20085;26/01/2023;AG003;354;Oui;3;15,31;Email;Litige paiement;Non;Non;Non;7;Non Renseigné
TCK20086;09/03/2023;AG005;138;Oui;3;58,91;Email;Souscription contrat;Oui;Non;Oui;;Non Renseigné
TCK20087;14/01/2023;AG002;270;Non;4,5;17,93;Téléphone;Souscription contrat;Oui;Non;Oui;;Non Renseigné
TCK20088;30/04/2023;AG006;24;Non;4,5;41,97;Téléphone;Changement d'offre;Non;Non;Oui;10;Non Renseigné
TCK20089;07/09/2023;AG007;246;Oui;;16,45;Téléphone;Changement d'offre;Non;Non;Oui;;Non Renseigné
TCK20090;07/04/2023;AG001;90;Non;2;54,39;Email;Relevé compteur;Oui;Oui;Non Renseigné;;Non Renseigné
TCK20091;29/08/2023;AG003;216;Non;5;12,03;Email;Relevé compteur;Non;Non;Oui;;Non Renseigné
TCK20092;29/12/2023;AG008;372;Non;5;11,56;Chat;Résiliation;Non;Oui;Oui;6;Erreur technique
TCK20093;29/09/2023;AG004;198;Non;;58,34;Chat;Souscription contrat;Non;Non;Oui;6;Non Renseigné
TCK20094;25/10/2023;AG005;66;Oui;2,5;28,13;Chat;Panne compteur;Non;Non;Non;;Non Renseigné
TCK20095;09/07/2023;AG007;300;Non;4,5;13,32;Téléphone;Résiliation;Non;Non;Oui;8;Non Renseigné
TCK20096;22/12/2023;AG004;192;Non;4,5;57,45;Email;Demande d'information;Non;Non;Oui;;Non Renseigné
TCK20097;16/11/2023;AG002;486;Oui;3,5;;Chat;Demande d'information;Non;Non;Oui;;Non Renseigné
TCK20098;02/09/2023;AG003;294;Non;5;34,12;Téléphone;Changement d'offre;Oui;Non;Non;9;Non Renseigné
TCK20099;15/09/2023;AG005;96;Non;4;45,14;Chat;Souscription contrat;Oui;Non;Oui;;Non Renseigné
TCK20100;22/01/2023;AG007;348;Oui;;19,46;Téléphone;Souscription contrat;Oui;Non;Oui;;Non Renseigné
TCK20101;16/05/2023;AG002;180;Oui;2;38,67;Chat;Demande d'information;Non;Oui;Oui;9;Non Renseigné
TCK20102;04/08/2023;AG001;318;Oui;;57,11;Téléphone;Relevé compteur;Oui;Non;Oui;7;Non Renseigné
TCK20103;16/06/2023;AG004;234;Non;4;35,92;Email;Souscription contrat;Non;Non;Oui;;Non Renseigné
TCK20104;17/04/2023;AG008;138;Oui;;12,49;Email;Panne compteur;Oui;Non;Oui;9;Non Renseigné
TCK20105;16/01/2023;AG006;198;Non;;23,43;Email;Souscription contrat;Oui;Oui;Non;10;Non Renseigné
TCK20106;09/10/2023;AG008;318;Oui;5;57,2;Chat;Réclamation;Non;Non;Oui;1;Comportement agent
TCK20107;16/01/2023;AG008;498;Oui;1,5;;Téléphone;Panne compteur;Non;Non;Non;;Non Renseigné
TCK20108;07/11/2023;AG005;444;Non;5;34,47;Téléphone;Facturation;Oui;Non;Oui;;Non Renseigné
TCK20109;01/02/2023;AG008;180;Non;5;35,63;Chat;Déménagement;Non;Non;Oui;0;Délai de traitement
TCK20110;29/05/2023;AG001;234;Oui;2;33,54;Chat;Résiliation;Oui;Oui;Oui;7;Non Renseigné
TCK20111;25/09/2023;AG008;84;Oui;4;;Réseaux Sociaux;Changement d'offre;Oui;Non;Oui;7;Facturation incorrecte
TCK20112;20/06/2023;AG007;300;Oui;3;26,47;Réseaux Sociaux;Changement d'offre;Oui;Non;Oui;10;Non Renseigné
TCK20113;21/06/2023;AG002;288;Oui;5;12,11;Réseaux Sociaux;Panne compteur;Oui;Non;Oui;5;Non Renseigné
TCK20114;28/11/2023;AG007;606;Oui;3,5;18,42;Réseaux Sociaux;Souscription contrat;Oui;Non;Oui;9;Non Renseigné
TCK20115;08/02/2023;AG003;240;Non;3;48,02;Téléphone;Réclamation;Oui;Non;Oui;1;Non Renseigné
TCK20116;18/01/2023;AG007;300;Oui;;45,22;Email;Relevé compteur;Oui;Oui;Oui;;Non Renseigné
TCK20117;02/05/2023;AG002;246;Oui;;32,69;Chat;Facturation;Oui;Non;Oui;6;Non Renseigné
TCK20118;16/11/2023;AG008;396;Oui;2,5;34,01;Email;Litige paiement;Non;Non;Oui;;Non Renseigné
TCK20119;12/05/2023;AG003;282;Oui;3,5;28,66;Téléphone;Souscription contrat;Non;Non;Oui;10;Non Renseigné
TCK20120;17/11/2023;AG007;564;Non;2,5;19,45;Téléphone;Demande d'information;Oui;Non;Oui;6;Non Renseigné
TCK20121;17/03/2023;AG005;246;Non;4;55,05;Téléphone;Litige paiement;Non;Non;Oui;0;Non Renseigné
TCK20122;20/12/2023;AG003;390;Oui;2;14,97;Chat;Panne compteur;Non;Non;Non;5;Non Renseigné
TCK20123;15/10/2023;AG003;426;Non;4;40,21;Réseaux Sociaux;Souscription contrat;Oui;Oui;Non;5;Délai de traitement
TCK20124;01/03/2023;AG003;6;Non;;;Téléphone;Relevé compteur;Non;Non;Non Renseigné;0;Non Renseigné
TCK20125;11/12/2023;AG004;342;Oui;4,5;39,44;Réseaux Sociaux;Relevé compteur;Non;Non;Oui;9;Non Renseigné
TCK20126;16/04/2023;AG004;252;Oui;;;Réseaux Sociaux;Relevé compteur;Non;Non;Non;0;Non Renseigné
TCK20127;29/11/2023;AG001;180;Oui;1;18,74;Téléphone;Résiliation;Oui;Non;Oui;;Non Renseigné
TCK20128;16/09/2023;AG001;276;Oui;;44,37;Chat;Réclamation;Oui;Non;Oui;;Non Renseigné
TCK20129;02/08/2023;AG002;300;Non;1;26,27;Téléphone;Déménagement;Oui;Non;Oui;;Non Renseigné
TCK20130;08/06/2023;AG004;204;Non;3,5;;Email;Panne compteur;Non;Non;Oui;2;Non Renseigné
TCK20131;02/09/2023;AG007;90;Non;1;42,49;Téléphone;Réclamation;Non;Non;Oui;;Non Renseigné
TCK20132;17/08/2023;AG006;78;Non;2,5;;Téléphone;Résiliation;Non;Oui;Oui;7;Non Renseigné
TCK20133;12/10/2023;AG007;300;Non;;13,08;Chat;Résiliation;Oui;Non;Non;;Comportement agent
TCK20134;10/09/2023;AG005;150;Non;3;;Téléphone;Souscription contrat;Oui;Non;Oui;1;Non Renseigné
TCK20135;15/02/2023;AG001;360;Oui;5;13,28;Téléphone;Litige paiement;Non;Non;Oui;;Non Renseigné
TCK20136;17/12/2023;AG001;342;Oui;4,5;30,23;Chat;Panne compteur;Non;Non;Oui;8;Non Renseigné
TCK20137;03/11/2023;AG001;462;Oui;4,5;28,18;Réseaux Sociaux;Panne compteur;Non;Non;Oui;;Non Renseigné
TCK20138;16/08/2023;AG003;342;Non;4;58,53;Téléphone;Souscription contrat;Non;Oui;Non;8;Non Renseigné
TCK20139;02/07/2023;AG006;150;Oui;2,5;18,79;Chat;Relevé compteur;Non;Non;Non;;Non Renseigné
TCK20140;09/12/2023;AG008;114;Oui;;32,33;Téléphone;Facturation;Non;Non;Oui;5;Non Renseigné
TCK20141;05/06/2023;AG005;474;Non;;22,71;Réseaux Sociaux;Résiliation;Non;Non;Oui;;Non Renseigné
TCK20142;13/08/2023;AG006;264;Non;4,5;37,17;Réseaux Sociaux;Résiliation;Oui;Non;Oui;;Non Renseigné
TCK20143;23/03/2023;AG005;414;Oui;4,5;25,24;Chat;Souscription contrat;Non;Non;Oui;8;Non Renseigné
TCK20144;23/03/2023;AG002;174;Non;5;44,5;Téléphone;Relevé compteur;Oui;Oui;Oui;;Non Renseigné
TCK20145;15/11/2023;AG008;336;Oui;5;29,52;Chat;Relevé compteur;Oui;Non;Non;;Non Renseigné
TCK20146;23/11/2023;AG001;174;Oui;5;;Email;Déménagement;Non;Non;Non;7;Comportement agent
TCK20147;19/07/2023;AG001;6;Oui;3,5;28,39;Réseaux Sociaux;Facturation;Non;Non;Oui;7;Non Renseigné
TCK20148;30/12/2023;AG004;240;Oui;;;Téléphone;Changement d'offre;Oui;Non;Non;;Non Renseigné
TCK20149;12/01/2023;AG002;204;Oui;5;43,19;Email;Résiliation;Oui;Non;Oui;6;Erreur technique
TCK20150;09/05/2023;AG006;138;Oui;4,5;33,01;Réseaux Sociaux;Litige paiement;Oui;Non;Oui;4;Non Renseigné
TCK20151;13/01/2023;AG008;372;Oui;;;Email;Déménagement;Oui;Non;Oui;3;Non Renseigné
TCK20152;17/08/2023;AG008;210;Oui;1,5;11,15;Chat;Changement d'offre;Non;Non;Oui;9;Non Renseigné
TCK20153;19/07/2023;AG002;204;Oui;3,5;54,84;Chat;Panne compteur;Non;Non;Oui;9;Non Renseigné
TCK20154;21/05/2023;AG003;198;Oui;4;23,98;Téléphone;Changement d'offre;Non;Non;Oui;9;Non Renseigné
TCK20155;18/07/2023;AG002;192;Oui;2;16,37;Chat;Panne compteur;Non;Non;Non;;Non Renseigné
TCK20156;17/06/2023;AG007;204;Oui;;16,71;Téléphone;Relevé compteur;Non;Non;Oui;10;Non Renseigné
TCK20157;15/07/2023;AG006;294;Oui;3,5;42,24;Réseaux Sociaux;Panne compteur;Oui;Non;Non;;Non Renseigné
TCK20158;07/03/2023;AG003;408;Non;2,5;37,87;Réseaux Sociaux;Demande d'information;Non;Non;Non;8;Non Renseigné
TCK20159;09/07/2023;AG005;162;Oui;3,5;22,8;Chat;Déménagement;Non;Non;Oui;7;Non Renseigné
TCK20160;18/11/2023;AG003;180;Non;;36,82;Téléphone;Demande d'information;Oui;Non;Oui;9;Non Renseigné
TCK20161;13/04/2023;AG001;306;Oui;2,5;31,86;Téléphone;Souscription contrat;Non;Oui;Non;8;Non Renseigné
TCK20162;23/09/2023;AG008;342;Oui;2;53,57;Email;Réclamation;Oui;Non;Oui;;Non Renseigné
TCK20163;03/05/2023;AG006;108;Oui;;59,95;Téléphone;Souscription contrat;Oui;Non;Oui;;Non Renseigné
TCK20164;17/07/2023;AG001;108;Oui;4;21,26;Chat;Souscription contrat;Non;Oui;Oui;5;Non Renseigné
TCK20165;22/08/2023;AG004;450;Non;4,5;22,85;Réseaux Sociaux;Panne compteur;Non;Oui;Oui;;Non Renseigné
TCK20166;01/05/2023;AG008;24;Non;1;55,69;Email;Panne compteur;Oui;Non;Oui;6;Non Renseigné
TCK20167;12/12/2023;AG007;234;Oui;4,5;28,41;Réseaux Sociaux;Changement d'offre;Non;Oui;Oui;7;Non Renseigné
TCK20168;19/11/2023;AG003;120;Non;4;51,83;Téléphone;Relevé compteur;Non;Oui;Oui;;Non Renseigné
TCK20169;18/05/2023;AG006;108;Non;4;42,54;Email;Résiliation;Oui;Non;Oui;;Non Renseigné
TCK20170;07/04/2023;AG005;102;Oui;4,5;50,9;Chat;Souscription contrat;Oui;Non;Non;;Non Renseigné
TCK20171;11/06/2023;AG003;384;Non;2,5;11,92;Chat;Panne compteur;Non;Oui;Oui;;Non Renseigné
TCK20172;30/08/2023;AG007;276;Oui;;29,91;Réseaux Sociaux;Réclamation;Oui;Non;Oui;8;Non Renseigné
TCK20173;05/01/2023;AG004;390;Oui;5;34,86;Email;Panne compteur;Oui;Oui;Oui;9;Non Renseigné
TCK20174;02/11/2023;AG002;252;Oui;5;27,15;Téléphone;Changement d'offre;Non;Oui;Oui;0;Non Renseigné
TCK20175;03/12/2023;AG003;384;Oui;3,5;;Chat;Résiliation;Oui;Non;Oui;3;Non Renseigné
TCK20176;30/08/2023;AG004;252;Non;3,5;34,82;Chat;Réclamation;Oui;Non;Oui;;Facturation incorrecte
TCK20177;10/04/2023;AG003;150;Non;2,5;30,18;Téléphone;Relevé compteur;Oui;Non;Non;6;Non Renseigné
TCK20178;13/03/2023;AG002;186;Oui;3;58,07;Email;Demande d'information;Oui;Non;Oui;6;Non Renseigné
TCK20179;17/04/2023;AG008;462;Non;1;39,96;Email;Litige paiement;Non;Non;Oui;;Comportement agent
TCK20180;21/01/2023;AG002;258;Oui;2,5;29,86;Chat;Déménagement;Oui;Non;Oui;9;Comportement agent
TCK20181;01/02/2023;AG007;282;Oui;3,5;26,84;Téléphone;Facturation;Oui;Non;Oui;5;Non Renseigné
TCK20182;25/12/2023;AG004;390;Oui;;13,92;Email;Relevé compteur;Oui;Non;Oui;5;Non Renseigné
TCK20183;03/03/2023;AG006;294;Oui;4,5;13,63;Téléphone;Souscription contrat;Oui;Non;Oui;5;Non Renseigné
TCK20184;15/11/2023;AG001;228;Oui;1,5;43,44;Réseaux Sociaux;Relevé compteur;Oui;Non;Oui;;Non Renseigné
TCK20185;21/10/2023;AG005;324;Oui;;;Téléphone;Facturation;Oui;Non;Oui;5;Non Renseigné
TCK20186;05/12/2023;AG004;408;Non;4;16,25;Chat;Demande d'information;Non;Non;Non;6;Non Renseigné
TCK20187;26/10/2023;AG007;288;Oui;2;16,49;Téléphone;Demande d'information;Non;Oui;Non;;Facturation incorrecte
TCK20188;13/12/2023;AG001;342;Oui;2;30,75;Chat;Litige paiement;Oui;Non;Non Renseigné;9;Non Renseigné
TCK20189;25/03/2023;AG005;276;Oui;;26,35;Réseaux Sociaux;Réclamation;Oui;Oui;Oui;7;Non Renseigné
TCK20190;01/01/2023;AG004;342;Oui;4,5;51,85;Réseaux Sociaux;Changement d'offre;Non;Non;Oui;8;Non Renseigné
TCK20191;17/09/2023;AG006;288;Oui;2;59,77;Téléphone;Réclamation;Non;Non;Oui;;Non Renseigné
TCK20192;05/12/2023;AG003;396;Oui;;24,26;Chat;Changement d'offre;Non;Non;Non;7;Non Renseigné
TCK20193;20/08/2023;AG008;312;Non;3;21,96;Téléphone;Litige paiement;Non;Non;Oui;7;Non Renseigné
TCK20194;10/05/2023;AG008;282;Oui;3,5;38,02;Téléphone;Demande d'information;Oui;Non;Oui;4;Non Renseigné
TCK20195;30/12/2023;AG007;18;Oui;1,5;;Chat;Litige paiement;Oui;Non;Oui;;Non Renseigné
TCK20196;16/12/2023;AG004;180;Oui;2,5;40,63;Téléphone;Réclamation;Oui;Oui;Oui;10;Non Renseigné
TCK20197;04/07/2023;AG007;414;Oui;2,5;39,27;Téléphone;Litige paiement;Non;Oui;Non;7;Non Renseigné
TCK20198;20/06/2023;AG003;498;Oui;4,5;22,97;Téléphone;Panne compteur;Oui;Non;Oui;;Non Renseigné
TCK20199;25/06/2023;AG003;348;Non;1,5;14,23;Réseaux Sociaux;Déménagement;Oui;Non;Non;4;Non Renseigné
TCK20200;26/03/2023;AG004;240;Non;0,5;35,01;Téléphone;Relevé compteur;Oui;Non;Oui;9;Non Renseigné
TCK20201;24/04/2023;AG004;228;Non;2,5;52,02;Chat;Relevé compteur;Non;Oui;Oui;7;Non Renseigné
TCK20202;29/01/2023;AG006;372;Non;;27,55;Téléphone;Demande d'information;Oui;Oui;Non;;Non Renseigné
TCK20203;25/11/2023;AG002;342;Non;4;30,23;Réseaux Sociaux;Changement d'offre;Non;Oui;Oui;9;Délai de traitement
TCK20204;04/03/2023;AG001;138;Oui;;13,06;Réseaux Sociaux;Déménagement;Oui;Non;Oui;;Non Renseigné
TCK20205;08/07/2023;AG003;222;Oui;3,5;39,55;Email;Panne compteur;Non;Non;Oui;;Non Renseigné
TCK20206;26/11/2023;AG003;348;Oui;5;;Email;Déménagement;Oui;Non;Oui;8;Non Renseigné
TCK20207;28/11/2023;AG004;216;Oui;4;45,2;Réseaux Sociaux;Litige paiement;Oui;Non;Oui;;Non Renseigné
TCK20208;12/03/2023;AG006;258;Non;2;43,1;Téléphone;Résiliation;Oui;Oui;Oui;9;Non Renseigné
TCK20209;05/04/2023;AG002;336;Oui;5;33,24;Téléphone;Demande d'information;Oui;Non;Oui;;Délai de traitement
TCK20210;13/01/2023;AG003;180;Non;4;19,43;Téléphone;Changement d'offre;Non;Non;Oui;9;Non Renseigné
TCK20211;09/02/2023;AG002;498;Non;;35,39;Chat;Déménagement;Non;Non;Oui;7;Non Renseigné
TCK20212;17/09/2023;AG001;420;Oui;;46,78;Chat;Changement d'offre;Oui;Oui;Non Renseigné;7;Non Renseigné
TCK20213;03/02/2023;AG003;282;Non;;43,19;Email;Souscription contrat;Oui;Non;Oui;;Non Renseigné
TCK20214;10/10/2023;AG002;306;Oui;2,5;35,02;Téléphone;Relevé compteur;Non;Non;Oui;8;Non Renseigné
TCK20215;31/07/2023;AG008;204;Oui;2,5;54,7;Téléphone;Demande d'information;Oui;Non;Oui;;Non Renseigné
TCK20216;26/10/2023;AG001;342;Non;4;17,41;Téléphone;Relevé compteur;Oui;Non;Oui;;Non Renseigné
TCK20217;04/06/2023;AG006;36;Oui;;47,32;Téléphone;Résiliation;Non;Oui;Oui;9;Non Renseigné
TCK20218;23/09/2023;AG001;450;Oui;4,5;;Réseaux Sociaux;Litige paiement;Oui;Non;Oui;;Non Renseigné
TCK20219;18/09/2023;AG005;336;Non;;55,83;Email;Relevé compteur;Non;Non;Oui;;Non Renseigné
TCK20220;23/08/2023;AG002;378;Oui;2,5;;Email;Changement d'offre;Non;Non;Oui;8;Non Renseigné
TCK20221;23/09/2023;AG005;402;Oui;4,5;29,72;Email;Panne compteur;Oui;Non;Oui;2;Non Renseigné
TCK20222;21/06/2023;AG005;486;Oui;4,5;30,87;Téléphone;Changement d'offre;Oui;Non;Oui;8;Non Renseigné
TCK20223;22/06/2023;AG004;312;Oui;1;46,53;Chat;Panne compteur;Non;Non;Non Renseigné;5;Non Renseigné
TCK20224;17/11/2023;AG006;186;Non;3;;Chat;Demande d'information;Non;Non;Non;8;Non Renseigné
TCK20225;09/08/2023;AG006;276;Non;2;19,6;Chat;Résiliation;Non;Non;Oui;6;Non Renseigné
TCK20226;27/01/2023;AG005;324;Oui;4;54,74;Téléphone;Changement d'offre;Non;Non;Oui;;Non Renseigné
TCK20227;23/05/2023;AG008;354;Non;4;15,88;Réseaux Sociaux;Souscription contrat;Oui;Oui;Oui;;Non Renseigné
TCK20228;25/06/2023;AG007;372;Oui;3,5;18,83;Téléphone;Relevé compteur;Oui;Oui;Non;;Non Renseigné
TCK20229;21/06/2023;AG005;138;Oui;3;39,01;Téléphone;Réclamation;Oui;Oui;Oui;;Non Renseigné
TCK20230;17/01/2023;AG007;240;Non;1,5;;Réseaux Sociaux;Souscription contrat;Non;Non;Oui;;Non Renseigné
TCK20231;11/06/2023;AG002;342;Oui;4,5;43,51;Téléphone;Relevé compteur;Oui;Non;Oui;;Non Renseigné
TCK20232;19/04/2023;AG005;318;Non;4,5;;Chat;Résiliation;Oui;Non;Oui;6;Non Renseigné
TCK20233;27/08/2023;AG005;144;Oui;2,5;26,82;Téléphone;Déménagement;Non;Non;Oui;10;Non Renseigné
TCK20234;12/02/2023;AG008;198;Non;2,5;18,94;Téléphone;Changement d'offre;Non;Non;Non;5;Non Renseigné
TCK20235;16/04/2023;AG001;162;Oui;;55,1;Email;Litige paiement;Non;Non;Non Renseigné;9;Non Renseigné
TCK20236;19/05/2023;AG005;114;Oui;2;32,42;Email;Réclamation;Oui;Non;Oui;9;Non Renseigné
TCK20237;26/02/2023;AG003;210;Non;5;26,03;Chat;Souscription contrat;Non;Non;Oui;9;Non Renseigné
TCK20238;02/06/2023;AG007;390;Oui;4,5;38,29;Téléphone;Réclamation;Non;Non;Oui;;Non Renseigné
TCK20239;29/11/2023;AG006;252;Oui;4,5;;Chat;Résiliation;Non;Non;Oui;9;Facturation incorrecte
TCK20240;17/01/2023;AG006;324;Oui;4;35,67;Email;Résiliation;Non;Non;Non Renseigné;;Non Renseigné
TCK20241;23/07/2023;AG001;174;Oui;;42,53;Téléphone;Panne compteur;Oui;Non;Oui;7;Non Renseigné
TCK20242;11/12/2023;AG007;252;Non;;;Réseaux Sociaux;Litige paiement;Oui;Oui;Oui;;Non Renseigné
TCK20243;25/10/2023;AG002;372;Non;;55,06;Email;Déménagement;Non;Non;Oui;10;Non Renseigné
TCK20244;02/09/2023;AG007;264;Oui;4;40,16;Email;Réclamation;Oui;Non;Non;;Non Renseigné
TCK20245;10/08/2023;AG001;450;Non;3,5;26,28;Chat;Facturation;Non;Non;Non;7;Non Renseigné
TCK20246;27/02/2023;AG006;258;Oui;4;41,17;Réseaux Sociaux;Litige paiement;Oui;Non;Oui;9;Non Renseigné
TCK20247;13/01/2023;AG001;240;Non;2;12,82;Téléphone;Résiliation;Non;Non;Oui;0;Non Renseigné
TCK20248;19/01/2023;AG004;264;Non;2,5;26,63;Téléphone;Résiliation;Non;Non;Non;10;Non Renseigné
TCK20249;20/11/2023;AG003;228;Non;2,5;31,91;Téléphone;Demande d'information;Oui;Oui;Non;6;Non Renseigné
TCK20250;07/05/2023;AG007;192;Oui;2;44,46;Chat;Facturation;Non;Oui;Non;;Non Renseigné
TCK20251;10/11/2023;AG002;216;Non;2,5;;Téléphone;Facturation;Oui;Non;Oui;;Non Renseigné
TCK20252;18/05/2023;AG005;114;Oui;1,5;25,98;Chat;Souscription contrat;Non;Non;Non;;Non Renseigné
TCK20253;05/04/2023;AG003;276;Oui;;39,59;Chat;Facturation;Oui;Non;Non;;Non Renseigné
TCK20254;15/08/2023;AG005;360;Oui;5;45,82;Téléphone;Relevé compteur;Oui;Non;Oui;;Non Renseigné
TCK20255;24/02/2023;AG004;360;Non;4;43,47;Chat;Changement d'offre;Oui;Non;Oui;;Non Renseigné
TCK20256;03/09/2023;AG002;510;Oui;3,5;11,92;Téléphone;Changement d'offre;Non;Non;Oui;5;Non Renseigné
TCK20257;24/07/2023;AG006;234;Oui;2,5;41,07;Réseaux Sociaux;Déménagement;Oui;Non;Non;5;Non Renseigné
TCK20258;04/08/2023;AG006;270;Oui;;27,88;Téléphone;Relevé compteur;Non;Non;Oui;6;Non Renseigné
TCK20259;06/06/2023;AG006;438;Oui;1,5;23,87;Chat;Résiliation;Oui;Non;Oui;9;Non Renseigné
TCK20260;03/03/2023;AG008;420;Non;3,5;53,55;Email;Souscription contrat;Non;Oui;Oui;;Non Renseigné
TCK20261;30/10/2023;AG008;378;Non;1;27,12;Téléphone;Facturation;Non;Non;Oui;5;Non Renseigné
TCK20262;30/10/2023;AG006;306;Oui;4,5;;Email;Résiliation;Non;Non;Oui;;Non Renseigné
TCK20263;22/04/2023;AG006;432;Non;;54,14;Email;Panne compteur;Non;Non;Oui;;Non Renseigné
TCK20264;14/07/2023;AG004;462;Non;3,5;38,89;Chat;Réclamation;Non;Non;Oui;;Non Renseigné
TCK20265;25/02/2023;AG008;570;Non;;47,47;Email;Facturation;Non;Non;Oui;5;Non Renseigné
TCK20266;24/06/2023;AG001;522;Non;;34,12;Téléphone;Litige paiement;Non;Non;Oui;10;Non Renseigné
TCK20267;13/02/2023;AG007;336;Non;4;14,68;Téléphone;Réclamation;Oui;Non;Oui;7;Non Renseigné
TCK20268;11/08/2023;AG002;354;Non;5;25,59;Téléphone;Relevé compteur;Oui;Non;Oui;7;Non Renseigné
TCK20269;05/09/2023;AG004;360;Non;3;25,31;Réseaux Sociaux;Facturation;Non;Non;Non;7;Non Renseigné
TCK20270;25/02/2023;AG008;234;Oui;2,5;39,65;Réseaux Sociaux;Déménagement;Non;Oui;Oui;6;Non Renseigné
TCK20271;15/02/2023;AG007;330;Non;2;56,8;Téléphone;Relevé compteur;Non;Non;Non;;Facturation incorrecte
TCK20272;17/07/2023;AG005;180;Non;0,5;44,48;Téléphone;Déménagement;Non;Non;Oui;5;Non Renseigné
TCK20273;01/01/2023;AG005;456;Non;2;27,2;Email;Litige paiement;Oui;Oui;Oui;;Non Renseigné
TCK20274;25/05/2023;AG006;348;Non;4,5;;Chat;Panne compteur;Oui;Oui;Non Renseigné;;Non Renseigné
TCK20275;29/07/2023;AG001;408;Non;5;27,76;Téléphone;Souscription contrat;Non;Oui;Oui;;Non Renseigné
TCK20276;21/04/2023;AG005;438;Non;2,5;36,87;Chat;Déménagement;Oui;Non;Oui;9;Non Renseigné
TCK20277;20/09/2023;AG007;306;Oui;4;52,04;Chat;Résiliation;Non;Non;Oui;9;Non Renseigné
TCK20278;25/08/2023;AG002;258;Non;3,5;21,85;Téléphone;Demande d'information;Oui;Non;Oui;;Non Renseigné
TCK20279;18/10/2023;AG006;234;Oui;3;32,36;Réseaux Sociaux;Résiliation;Oui;Non;Oui;10;Non Renseigné
TCK20280;18/11/2023;AG005;300;Oui;3,5;37,7;Téléphone;Réclamation;Non;Oui;Non;7;Facturation incorrecte
TCK20281;02/07/2023;AG005;264;Oui;;;Réseaux Sociaux;Changement d'offre;Non;Oui;Non;;Non Renseigné
TCK20282;17/01/2023;AG005;312;Oui;2;16,99;Réseaux Sociaux;Changement d'offre;Oui;Non;Oui;8;Non Renseigné
TCK20283;29/04/2023;AG001;294;Non;5;14,81;Téléphone;Changement d'offre;Oui;Oui;Oui;8;Non Renseigné
TCK20284;20/02/2023;AG005;348;Oui;;37,12;Chat;Relevé compteur;Oui;Non;Oui;;Non Renseigné
TCK20285;20/09/2023;AG003;258;Oui;2;36,37;Chat;Panne compteur;Non;Non;Oui;8;Non Renseigné
TCK20286;17/02/2023;AG005;348;Non;5;20,43;Email;Déménagement;Oui;Non;Non Renseigné;7;Non Renseigné
TCK20287;22/12/2023;AG001;294;Oui;;43,26;Chat;Demande d'information;Non;Non;Oui;8;Non Renseigné
TCK20288;06/05/2023;AG005;288;Non;4,5;;Chat;Litige paiement;Non;Non;Oui;7;Non Renseigné
TCK20289;26/01/2023;AG007;192;Oui;5;18,2;Téléphone;Résiliation;Oui;Non;Oui;4;Facturation incorrecte
TCK20290;06/09/2023;AG008;174;Non;5;33,17;Téléphone;Changement d'offre;Oui;Non;Non;5;Non Renseigné
TCK20291;23/03/2023;AG002;384;Non;;39,97;Téléphone;Souscription contrat;Non;Oui;Non;;Non Renseigné
TCK20292;12/12/2023;AG002;330;Oui;;;Email;Litige paiement;Non;Non;Non Renseigné;;Non Renseigné
TCK20293;13/03/2023;AG006;192;Non;4;25,13;Réseaux Sociaux;Réclamation;Oui;Non;Non;;Non Renseigné
TCK20294;20/08/2023;AG003;168;Oui;4,5;44,41;Réseaux Sociaux;Souscription contrat;Oui;Non;Oui;;Délai de traitement
TCK20295;15/03/2023;AG001;318;Non;5;16,41;Chat;Demande d'information;Oui;Non;Oui;7;Non Renseigné
TCK20296;03/09/2023;AG003;102;Oui;2,5;47,42;Email;Déménagement;Oui;Oui;Non;7;Facturation incorrecte
TCK20297;05/04/2023;AG008;222;Non;2;23,1;Chat;Litige paiement;Oui;Non;Oui;8;Non Renseigné
TCK20298;27/12/2023;AG003;318;Non;2;14,39;Chat;Souscription contrat;Oui;Oui;Oui;;Délai de traitement
TCK20299;21/12/2023;AG006;138;Oui;4;29,58;Réseaux Sociaux;Déménagement;Non;Oui;Oui;;Non Renseigné
TCK20300;09/10/2023;AG008;372;Oui;2,5;41,24;Réseaux Sociaux;Changement d'offre;Oui;Non;Oui;7;Non Renseigné
TCK20301;02/11/2023;AG004;408;Oui;;24,13;Téléphone;Réclamation;Oui;Non;Oui;9;Non Renseigné
TCK20302;18/03/2023;AG008;180;Non;;45,95;Chat;Panne compteur;Non;Non;Oui;9;Non Renseigné
TCK20303;02/12/2023;AG004;240;Non;;35,19;Téléphone;Changement d'offre;Non;Non;Non;6;Non Renseigné
TCK20304;08/09/2023;AG005;162;Non;;26,22;Chat;Déménagement;Oui;Non;Oui;;Facturation incorrecte
TCK20305;23/07/2023;AG003;360;Oui;3;26,71;Chat;Déménagement;Oui;Non;Oui;8;Non Renseigné
TCK20306;13/09/2023;AG006;276;Non;4;35,91;Réseaux Sociaux;Litige paiement;Non;Non;Oui;9;Non Renseigné
TCK20307;09/06/2023;AG008;270;Non;4;32,78;Réseaux Sociaux;Changement d'offre;Oui;Non;Oui;;Non Renseigné
TCK20308;26/08/2023;AG007;36;Oui;1;56,21;Téléphone;Demande d'information;Non;Non;Non;9;Non Renseigné
TCK20309;26/03/2023;AG007;252;Oui;4,5;11,22;Téléphone;Litige paiement;Oui;Non;Oui;;Non Renseigné
TCK20310;18/11/2023;AG007;414;Non;;20,97;Téléphone;Demande d'information;Oui;Non;Oui;9;Non Renseigné
TCK20311;19/11/2023;AG003;510;Oui;3;31,44;Téléphone;Souscription contrat;Non;Non;Oui;;Non Renseigné
TCK20312;15/07/2023;AG003;408;Non;4;10,04;Chat;Litige paiement;Non;Non;Non;8;Non Renseigné
TCK20313;11/12/2023;AG006;366;Oui;;56,84;Téléphone;Demande d'information;Non;Non;Non Renseigné;9;Non Renseigné
TCK20314;20/10/2023;AG002;216;Non;3,5;23,17;Téléphone;Demande d'information;Non;Oui;Oui;8;Non Renseigné
TCK20315;04/01/2023;AG001;204;Oui;4,5;11,89;Téléphone;Changement d'offre;Non;Non;Oui;;Non Renseigné
TCK20316;05/08/2023;AG001;192;Oui;5;15,35;Téléphone;Demande d'information;Oui;Non;Non Renseigné;;Non Renseigné
TCK20317;22/02/2023;AG008;234;Oui;;45,97;Réseaux Sociaux;Demande d'information;Non;Non;Oui;;Non Renseigné
TCK20318;15/02/2023;AG001;222;Oui;5;11,05;Téléphone;Litige paiement;Non;Non;Non;8;Non Renseigné
TCK20319;27/08/2023;AG008;342;Non;1,5;21,15;Téléphone;Demande d'information;Oui;Non;Oui;;Non Renseigné
TCK20320;02/01/2023;AG008;108;Oui;2,5;;Réseaux Sociaux;Panne compteur;Non;Non;Oui;;Non Renseigné
TCK20321;05/10/2023;AG005;228;Oui;;35,8;Chat;Déménagement;Oui;Non;Oui;4;Non Renseigné
TCK20322;14/11/2023;AG003;288;Non;;27,72;Chat;Relevé compteur;Oui;Non;Oui;10;Non Renseigné
TCK20323;06/08/2023;AG002;366;Oui;5;29,06;Téléphone;Souscription contrat;Oui;Non;Non;;Non Renseigné
TCK20324;16/07/2023;AG002;438;Oui;2;32,58;Téléphone;Réclamation;Non;Non;Non;7;Non Renseigné
TCK20325;18/10/2023;AG005;204;Oui;3,5;52,84;Réseaux Sociaux;Litige paiement;Non;Non;Oui;;Non Renseigné
TCK20326;27/12/2023;AG002;252;Oui;3,5;38,03;Chat;Souscription contrat;Non;Non;Oui;5;Non Renseigné
TCK20327;07/01/2023;AG008;318;Oui;4,5;14,75;Réseaux Sociaux;Résiliation;Non;Non;Oui;;Non Renseigné
TCK20328;05/02/2023;AG004;228;Non;1,5;20,31;Email;Souscription contrat;Oui;Non;Oui;;Non Renseigné
TCK20329;27/02/2023;AG008;126;Oui;;53,83;Chat;Déménagement;Oui;Non;Non;8;Non Renseigné
TCK20330;24/06/2023;AG001;252;Oui;;40,28;Chat;Souscription contrat;Non;Non;Oui;6;Non Renseigné
TCK20331;01/12/2023;AG004;138;Oui;4,5;44,59;Chat;Facturation;Non;Non;Non;;Non Renseigné
TCK20332;29/03/2023;AG006;372;Oui;3,5;38,42;Téléphone;Panne compteur;Non;Non;Oui;5;Non Renseigné
TCK20333;21/03/2023;AG008;240;Oui;4;31,98;Email;Panne compteur;Oui;Non;Oui;9;Non Renseigné
TCK20334;12/03/2023;AG002;264;Non;4,5;51,04;Réseaux Sociaux;Relevé compteur;Oui;Non;Oui;7;Non Renseigné
TCK20335;22/10/2023;AG003;192;Oui;3,5;40,73;Téléphone;Panne compteur;Oui;Non;Oui;10;Non Renseigné
TCK20336;24/10/2023;AG006;270;Oui;;15,92;Téléphone;Réclamation;Oui;Non;Oui;8;Non Renseigné
TCK20337;14/03/2023;AG006;408;Oui;3;10,68;Téléphone;Réclamation;Non;Non;Non;;Non Renseigné
TCK20338;04/07/2023;AG007;384;Non;4,5;49,51;Réseaux Sociaux;Demande d'information;Oui;Non;Oui;;Non Renseigné
TCK20339;08/06/2023;AG002;156;Oui;3;24,79;Téléphone;Litige paiement;Non;Non;Oui;10;Non Renseigné
TCK20340;13/01/2023;AG005;24;Non;2;30,53;Email;Panne compteur;Non;Non;Oui;;Non Renseigné
TCK20341;13/09/2023;AG006;252;Oui;4,5;21,57;Réseaux Sociaux;Souscription contrat;Non;Non;Non Renseigné;6;Non Renseigné
TCK20342;26/03/2023;AG006;240;Oui;;12,77;Chat;Panne compteur;Non;Non;Oui;;Non Renseigné
TCK20343;16/03/2023;AG001;234;Non;2;19,91;Email;Changement d'offre;Oui;Non;Oui;6;Non Renseigné
TCK20344;06/11/2023;AG008;210;Non;;27,89;Téléphone;Litige paiement;Oui;Non;Oui;8;Non Renseigné
TCK20345;07/10/2023;AG003;150;Non;1,5;10,42;Téléphone;Réclamation;Oui;Non;Oui;8;Non Renseigné
TCK20346;28/12/2023;AG002;516;Oui;2,5;42,69;Téléphone;Réclamation;Non;Non;Oui;5;Non Renseigné
TCK20347;25/11/2023;AG001;474;Non;3,5;29,35;Chat;Demande d'information;Non;Non;Oui;;Non Renseigné
TCK20348;02/11/2023;AG008;228;Non;3,5;12,7;Téléphone;Résiliation;Non;Non;Oui;;Non Renseigné
TCK20349;17/01/2023;AG001;282;Oui;5;32,86;Réseaux Sociaux;Résiliation;Oui;Non;Oui;7;Non Renseigné
TCK20350;02/12/2023;AG008;378;Non;4,5;15,23;Téléphone;Facturation;Non;Oui;Oui;3;Non Renseigné
TCK20351;04/10/2023;AG007;282;Oui;1;51,13;Téléphone;Déménagement;Non;Non;Oui;;Non Renseigné
TCK20352;20/01/2023;AG008;216;Non;5;;Email;Litige paiement;Non;Oui;Non Renseigné;9;Non Renseigné
TCK20353;24/02/2023;AG007;132;Non;;25,83;Téléphone;Facturation;Oui;Non;Oui;6;Non Renseigné
TCK20354;31/01/2023;AG002;150;Non;4;35,18;Réseaux Sociaux;Demande d'information;Oui;Oui;Oui;;Non Renseigné
TCK20355;28/06/2023;AG008;234;Oui;;50,08;Email;Litige paiement;Oui;Non;Oui;;Non Renseigné
TCK20356;07/10/2023;AG005;222;Oui;;52,44;Téléphone;Souscription contrat;Oui;Oui;Non;7;Non Renseigné
TCK20357;31/08/2023;AG003;42;Oui;1;45,3;Téléphone;Facturation;Non;Non;Oui;8;Non Renseigné
TCK20358;13/01/2023;AG006;84;Oui;4,5;54,25;Email;Demande d'information;Non;Non;Oui;8;Non Renseigné
TCK20359;21/07/2023;AG006;264;Oui;3,5;;Téléphone;Panne compteur;Oui;Non;Non;1;Non Renseigné
TCK20360;26/04/2023;AG006;114;Oui;;23,46;Chat;Relevé compteur;Non;Non;Oui;6;Facturation incorrecte
TCK20361;04/09/2023;AG007;312;Oui;5;50,16;Chat;Demande d'information;Oui;Non;Non;;Non Renseigné
TCK20362;04/07/2023;AG007;300;Oui;1,5;29,74;Réseaux Sociaux;Litige paiement;Oui;Non;Oui;;Délai de traitement
TCK20363;23/07/2023;AG001;228;Non;;34,61;Réseaux Sociaux;Résiliation;Oui;Oui;Oui;;Non Renseigné
TCK20364;17/10/2023;AG006;246;Non;1;36,87;Chat;Réclamation;Non;Non;Oui;;Non Renseigné
TCK20365;24/11/2023;AG008;372;Oui;1;12,46;Téléphone;Facturation;Non;Non;Oui;8;Non Renseigné
TCK20366;25/04/2023;AG007;186;Oui;5;15,69;Téléphone;Changement d'offre;Non;Non;Oui;6;Non Renseigné
TCK20367;30/01/2023;AG005;306;Non;3;30,55;Réseaux Sociaux;Litige paiement;Oui;Non;Oui;8;Non Renseigné
TCK20368;20/08/2023;AG007;414;Non;2,5;18,92;Téléphone;Panne compteur;Oui;Non;Oui;9;Non Renseigné
TCK20369;01/11/2023;AG005;372;Oui;;13,98;Email;Souscription contrat;Oui;Non;Oui;10;Non Renseigné
TCK20370;26/08/2023;AG006;204;Non;;;Téléphone;Souscription contrat;Oui;Non;Oui;4;Non Renseigné
TCK20371;06/09/2023;AG006;324;Non;3,5;51,09;Téléphone;Résiliation;Non;Oui;Oui;8;Non Renseigné
TCK20372;21/05/2023;AG002;324;Oui;1,5;26,86;Chat;Panne compteur;Oui;Non;Oui;0;Non Renseigné
TCK20373;24/04/2023;AG003;420;Oui;2;;Téléphone;Changement d'offre;Oui;Non;Non;;Non Renseigné
TCK20374;13/11/2023;AG008;210;Oui;4;35,49;Téléphone;Litige paiement;Non;Non;Oui;;Non Renseigné
TCK20375;02/08/2023;AG003;234;Non;3;39,26;Téléphone;Panne compteur;Oui;Oui;Oui;;Non Renseigné
TCK20376;30/05/2023;AG001;228;Oui;4,5;;Email;Souscription contrat;Oui;Non;Oui;;Non Renseigné
TCK20377;05/01/2023;AG007;30;Oui;;28,18;Réseaux Sociaux;Facturation;Oui;Non;Non;;Non Renseigné
TCK20378;09/03/2023;AG002;354;Non;4,5;18,2;Téléphone;Facturation;Oui;Oui;Oui;;Non Renseigné
TCK20379;07/10/2023;AG002;300;Non;;29,07;Téléphone;Facturation;Non;Non;Oui;9;Non Renseigné
TCK20380;26/02/2023;AG005;306;Oui;2,5;46,44;Réseaux Sociaux;Résiliation;Non;Non;Oui;10;Non Renseigné
TCK20381;11/03/2023;AG006;162;Oui;3;56,6;Téléphone;Panne compteur;Non;Oui;Non;7;Non Renseigné
TCK20382;01/11/2023;AG007;288;Oui;;12,86;Email;Panne compteur;Non;Non;Non;10;Non Renseigné
TCK20383;27/08/2023;AG006;198;Oui;2;54,69;Email;Réclamation;Non;Non;Oui;7;Délai de traitement
TCK20384;02/04/2023;AG004;492;Oui;5;51,58;Réseaux Sociaux;Changement d'offre;Oui;Non;Non Renseigné;6;Non Renseigné
TCK20385;20/12/2023;AG004;306;Oui;1,5;17,52;Téléphone;Relevé compteur;Non;Non;Oui;8;Non Renseigné
TCK20386;27/03/2023;AG003;186;Oui;4,5;33,42;Email;Déménagement;Oui;Oui;Non;9;Non Renseigné
TCK20387;24/10/2023;AG007;228;Non;4,5;39,92;Email;Déménagement;Non;Oui;Oui;;Non Renseigné
TCK20388;30/11/2023;AG005;264;Oui;;54,76;Chat;Changement d'offre;Oui;Non;Oui;4;Non Renseigné
TCK20389;14/06/2023;AG005;222;Oui;2;59,13;Téléphone;Résiliation;Non;Oui;Oui;9;Non Renseigné
TCK20390;22/11/2023;AG003;156;Oui;2;55,29;Email;Changement d'offre;Non;Non;Oui;10;Non Renseigné
TCK20391;13/09/2023;AG005;318;Oui;4;35,81;Chat;Demande d'information;Oui;Non;Oui;;Non Renseigné
TCK20392;21/02/2023;AG005;360;Non;4;45,46;Téléphone;Réclamation;Oui;Non;Oui;3;Comportement agent
TCK20393;11/03/2023;AG004;366;Oui;4;20,02;Chat;Relevé compteur;Non;Non;Oui;;Non Renseigné
TCK20394;01/08/2023;AG006;342;Non;4;20,99;Email;Facturation;Non;Non;Oui;7;Non Renseigné
TCK20395;27/08/2023;AG007;162;Oui;2,5;31,93;Réseaux Sociaux;Changement d'offre;Oui;Oui;Oui;;Non Renseigné
TCK20396;28/09/2023;AG002;342;Non;1,5;32,66;Téléphone;Réclamation;Non;Non;Oui;;Facturation incorrecte
TCK20397;22/06/2023;AG001;342;Oui;4;49,61;Réseaux Sociaux;Demande d'information;Oui;Non;Oui;;Non Renseigné
TCK20398;03/03/2023;AG006;318;Oui;;21,42;Téléphone;Facturation;Oui;Non;Non;0;Non Renseigné
TCK20399;07/09/2023;AG004;378;Non;5;23,7;Téléphone;Réclamation;Non;Non;Oui;0;Non Renseigné
TCK20400;30/03/2023;AG007;192;Non;;23,66;Réseaux Sociaux;Résiliation;Oui;Oui;Oui;9;Non Renseigné
TCK20401;02/11/2023;AG008;234;Oui;3,5;20,48;Email;Relevé compteur;Oui;Oui;Oui;;Non Renseigné
TCK20402;15/07/2023;AG002;366;Oui;2;15,22;Téléphone;Panne compteur;Non;Non;Oui;10;Non Renseigné
TCK20403;10/06/2023;AG005;258;Oui;4;46,01;Email;Litige paiement;Oui;Non;Oui;;Non Renseigné
TCK20404;24/03/2023;AG005;204;Oui;2;56,13;Téléphone;Litige paiement;Non;Non;Non;;Non Renseigné
TCK20405;30/11/2023;AG005;300;Non;0,5;38,42;Téléphone;Déménagement;Non;Oui;Non;9;Non Renseigné
TCK20406;24/05/2023;AG006;408;Non;;;Chat;Changement d'offre;Non;Non;Oui;;Non Renseigné
TCK20407;21/04/2023;AG004;198;Oui;3,5;22,87;Téléphone;Facturation;Non;Non;Oui;5;Non Renseigné
TCK20408;04/04/2023;AG006;264;Non;4,5;51,97;Email;Panne compteur;Non;Non;Oui;;Non Renseigné
TCK20409;17/01/2023;AG002;276;Non;2,5;32,41;Réseaux Sociaux;Demande d'information;Oui;Non;Oui;7;Non Renseigné
TCK20410;31/05/2023;AG003;138;Oui;4;43,85;Chat;Résiliation;Non;Non;Oui;4;Non Renseigné
TCK20411;17/12/2023;AG004;336;Oui;2,5;48,61;Téléphone;Facturation;Oui;Non;Oui;;Non Renseigné
TCK20412;10/08/2023;AG003;522;Non;4;32,82;Email;Panne compteur;Non;Oui;Oui;;Facturation incorrecte
TCK20413;04/08/2023;AG008;210;Oui;5;54,7;Chat;Panne compteur;Oui;Non;Oui;3;Non Renseigné
TCK20414;01/07/2023;AG001;402;Non;4,5;50,07;Email;Litige paiement;Oui;Non;Oui;10;Non Renseigné
TCK20415;10/02/2023;AG007;270;Oui;1,5;30,53;Téléphone;Panne compteur;Oui;Non;Oui;8;Non Renseigné
TCK20416;18/07/2023;AG003;216;Oui;4;51,31;Téléphone;Résiliation;Non;Non;Oui;6;Non Renseigné
TCK20417;29/03/2023;AG003;120;Oui;4;21,38;Téléphone;Résiliation;Oui;Non;Oui;;Délai de traitement
TCK20418;10/02/2023;AG005;420;Oui;4;27,67;Email;Facturation;Oui;Non;Oui;;Non Renseigné
TCK20419;19/08/2023;AG008;282;Non;1,5;42,11;Réseaux Sociaux;Demande d'information;Oui;Non;Oui;;Non Renseigné
TCK20420;24/04/2023;AG004;222;Non;4;49,72;Réseaux Sociaux;Litige paiement;Non;Non;Oui;3;Non Renseigné
TCK20421;22/06/2023;AG001;240;Non;4;14,95;Réseaux Sociaux;Déménagement;Oui;Oui;Non Renseigné;9;Délai de traitement
TCK20422;04/08/2023;AG007;342;Oui;;27,32;Réseaux Sociaux;Réclamation;Non;Non;Oui;4;Non Renseigné
TCK20423;08/01/2023;AG005;222;Non;4,5;58,65;Email;Demande d'information;Non;Oui;Oui;;Non Renseigné
TCK20424;20/09/2023;AG008;168;Oui;3,5;45,38;Téléphone;Déménagement;Non;Non;Oui;9;Non Renseigné
TCK20425;17/09/2023;AG004;258;Oui;1;11,56;Réseaux Sociaux;Déménagement;Non;Oui;Oui;10;Non Renseigné
TCK20426;05/07/2023;AG008;252;Non;2,5;;Téléphone;Relevé compteur;Non;Non;Oui;9;Non Renseigné
TCK20427;14/02/2023;AG006;252;Non;4,5;58,01;Téléphone;Relevé compteur;Non;Non;Oui;9;Non Renseigné
TCK20428;12/02/2023;AG008;378;Oui;3;29,88;Réseaux Sociaux;Relevé compteur;Non;Non;Oui;;Non Renseigné
TCK20429;09/07/2023;AG002;336;Oui;;26,82;Réseaux Sociaux;Demande d'information;Oui;Non;Oui;9;Non Renseigné
TCK20430;09/05/2023;AG004;258;Non;2,5;37,59;Email;Réclamation;Oui;Non;Oui;8;Non Renseigné
TCK20431;31/08/2023;AG005;96;Oui;5;41,59;Chat;Changement d'offre;Oui;Non;Oui;8;Non Renseigné
TCK20432;14/03/2023;AG002;270;Oui;2,5;26,67;Téléphone;Litige paiement;Non;Oui;Oui;8;Non Renseigné
TCK20433;08/09/2023;AG008;234;Oui;;32,46;Email;Panne compteur;Oui;Oui;Oui;8;Non Renseigné
TCK20434;06/12/2023;AG007;84;Oui;4,5;30,74;Email;Litige paiement;Non;Non;Oui;2;Non Renseigné
TCK20435;26/03/2023;AG006;474;Non;4,5;46,64;Email;Réclamation;Oui;Oui;Oui;;Non Renseigné
TCK20436;14/11/2023;AG008;366;Non;2;22,5;Téléphone;Relevé compteur;Non;Non;Non;4;Comportement agent
TCK20437;14/08/2023;AG008;324;Non;;;Téléphone;Réclamation;Non;Non;Non;;Non Renseigné
TCK20438;27/12/2023;AG001;420;Oui;;28,49;Téléphone;Résiliation;Oui;Non;Oui;;Facturation incorrecte
TCK20439;06/09/2023;AG004;462;Non;;34,3;Téléphone;Relevé compteur;Non;Non;Non;5;Délai de traitement
TCK20440;17/05/2023;AG008;180;Oui;4,5;20,69;Téléphone;Changement d'offre;Oui;Non;Oui;9;Non Renseigné
TCK20441;02/07/2023;AG008;222;Oui;2,5;15,28;Téléphone;Changement d'offre;Oui;Non;Oui;;Non Renseigné
TCK20442;01/04/2023;AG004;390;Oui;1;57,53;Email;Souscription contrat;Non;Non;Non Renseigné;;Non Renseigné
TCK20443;05/12/2023;AG005;408;Non;3,5;46,48;Chat;Facturation;Non;Non;Non;4;Non Renseigné
TCK20444;28/03/2023;AG001;252;Non;2;39,29;Email;Résiliation;Oui;Oui;Oui;9;Non Renseigné
TCK20445;31/12/2023;AG007;390;Oui;2,5;58,8;Téléphone;Souscription contrat;Non;Oui;Non;;Non Renseigné
TCK20446;23/07/2023;AG002;366;Non;4,5;14,15;Réseaux Sociaux;Souscription contrat;Oui;Non;Non Renseigné;8;Non Renseigné
TCK20447;04/02/2023;AG005;276;Non;1,5;19,55;Téléphone;Résiliation;Oui;Non;Non;10;Non Renseigné
TCK20448;06/05/2023;AG002;492;Non;;;Chat;Déménagement;Oui;Non;Non Renseigné;6;Non Renseigné
TCK20449;13/12/2023;AG008;114;Oui;5;50,81;Email;Changement d'offre;Non;Non;Oui;6;Non Renseigné
TCK20450;17/11/2023;AG008;132;Oui;2,5;34,74;Réseaux Sociaux;Souscription contrat;Oui;Non;Non;;Non Renseigné
TCK20451;31/05/2023;AG003;318;Oui;1,5;47,12;Email;Changement d'offre;Oui;Non;Oui;;Non Renseigné
TCK20452;22/06/2023;AG001;270;Non;4;25,26;Email;Réclamation;Oui;Non;Oui;8;Non Renseigné
TCK20453;03/08/2023;AG006;438;Oui;4;58,69;Chat;Demande d'information;Non;Oui;Oui;5;Non Renseigné
TCK20454;17/09/2023;AG007;168;Non;;24,02;Téléphone;Demande d'information;Non;Non;Oui;2;Non Renseigné
TCK20455;30/10/2023;AG004;456;Oui;4,5;46,56;Réseaux Sociaux;Facturation;Non;Non;Oui;9;Non Renseigné
TCK20456;24/03/2023;AG005;198;Oui;4,5;36,49;Chat;Résiliation;Oui;Non;Oui;9;Non Renseigné
TCK20457;21/01/2023;AG007;216;Oui;;24,5;Chat;Déménagement;Oui;Non;Non;;Non Renseigné
TCK20458;05/06/2023;AG008;174;Oui;3,5;42,75;Email;Déménagement;Non;Oui;Oui;5;Non Renseigné
TCK20459;17/12/2023;AG004;300;Non;;24,16;Réseaux Sociaux;Litige paiement;Oui;Non;Oui;;Non Renseigné
TCK20460;16/06/2023;AG004;348;Oui;3,5;40,43;Chat;Résiliation;Oui;Non;Oui;6;Comportement agent
TCK20461;09/07/2023;AG001;192;Oui;3;58,55;Email;Demande d'information;Oui;Non;Non;;Non Renseigné
TCK20462;16/08/2023;AG004;432;Oui;4,5;13,18;Réseaux Sociaux;Relevé compteur;Non;Oui;Oui;9;Non Renseigné
TCK20463;12/10/2023;AG003;156;Oui;;;Email;Réclamation;Oui;Non;Non;;Non Renseigné
TCK20464;19/11/2023;AG008;318;Oui;4,5;36,95;Réseaux Sociaux;Déménagement;Non;Non;Non;7;Non Renseigné
TCK20465;14/04/2023;AG004;258;Oui;3,5;24,39;Réseaux Sociaux;Litige paiement;Non;Non;Non;;Non Renseigné
TCK20466;20/09/2023;AG002;312;Non;;42,24;Téléphone;Panne compteur;Non;Non;Oui;2;Non Renseigné
TCK20467;22/11/2023;AG004;198;Non;4,5;28,7;Chat;Souscription contrat;Oui;Non;Oui;10;Facturation incorrecte
TCK20468;02/11/2023;AG007;324;Oui;;26,05;Email;Déménagement;Oui;Oui;Oui;;Non Renseigné
TCK20469;20/11/2023;AG007;246;Non;;22,61;Réseaux Sociaux;Changement d'offre;Non;Non;Oui;9;Non Renseigné
TCK20470;26/12/2023;AG008;408;Oui;2;15,16;Chat;Déménagement;Non;Non;Oui;5;Non Renseigné
TCK20471;22/04/2023;AG001;282;Oui;4,5;;Réseaux Sociaux;Souscription contrat;Oui;Oui;Oui;7;Non Renseigné
TCK20472;12/10/2023;AG008;330;Non;4;29,25;Chat;Déménagement;Oui;Non;Non;5;Non Renseigné
TCK20473;04/06/2023;AG001;180;Non;4;30,11;Chat;Changement d'offre;Non;Non;Oui;;Non Renseigné
TCK20474;05/12/2023;AG006;246;Oui;3;34,05;Chat;Résiliation;Oui;Non;Non;10;Non Renseigné
TCK20475;19/09/2023;AG007;162;Non;;28,82;Chat;Demande d'information;Oui;Non;Oui;1;Non Renseigné
TCK20476;28/08/2023;AG004;216;Oui;4,5;44,28;Chat;Demande d'information;Non;Non;Non;8;Non Renseigné
TCK20477;07/09/2023;AG008;252;Oui;4,5;31,81;Email;Souscription contrat;Non;Non;Non;5;Erreur technique
TCK20478;04/05/2023;AG004;324;Oui;4,5;50,13;Chat;Facturation;Non;Non;Non;5;Non Renseigné
TCK20479;21/12/2023;AG007;216;Oui;4,5;;Chat;Panne compteur;Oui;Non;Non;;Non Renseigné
TCK20480;11/08/2023;AG002;66;Non;;41,9;Téléphone;Facturation;Oui;Non;Non;;Délai de traitement
TCK20481;07/07/2023;AG006;258;Oui;4,5;24,41;Email;Réclamation;Oui;Non;Non Renseigné;7;Non Renseigné
TCK20482;05/06/2023;AG005;354;Oui;3,5;12,02;Téléphone;Déménagement;Oui;Non;Non;;Non Renseigné
TCK20483;27/01/2023;AG004;174;Oui;4,5;14,74;Téléphone;Changement d'offre;Oui;Non;Oui;;Non Renseigné
TCK20484;07/01/2023;AG007;186;Non;2,5;22,05;Email;Litige paiement;Non;Non;Oui;5;Non Renseigné
TCK20485;08/04/2023;AG001;222;Non;4,5;56,81;Email;Panne compteur;Oui;Non;Oui;;Non Renseigné
TCK20486;25/10/2023;AG007;24;Non;;53,67;Email;Litige paiement;Oui;Oui;Oui;3;Non Renseigné
TCK20487;27/01/2023;AG004;306;Oui;3;29,75;Chat;Litige paiement;Oui;Non;Oui;7;Facturation incorrecte
TCK20488;04/02/2023;AG005;150;Oui;2,5;28,89;Réseaux Sociaux;Demande d'information;Oui;Non;Oui;9;Non Renseigné
TCK20489;27/01/2023;AG006;204;Oui;4;25,83;Chat;Relevé compteur;Non;Oui;Oui;;Non Renseigné
TCK20490;20/07/2023;AG001;144;Oui;4;38,86;Téléphone;Demande d'information;Oui;Non;Oui;;Non Renseigné
TCK20491;24/04/2023;AG006;378;Oui;5;13,29;Réseaux Sociaux;Facturation;Oui;Oui;Oui;10;Non Renseigné
TCK20492;10/07/2023;AG008;228;Non;4,5;56,85;Réseaux Sociaux;Déménagement;Non;Non;Non;7;Non Renseigné
TCK20493;18/10/2023;AG001;132;Non;3;28,86;Téléphone;Relevé compteur;Oui;Non;Oui;;Non Renseigné
TCK20494;06/02/2023;AG005;138;Non;5;16,35;Téléphone;Panne compteur;Oui;Oui;Oui;6;Non Renseigné
TCK20495;09/04/2023;AG002;360;Non;2,5;;Téléphone;Résiliation;Oui;Non;Oui;9;Facturation incorrecte
TCK20496;07/01/2023;AG004;252;Oui;;17,88;Email;Litige paiement;Non;Non;Oui;8;Délai de traitement
TCK20497;10/10/2023;AG007;234;Non;1,5;18,7;Chat;Litige paiement;Oui;Oui;Oui;5;Non Renseigné
TCK20498;25/12/2023;AG004;48;Oui;4,5;35,33;Téléphone;Panne compteur;Oui;Non;Oui;;Comportement agent
TCK20499;21/08/2023;AG002;378;Oui;;38,14;Chat;Déménagement;Oui;Non;Non;;Non Renseigné
TCK20500;09/12/2023;AG002;150;Oui;4;46,67;Téléphone;Demande d'information;Oui;Oui;Oui;;Facturation incorrecte
TCK20501;01/08/2023;AG003;156;Non;4,5;53,56;Chat;Demande d'information;Non;Non;Oui;9;Non Renseigné
TCK20502;06/08/2023;AG007;240;Oui;;37,57;Téléphone;Souscription contrat;Non;Non;Non;7;Non Renseigné
TCK20503;22/02/2023;AG007;354;Non;4;27,98;Chat;Déménagement;Oui;Non;Oui;;Non Renseigné
TCK20504;30/04/2023;AG007;294;Non;4,5;;Chat;Résiliation;Non;Oui;Oui;4;Comportement agent
TCK20505;26/06/2023;AG007;162;Oui;;36,26;Email;Changement d'offre;Oui;Non;Oui;;Non Renseigné
TCK20506;17/08/2023;AG003;246;Non;5;49,85;Téléphone;Changement d'offre;Non;Oui;Oui;5;Non Renseigné
TCK20507;27/06/2023;AG006;120;Oui;;39,52;Email;Panne compteur;Non;Non;Non;;Non Renseigné
TCK20508;28/09/2023;AG008;282;Oui;1,5;45,14;Téléphone;Changement d'offre;Non;Non;Oui;8;Non Renseigné
TCK20509;06/09/2023;AG001;174;Non;;49,64;Chat;Souscription contrat;Oui;Oui;Oui;7;Non Renseigné
TCK20510;27/10/2023;AG003;162;Oui;;45,51;Réseaux Sociaux;Résiliation;Oui;Non;Oui;;Non Renseigné
TCK20511;20/08/2023;AG001;312;Non;;43,87;Chat;Résiliation;Non;Non;Non Renseigné;1;Non Renseigné
TCK20512;15/07/2023;AG002;264;Oui;5;26,65;Chat;Panne compteur;Oui;Non;Oui;;Non Renseigné
TCK20513;04/01/2023;AG002;234;Non;5;43,47;Téléphone;Déménagement;Oui;Non;Oui;5;Délai de traitement
TCK20514;26/06/2023;AG002;318;Oui;2,5;55,66;Chat;Demande d'information;Non;Non;Non;2;Non Renseigné
TCK20515;31/03/2023;AG007;120;Non;;49,89;Téléphone;Réclamation;Non;Non;Oui;;Non Renseigné
TCK20516;13/03/2023;AG008;384;Non;2,5;;Téléphone;Déménagement;Oui;Non;Oui;;Non Renseigné
TCK20517;24/06/2023;AG001;240;Non;0,5;22,59;Chat;Demande d'information;Oui;Non;Oui;;Non Renseigné
TCK20518;19/04/2023;AG001;276;Oui;5;49,68;Email;Changement d'offre;Non;Oui;Non;9;Non Renseigné
TCK20519;31/01/2023;AG005;294;Non;5;14,28;Chat;Déménagement;Oui;Non;Oui;;Non Renseigné
TCK20520;03/12/2023;AG006;330;Oui;2;11,1;Chat;Résiliation;Non;Non;Non;5;Non Renseigné
TCK20521;27/06/2023;AG007;192;Oui;2;50,84;Téléphone;Facturation;Non;Oui;Oui;8;Non Renseigné
TCK20522;24/12/2023;AG004;408;Oui;2;44,8;Téléphone;Déménagement;Oui;Non;Oui;;Comportement agent
TCK20523;22/03/2023;AG006;102;Oui;1,5;;Réseaux Sociaux;Souscription contrat;Non;Oui;Oui;;Non Renseigné
TCK20524;12/11/2023;AG004;186;Oui;4;13,48;Chat;Litige paiement;Non;Oui;Oui;;Non Renseigné
TCK20525;02/11/2023;AG005;234;Oui;4;39,45;Téléphone;Souscription contrat;Oui;Non;Oui;9;Non Renseigné
TCK20526;21/08/2023;AG001;450;Non;0,5;35,49;Téléphone;Résiliation;Non;Non;Non Renseigné;5;Non Renseigné
TCK20527;25/11/2023;AG005;288;Non;4;31,12;Chat;Réclamation;Oui;Non;Oui;10;Non Renseigné
TCK20528;13/11/2023;AG007;234;Oui;2,5;26,78;Email;Demande d'information;Oui;Non;Oui;8;Non Renseigné
TCK20529;23/06/2023;AG003;264;Oui;4,5;58,8;Chat;Relevé compteur;Non;Non;Oui;;Non Renseigné
TCK20530;24/11/2023;AG003;228;Oui;;39,39;Chat;Relevé compteur;Oui;Oui;Oui;1;Non Renseigné
TCK20531;11/01/2023;AG003;360;Non;2,5;52,36;Chat;Demande d'information;Oui;Oui;Non;10;Non Renseigné
TCK20532;20/03/2023;AG006;234;Oui;;13,73;Réseaux Sociaux;Résiliation;Non;Non;Non Renseigné;8;Non Renseigné
TCK20533;01/09/2023;AG002;264;Oui;3,5;35,52;Téléphone;Relevé compteur;Non;Non;Oui;;Non Renseigné
TCK20534;10/02/2023;AG002;330;Oui;2,5;40,88;Téléphone;Réclamation;Non;Non;Oui;7;Non Renseigné
TCK20535;18/05/2023;AG007;318;Oui;3,5;42,22;Téléphone;Résiliation;Oui;Oui;Non;5;Non Renseigné
TCK20536;01/04/2023;AG004;198;Oui;4;45,43;Réseaux Sociaux;Litige paiement;Non;Non;Non;0;Non Renseigné
TCK20537;21/04/2023;AG006;360;Non;;20,74;Téléphone;Déménagement;Non;Non;Non Renseigné;8;Non Renseigné
TCK20538;15/10/2023;AG007;216;Non;;30,92;Téléphone;Déménagement;Non;Non;Non Renseigné;;Non Renseigné
TCK20539;18/11/2023;AG005;162;Oui;;35,43;Réseaux Sociaux;Panne compteur;Non;Non;Oui;;Non Renseigné
TCK20540;29/05/2023;AG002;78;Oui;4,5;11,46;Téléphone;Relevé compteur;Non;Non;Non;7;Non Renseigné
TCK20541;31/08/2023;AG001;252;Non;;40,26;Réseaux Sociaux;Relevé compteur;Non;Non;Non Renseigné;10;Non Renseigné
TCK20542;19/04/2023;AG002;102;Oui;;;Réseaux Sociaux;Demande d'information;Oui;Non;Oui;7;Non Renseigné
TCK20543;26/07/2023;AG006;180;Oui;2,5;53,35;Réseaux Sociaux;Changement d'offre;Oui;Non;Non Renseigné;;Non Renseigné
TCK20544;25/08/2023;AG006;336;Oui;4,5;34,75;Téléphone;Demande d'information;Non;Non;Oui;;Non Renseigné
TCK20545;11/05/2023;AG003;318;Non;4,5;16,55;Email;Panne compteur;Non;Non;Non;5;Non Renseigné
TCK20546;26/11/2023;AG001;162;Oui;1;;Chat;Facturation;Oui;Non;Non;5;Non Renseigné
TCK20547;31/01/2023;AG006;342;Oui;5;32,06;Réseaux Sociaux;Réclamation;Non;Non;Oui;;Non Renseigné
TCK20548;04/04/2023;AG003;258;Non;3;47,22;Email;Déménagement;Non;Non;Oui;5;Non Renseigné
TCK20549;06/03/2023;AG005;390;Oui;2,5;40,97;Chat;Souscription contrat;Oui;Non;Non;;Non Renseigné
TCK20550;24/07/2023;AG006;240;Non;;49,29;Téléphone;Souscription contrat;Oui;Non;Oui;6;Non Renseigné
TCK20551;16/07/2023;AG007;414;Oui;;33,12;Téléphone;Facturation;Non;Oui;Oui;9;Non Renseigné
TCK20552;07/11/2023;AG007;270;Non;;33,13;Chat;Déménagement;Oui;Oui;Oui;5;Non Renseigné
TCK20553;10/12/2023;AG006;348;Non;4,5;;Réseaux Sociaux;Facturation;Oui;Non;Oui;;Non Renseigné
TCK20554;03/04/2023;AG006;330;Non;4,5;;Téléphone;Demande d'information;Non;Non;Oui;;Non Renseigné
TCK20555;15/07/2023;AG007;324;Oui;3,5;37,72;Email;Résiliation;Oui;Non;Oui;9;Non Renseigné
TCK20556;04/10/2023;AG005;258;Non;5;58,4;Chat;Réclamation;Non;Oui;Non;;Non Renseigné
TCK20557;01/12/2023;AG005;126;Oui;2,5;47,65;Chat;Résiliation;Non;Non;Oui;9;Non Renseigné
TCK20558;11/04/2023;AG006;504;Oui;4;51,5;Téléphone;Souscription contrat;Non;Oui;Oui;8;Non Renseigné
TCK20559;06/04/2023;AG008;222;Oui;5;12,46;Réseaux Sociaux;Demande d'information;Non;Non;Oui;4;Non Renseigné
TCK20560;09/12/2023;AG008;288;Oui;2;;Réseaux Sociaux;Réclamation;Oui;Oui;Non;;Non Renseigné
TCK20561;24/05/2023;AG001;396;Non;;19,87;Téléphone;Changement d'offre;Oui;Oui;Oui;;Délai de traitement
TCK20562;30/11/2023;AG005;144;Oui;2,5;;Chat;Souscription contrat;Non;Non;Oui;;Facturation incorrecte
TCK20563;27/03/2023;AG008;168;Non;3,5;36,54;Chat;Demande d'information;Oui;Non;Oui;;Non Renseigné
TCK20564;10/08/2023;AG008;240;Oui;5;21,67;Réseaux Sociaux;Déménagement;Non;Non;Oui;;Non Renseigné
TCK20565;09/03/2023;AG008;294;Oui;5;32,67;Téléphone;Souscription contrat;Oui;Non;Oui;9;Non Renseigné
TCK20566;03/03/2023;AG007;444;Oui;4,5;32,37;Téléphone;Demande d'information;Oui;Non;Oui;6;Non Renseigné
TCK20567;22/01/2023;AG004;282;Oui;;49,49;Email;Relevé compteur;Oui;Non;Oui;6;Non Renseigné
TCK20568;17/10/2023;AG006;174;Non;;17,82;Téléphone;Relevé compteur;Non;Oui;Non Renseigné;;Non Renseigné
TCK20569;22/06/2023;AG008;300;Oui;;31,85;Téléphone;Relevé compteur;Oui;Non;Non;4;Non Renseigné
TCK20570;05/09/2023;AG002;426;Oui;3;39,04;Email;Résiliation;Oui;Non;Non;;Non Renseigné
TCK20571;13/03/2023;AG003;204;Oui;3;;Email;Résiliation;Oui;Non;Oui;10;Non Renseigné
TCK20572;04/02/2023;AG002;144;Oui;2,5;21,34;Téléphone;Changement d'offre;Non;Non;Oui;9;Non Renseigné
TCK20573;10/10/2023;AG008;228;Non;;38,78;Email;Relevé compteur;Oui;Non;Oui;;Non Renseigné
TCK20574;28/07/2023;AG006;324;Oui;5;18,53;Réseaux Sociaux;Demande d'information;Non;Non;Oui;;Non Renseigné
TCK20575;03/02/2023;AG005;18;Oui;;43,15;Téléphone;Déménagement;Non;Oui;Oui;4;Non Renseigné
TCK20576;03/01/2023;AG005;222;Non;1,5;34,58;Chat;Panne compteur;Oui;Non;Oui;5;Non Renseigné
TCK20577;10/04/2023;AG001;342;Oui;;58,78;Chat;Déménagement;Oui;Oui;Oui;;Non Renseigné
TCK20578;30/10/2023;AG003;372;Oui;5;;Téléphone;Réclamation;Oui;Non;Oui;5;Non Renseigné
TCK20579;20/04/2023;AG007;84;Non;2;14,51;Chat;Panne compteur;Non;Non;Oui;9;Comportement agent
TCK20580;13/06/2023;AG008;186;Oui;3,5;57,96;Email;Souscription contrat;Non;Non;Oui;;Non Renseigné
TCK20581;01/10/2023;AG004;294;Oui;;45,78;Réseaux Sociaux;Litige paiement;Oui;Non;Oui;;Non Renseigné
TCK20582;30/07/2023;AG005;342;Non;3,5;39,49;Téléphone;Facturation;Oui;Non;Non;;Facturation incorrecte
TCK20583;24/09/2023;AG006;372;Oui;2,5;32,5;Téléphone;Facturation;Oui;Non;Oui;;Non Renseigné
TCK20584;22/06/2023;AG007;354;Oui;4,5;39,17;Chat;Facturation;Oui;Non;Oui;7;Non Renseigné
TCK20585;11/09/2023;AG007;270;Non;4,5;36,92;Téléphone;Souscription contrat;Non;Non;Oui;;Non Renseigné
TCK20586;18/12/2023;AG008;114;Oui;;10,19;Téléphone;Résiliation;Oui;Non;Non;8;Non Renseigné
TCK20587;28/11/2023;AG005;246;Non;0,5;22,08;Téléphone;Souscription contrat;Non;Non;Oui;;Non Renseigné
TCK20588;30/03/2023;AG005;12;Oui;2;32,42;Chat;Réclamation;Oui;Non;Oui;8;Non Renseigné
TCK20589;16/10/2023;AG007;288;Non;;59,03;Téléphone;Panne compteur;Non;Non;Oui;7;Non Renseigné
TCK20590;01/02/2023;AG005;198;Oui;2,5;16,68;Téléphone;Résiliation;Oui;Non;Oui;9;Non Renseigné
TCK20591;24/02/2023;AG007;48;Non;3,5;12,4;Téléphone;Souscription contrat;Oui;Non;Oui;8;Non Renseigné
TCK20592;06/02/2023;AG002;312;Oui;4;48,04;Chat;Réclamation;Oui;Oui;Oui;;Non Renseigné
TCK20593;25/08/2023;AG003;426;Oui;;17,49;Email;Relevé compteur;Non;Oui;Non Renseigné;0;Non Renseigné
TCK20594;20/05/2023;AG005;102;Oui;5;21,4;Téléphone;Déménagement;Oui;Oui;Oui;9;Non Renseigné
TCK20595;12/07/2023;AG004;318;Non;5;10,58;Téléphone;Déménagement;Non;Non;Oui;;Non Renseigné
TCK20596;27/01/2023;AG005;228;Non;;15,84;Réseaux Sociaux;Panne compteur;Non;Non;Oui;5;Non Renseigné
TCK20597;23/05/2023;AG002;186;Non;4;59,29;Chat;Changement d'offre;Oui;Non;Non;;Non Renseigné
TCK20598;25/09/2023;AG001;186;Oui;;19,95;Chat;Déménagement;Non;Non;Oui;;Non Renseigné
TCK20599;05/07/2023;AG006;228;Non;4;39,39;Email;Résiliation;Oui;Non;Oui;;Non Renseigné
TCK20600;22/09/2023;AG007;228;Oui;5;42,04;Téléphone;Résiliation;Oui;Non;Oui;3;Non Renseigné
TCK20601;07/12/2023;AG008;264;Oui;3;30,7;Téléphone;Panne compteur;Non;Non;Oui;7;Non Renseigné
TCK20602;24/05/2023;AG001;180;Oui;;42,7;Chat;Litige paiement;Oui;Non;Non;;Non Renseigné
TCK20603;05/06/2023;AG001;198;Oui;5;30,81;Chat;Changement d'offre;Non;Oui;Oui;3;Non Renseigné
TCK20604;29/01/2023;AG003;330;Non;4,5;38,25;Email;Relevé compteur;Oui;Non;Non;5;Non Renseigné
TCK20605;25/09/2023;AG007;168;Oui;4,5;52,93;Réseaux Sociaux;Déménagement;Non;Oui;Oui;9;Délai de traitement
TCK20606;04/02/2023;AG008;300;Non;4,5;43,68;Téléphone;Réclamation;Non;Non;Oui;8;Non Renseigné
TCK20607;11/11/2023;AG008;234;Oui;2,5;15,75;Téléphone;Souscription contrat;Oui;Non;Oui;;Non Renseigné
TCK20608;20/01/2023;AG008;210;Oui;0,5;57,25;Chat;Réclamation;Oui;Non;Non Renseigné;;Comportement agent
TCK20609;30/09/2023;AG007;468;Non;4,5;17,08;Téléphone;Panne compteur;Non;Non;Oui;10;Non Renseigné
TCK20610;23/05/2023;AG002;132;Oui;0,5;57,84;Téléphone;Litige paiement;Oui;Non;Non Renseigné;10;Non Renseigné
TCK20611;08/02/2023;AG005;438;Oui;3;26,5;Réseaux Sociaux;Résiliation;Oui;Non;Non;9;Non Renseigné
TCK20612;27/04/2023;AG004;360;Oui;4,5;59,78;Chat;Réclamation;Oui;Non;Oui;7;Non Renseigné
TCK20613;02/02/2023;AG001;204;Oui;;22,63;Réseaux Sociaux;Panne compteur;Non;Non;Oui;;Non Renseigné
TCK20614;02/01/2023;AG002;366;Oui;;24,75;Téléphone;Réclamation;Non;Non;Oui;10;Non Renseigné
TCK20615;21/01/2023;AG004;24;Oui;;10,76;Réseaux Sociaux;Souscription contrat;Oui;Oui;Non Renseigné;2;Non Renseigné
TCK20616;27/06/2023;AG008;192;Oui;2;;Téléphone;Réclamation;Oui;Non;Oui;;Non Renseigné
TCK20617;02/05/2023;AG001;168;Oui;;32,18;Réseaux Sociaux;Souscription contrat;Non;Oui;Oui;10;Non Renseigné
TCK20618;15/10/2023;AG004;282;Oui;4;45,25;Téléphone;Résiliation;Non;Non;Oui;;Non Renseigné
TCK20619;03/01/2023;AG004;258;Non;2;14,26;Email;Souscription contrat;Non;Non;Non;8;Non Renseigné
TCK20620;10/11/2023;AG005;414;Non;4,5;57,81;Email;Réclamation;Oui;Non;Oui;9;Comportement agent
TCK20621;06/11/2023;AG001;408;Non;4,5;10,15;Chat;Relevé compteur;Oui;Non;Oui;8;Non Renseigné
TCK20622;07/07/2023;AG002;288;Oui;3;56,61;Chat;Relevé compteur;Non;Non;Oui;8;Non Renseigné
TCK20623;15/03/2023;AG003;258;Oui;;46,03;Téléphone;Litige paiement;Non;Non;Oui;;Non Renseigné
TCK20624;14/10/2023;AG008;240;Non;4,5;35,69;Email;Déménagement;Non;Non;Oui;0;Non Renseigné
TCK20625;02/10/2023;AG008;288;Non;;21,58;Téléphone;Relevé compteur;Non;Non;Oui;;Délai de traitement
TCK20626;19/06/2023;AG001;324;Oui;;16,75;Email;Panne compteur;Non;Non;Non;10;Non Renseigné
TCK20627;12/06/2023;AG002;216;Oui;3;33,43;Téléphone;Résiliation;Non;Non;Oui;;Non Renseigné
TCK20628;09/08/2023;AG007;132;Oui;;25,81;Réseaux Sociaux;Facturation;Oui;Non;Non;10;Non Renseigné
TCK20629;26/08/2023;AG001;294;Oui;2,5;31,22;Email;Souscription contrat;Non;Non;Oui;8;Non Renseigné
TCK20630;21/06/2023;AG003;150;Oui;4,5;58,61;Email;Demande d'information;Oui;Non;Oui;;Non Renseigné
TCK20631;26/08/2023;AG002;168;Oui;2,5;;Email;Panne compteur;Oui;Non;Oui;;Non Renseigné
TCK20632;18/12/2023;AG006;324;Oui;5;10,02;Email;Souscription contrat;Non;Non;Oui;;Non Renseigné
TCK20633;03/02/2023;AG004;192;Non;;39,81;Téléphone;Litige paiement;Non;Non;Oui;8;Non Renseigné
TCK20634;12/09/2023;AG004;246;Non;;19,28;Téléphone;Réclamation;Oui;Non;Oui;3;Non Renseigné
TCK20635;15/03/2023;AG005;318;Oui;4,5;42,58;Téléphone;Litige paiement;Oui;Non;Oui;0;Non Renseigné
TCK20636;26/09/2023;AG004;378;Oui;1,5;25,97;Chat;Relevé compteur;Oui;Non;Oui;10;Non Renseigné
TCK20637;18/05/2023;AG005;390;Oui;;22,61;Email;Litige paiement;Oui;Non;Oui;;Non Renseigné
TCK20638;27/10/2023;AG004;396;Oui;2,5;32,62;Téléphone;Souscription contrat;Non;Oui;Non Renseigné;;Comportement agent
TCK20639;27/11/2023;AG006;252;Oui;4,5;;Chat;Panne compteur;Non;Non;Oui;0;Non Renseigné
TCK20640;20/08/2023;AG008;144;Non;4,5;31,32;Email;Souscription contrat;Non;Non;Oui;8;Non Renseigné
TCK20641;18/09/2023;AG005;240;Non;4,5;36,87;Téléphone;Réclamation;Non;Non;Oui;4;Non Renseigné
TCK20642;17/04/2023;AG003;264;Non;2,5;49,07;Chat;Réclamation;Non;Non;Oui;4;Non Renseigné
TCK20643;08/10/2023;AG006;228;Oui;5;44;Chat;Demande d'information;Non;Non;Oui;;Non Renseigné
TCK20644;10/02/2023;AG003;348;Oui;2;10,9;Téléphone;Litige paiement;Non;Non;Oui;9;Non Renseigné
TCK20645;26/02/2023;AG003;294;Oui;5;37,85;Téléphone;Changement d'offre;Non;Non;Oui;;Non Renseigné
TCK20646;06/04/2023;AG005;294;Oui;2,5;26,19;Réseaux Sociaux;Demande d'information;Non;Oui;Oui;;Non Renseigné
TCK20647;01/08/2023;AG008;426;Non;1,5;16,81;Réseaux Sociaux;Réclamation;Oui;Non;Non;5;Non Renseigné
TCK20648;07/08/2023;AG005;264;Oui;5;53,91;Téléphone;Facturation;Non;Non;Oui;;Non Renseigné
TCK20649;08/04/2023;AG003;378;Non;;39,29;Téléphone;Déménagement;Non;Non;Oui;6;Non Renseigné
TCK20650;13/08/2023;AG003;384;Oui;2,5;42,96;Réseaux Sociaux;Relevé compteur;Oui;Non;Oui;;Non Renseigné
TCK20651;30/12/2023;AG001;336;Oui;4;29,9;Chat;Résiliation;Non;Non;Oui;;Non Renseigné
TCK20652;09/02/2023;AG002;420;Oui;5;28,68;Téléphone;Litige paiement;Non;Oui;Non Renseigné;6;Non Renseigné
TCK20653;05/10/2023;AG004;276;Oui;4;29,41;Téléphone;Déménagement;Oui;Non;Oui;5;Non Renseigné
TCK20654;17/02/2023;AG005;300;Non;1,5;30,66;Chat;Déménagement;Oui;Non;Non;3;Non Renseigné
TCK20655;15/06/2023;AG001;192;Non;5;30,28;Réseaux Sociaux;Relevé compteur;Oui;Non;Non Renseigné;9;Non Renseigné
TCK20656;28/06/2023;AG001;222;Non;;39,69;Réseaux Sociaux;Résiliation;Non;Non;Non;;Non Renseigné
TCK20657;28/06/2023;AG003;294;Oui;2,5;48,6;Téléphone;Réclamation;Oui;Non;Oui;8;Non Renseigné
TCK20658;22/11/2023;AG005;228;Non;;54,87;Téléphone;Réclamation;Oui;Oui;Non Renseigné;;Non Renseigné
TCK20659;16/08/2023;AG005;312;Non;3,5;42,81;Téléphone;Changement d'offre;Non;Non;Oui;3;Non Renseigné
TCK20660;06/12/2023;AG004;264;Non;;37,1;Email;Résiliation;Non;Non;Oui;5;Non Renseigné
TCK20661;08/07/2023;AG008;384;Oui;;55,95;Téléphone;Facturation;Oui;Oui;Oui;;Non Renseigné
TCK20662;15/07/2023;AG003;258;Oui;;23,72;Email;Réclamation;Oui;Non;Oui;;Non Renseigné
TCK20663;26/04/2023;AG002;372;Oui;2;29,66;Téléphone;Facturation;Oui;Non;Oui;9;Non Renseigné
TCK20664;20/12/2023;AG004;108;Oui;;23,43;Téléphone;Souscription contrat;Non;Non;Oui;8;Non Renseigné
TCK20665;23/11/2023;AG006;186;Oui;3,5;53,05;Email;Litige paiement;Oui;Non;Non;5;Délai de traitement
TCK20666;01/04/2023;AG004;294;Non;2,5;18,64;Réseaux Sociaux;Facturation;Oui;Non;Non;5;Non Renseigné
TCK20667;07/09/2023;AG001;216;Oui;4;27,23;Chat;Réclamation;Non;Oui;Oui;;Non Renseigné
TCK20668;18/07/2023;AG003;258;Non;4;48,42;Téléphone;Déménagement;Oui;Non;Oui;9;Non Renseigné
TCK20669;06/01/2023;AG006;252;Non;;54,25;Téléphone;Souscription contrat;Non;Non;Oui;4;Non Renseigné
TCK20670;23/04/2023;AG006;246;Oui;0,5;33,52;Email;Résiliation;Non;Non;Non Renseigné;;Non Renseigné
TCK20671;19/11/2023;AG007;108;Oui;5;53,68;Réseaux Sociaux;Demande d'information;Non;Non;Oui;;Non Renseigné
TCK20672;15/07/2023;AG005;276;Non;4;43,54;Téléphone;Déménagement;Non;Non;Oui;3;Non Renseigné
TCK20673;29/06/2023;AG001;444;Oui;4;52,37;Email;Réclamation;Oui;Non;Oui;5;Non Renseigné
TCK20674;30/04/2023;AG005;270;Oui;1,5;55,36;Téléphone;Souscription contrat;Non;Non;Oui;;Non Renseigné
TCK20675;17/09/2023;AG004;270;Oui;4,5;47,02;Email;Souscription contrat;Oui;Non;Oui;5;Comportement agent
TCK20676;20/08/2023;AG002;456;Oui;4;27,39;Réseaux Sociaux;Résiliation;Non;Oui;Oui;;Non Renseigné
TCK20677;17/11/2023;AG002;540;Oui;4,5;;Téléphone;Facturation;Oui;Non;Oui;;Non Renseigné
TCK20678;28/03/2023;AG002;498;Oui;2,5;30,92;Téléphone;Panne compteur;Oui;Non;Non;;Non Renseigné
TCK20679;25/02/2023;AG006;300;Oui;;45,71;Réseaux Sociaux;Changement d'offre;Non;Non;Oui;9;Non Renseigné
TCK20680;13/07/2023;AG002;264;Oui;5;32,58;Réseaux Sociaux;Litige paiement;Oui;Non;Oui;;Non Renseigné
TCK20681;23/07/2023;AG006;276;Oui;4;30,4;Téléphone;Panne compteur;Oui;Non;Oui;;Non Renseigné
TCK20682;08/11/2023;AG001;150;Oui;3,5;42,01;Email;Relevé compteur;Oui;Non;Oui;;Non Renseigné
TCK20683;06/10/2023;AG002;360;Non;4;53,87;Téléphone;Relevé compteur;Non;Non;Non Renseigné;;Non Renseigné
TCK20684;15/09/2023;AG007;360;Non;;59,66;Téléphone;Relevé compteur;Oui;Non;Oui;8;Non Renseigné
TCK20685;26/08/2023;AG008;252;Non;5;15,3;Téléphone;Facturation;Oui;Non;Oui;9;Non Renseigné
TCK20686;02/12/2023;AG004;402;Non;;11,02;Chat;Changement d'offre;Oui;Non;Non;9;Non Renseigné
TCK20687;27/07/2023;AG006;270;Non;3,5;40,22;Chat;Réclamation;Non;Oui;Oui;5;Non Renseigné
TCK20688;18/04/2023;AG003;342;Oui;0,5;24,17;Réseaux Sociaux;Litige paiement;Non;Non;Oui;;Comportement agent
TCK20689;13/12/2023;AG003;222;Oui;4;44,34;Réseaux Sociaux;Relevé compteur;Non;Oui;Oui;;Non Renseigné
TCK20690;03/11/2023;AG002;150;Oui;0,5;11,74;Téléphone;Demande d'information;Oui;Non;Oui;10;Non Renseigné
TCK20691;21/08/2023;AG001;342;Oui;2;30,46;Réseaux Sociaux;Panne compteur;Oui;Non;Non;;Non Renseigné
TCK20692;27/10/2023;AG007;366;Non;4;50,02;Téléphone;Déménagement;Oui;Oui;Non Renseigné;;Non Renseigné
TCK20693;22/08/2023;AG003;204;Oui;4,5;32,85;Réseaux Sociaux;Facturation;Oui;Non;Oui;8;Non Renseigné
TCK20694;06/08/2023;AG008;438;Oui;;;Réseaux Sociaux;Panne compteur;Non;Oui;Oui;;Non Renseigné
TCK20695;23/03/2023;AG001;438;Non;;51,36;Téléphone;Facturation;Non;Oui;Oui;5;Non Renseigné
TCK20696;10/06/2023;AG001;90;Non;2;23,25;Téléphone;Changement d'offre;Non;Non;Non Renseigné;;Facturation incorrecte
TCK20697;23/05/2023;AG007;210;Oui;4;36,81;Email;Résiliation;Non;Non;Oui;9;Comportement agent
TCK20698;04/06/2023;AG002;48;Oui;4;;Email;Relevé compteur;Non;Non;Oui;8;Non Renseigné
TCK20699;17/08/2023;AG005;78;Oui;3,5;14,56;Téléphone;Panne compteur;Oui;Non;Oui;0;Non Renseigné
TCK20700;11/08/2023;AG007;174;Non;5;19,85;Email;Réclamation;Oui;Non;Oui;;Non Renseigné
TCK20701;10/08/2023;AG005;348;Oui;;30,64;Téléphone;Déménagement;Oui;Non;Oui;;Non Renseigné
TCK20702;22/05/2023;AG001;318;Non;2,5;28,57;Chat;Relevé compteur;Oui;Oui;Non;9;Non Renseigné
TCK20703;03/06/2023;AG002;114;Non;;32,45;Chat;Résiliation;Oui;Non;Oui;10;Non Renseigné
TCK20704;23/03/2023;AG001;114;Oui;4,5;17,79;Email;Résiliation;Non;Non;Non;6;Non Renseigné
TCK20705;23/04/2023;AG003;288;Oui;4,5;54,02;Téléphone;Déménagement;Non;Non;Non Renseigné;6;Non Renseigné
TCK20706;19/04/2023;AG001;60;Oui;;11,78;Téléphone;Litige paiement;Non;Non;Non Renseigné;7;Non Renseigné
TCK20707;10/09/2023;AG002;108;Non;3;34,9;Réseaux Sociaux;Facturation;Non;Non;Oui;;Facturation incorrecte
TCK20708;18/03/2023;AG004;486;Non;2,5;45,35;Email;Résiliation;Oui;Non;Non;9;Non Renseigné
TCK20709;06/10/2023;AG008;468;Non;;18,87;Téléphone;Réclamation;Oui;Non;Oui;;Non Renseigné
TCK20710;08/08/2023;AG003;348;Oui;4,5;;Email;Réclamation;Oui;Non;Oui;5;Non Renseigné
TCK20711;03/11/2023;AG008;204;Oui;4,5;57,36;Réseaux Sociaux;Résiliation;Non;Non;Oui;;Non Renseigné
TCK20712;10/08/2023;AG004;270;Non;2,5;20,71;Téléphone;Panne compteur;Non;Non;Oui;6;Non Renseigné
TCK20713;06/09/2023;AG005;150;Non;0,5;13;Chat;Panne compteur;Non;Non;Oui;0;Non Renseigné
TCK20714;03/06/2023;AG001;174;Non;3,5;45,5;Email;Déménagement;Non;Non;Oui;;Non Renseigné
TCK20715;23/05/2023;AG006;222;Oui;4,5;36,69;Téléphone;Litige paiement;Non;Non;Non;6;Non Renseigné
TCK20716;03/03/2023;AG006;216;Non;4;40,31;Téléphone;Panne compteur;Non;Non;Oui;;Non Renseigné
TCK20717;05/03/2023;AG005;318;Oui;2,5;26,85;Chat;Litige paiement;Oui;Non;Oui;6;Non Renseigné
TCK20718;17/12/2023;AG004;84;Oui;4;14,35;Téléphone;Litige paiement;Oui;Non;Oui;9;Non Renseigné
TCK20719;14/09/2023;AG003;354;Non;2,5;21,15;Email;Panne compteur;Oui;Non;Non;6;Non Renseigné
TCK20720;14/12/2023;AG005;240;Non;3,5;42,91;Réseaux Sociaux;Déménagement;Non;Non;Non Renseigné;8;Non Renseigné
TCK20721;11/12/2023;AG003;132;Non;4,5;23,19;Chat;Changement d'offre;Non;Non;Oui;;Facturation incorrecte
TCK20722;28/03/2023;AG007;270;Oui;;40,29;Téléphone;Facturation;Non;Non;Oui;;Non Renseigné
TCK20723;24/02/2023;AG006;234;Oui;2,5;58,14;Réseaux Sociaux;Facturation;Oui;Non;Oui;10;Non Renseigné
TCK20724;03/07/2023;AG002;186;Non;;38,67;Réseaux Sociaux;Facturation;Oui;Non;Oui;;Non Renseigné
TCK20725;24/05/2023;AG002;534;Oui;2,5;56,4;Téléphone;Résiliation;Non;Non;Non;7;Non Renseigné
TCK20726;26/06/2023;AG001;216;Oui;4,5;21,86;Chat;Litige paiement;Non;Non;Oui;10;Non Renseigné
TCK20727;15/08/2023;AG007;372;Non;4;23,13;Email;Déménagement;Oui;Non;Non;;Non Renseigné
TCK20728;11/02/2023;AG005;450;Non;5;;Réseaux Sociaux;Panne compteur;Oui;Non;Oui;4;Non Renseigné
TCK20729;25/07/2023;AG004;276;Oui;3;35,16;Email;Résiliation;Oui;Oui;Oui;8;Non Renseigné
TCK20730;06/10/2023;AG007;288;Non;;50,3;Chat;Résiliation;Non;Oui;Oui;6;Non Renseigné
TCK20731;01/03/2023;AG002;240;Oui;5;24,47;Chat;Déménagement;Oui;Non;Oui;;Non Renseigné
TCK20732;01/09/2023;AG004;180;Non;4;54,46;Téléphone;Réclamation;Non;Oui;Non;0;Non Renseigné
TCK20733;01/01/2023;AG002;468;Oui;;52,26;Téléphone;Relevé compteur;Non;Non;Oui;7;Non Renseigné
TCK20734;16/05/2023;AG006;480;Oui;4,5;54,17;Téléphone;Déménagement;Non;Non;Oui;1;Non Renseigné
TCK20735;27/02/2023;AG006;300;Oui;2;34,79;Téléphone;Résiliation;Oui;Non;Oui;;Non Renseigné
TCK20736;26/05/2023;AG005;390;Oui;4,5;;Téléphone;Relevé compteur;Oui;Non;Oui;;Non Renseigné
TCK20737;08/04/2023;AG002;180;Non;;21;Réseaux Sociaux;Réclamation;Oui;Non;Non;3;Non Renseigné
TCK20738;22/06/2023;AG001;378;Non;4,5;;Réseaux Sociaux;Panne compteur;Oui;Non;Oui;5;Non Renseigné
TCK20739;16/06/2023;AG003;240;Oui;4;46,22;Chat;Déménagement;Oui;Non;Oui;;Non Renseigné
TCK20740;06/07/2023;AG007;126;Non;4;27,8;Email;Réclamation;Non;Non;Oui;;Non Renseigné
TCK20741;21/09/2023;AG002;222;Oui;;24,21;Téléphone;Relevé compteur;Non;Oui;Oui;;Non Renseigné
TCK20742;09/09/2023;AG002;330;Non;3;22,6;Email;Demande d'information;Oui;Non;Oui;;Non Renseigné
TCK20743;29/11/2023;AG002;192;Non;4,5;32,71;Chat;Panne compteur;Oui;Non;Oui;6;Non Renseigné
TCK20744;11/08/2023;AG001;288;Oui;5;29,55;Chat;Déménagement;Non;Non;Oui;8;Non Renseigné
TCK20745;29/06/2023;AG005;264;Non;;14;Téléphone;Relevé compteur;Oui;Non;Non;;Non Renseigné
TCK20746;04/12/2023;AG005;288;Oui;4,5;;Chat;Réclamation;Oui;Non;Oui;;Non Renseigné
TCK20747;26/02/2023;AG007;180;Oui;;39,97;Email;Déménagement;Oui;Non;Oui;9;Non Renseigné
TCK20748;12/05/2023;AG005;96;Non;;12,7;Chat;Changement d'offre;Non;Oui;Non;10;Non Renseigné
TCK20749;09/03/2023;AG005;66;Oui;;35,83;Email;Relevé compteur;Non;Non;Oui;;Non Renseigné
TCK20750;22/02/2023;AG003;144;Non;;15,19;Email;Résiliation;Non;Non;Non;9;Non Renseigné
TCK20751;18/08/2023;AG003;270;Non;4,5;16,18;Email;Souscription contrat;Non;Oui;Oui;;Non Renseigné
TCK20752;03/01/2023;AG002;294;Oui;3,5;19,82;Email;Facturation;Oui;Oui;Non;3;Non Renseigné
TCK20753;24/07/2023;AG008;180;Oui;4,5;22,57;Chat;Résiliation;Non;Oui;Oui;;Non Renseigné
TCK20754;01/08/2023;AG003;228;Oui;2;26,38;Téléphone;Réclamation;Non;Non;Oui;8;Non Renseigné
TCK20755;28/10/2023;AG007;330;Oui;4,5;20,49;Réseaux Sociaux;Relevé compteur;Non;Non;Oui;;Non Renseigné
TCK20756;11/08/2023;AG001;228;Non;4,5;43,57;Téléphone;Demande d'information;Oui;Non;Non Renseigné;5;Non Renseigné
TCK20757;08/07/2023;AG002;270;Non;4,5;36,16;Email;Réclamation;Oui;Non;Oui;4;Non Renseigné
TCK20758;17/05/2023;AG006;330;Oui;;16,36;Téléphone;Relevé compteur;Non;Non;Oui;5;Non Renseigné
TCK20759;11/03/2023;AG001;336;Non;4;29,93;Chat;Panne compteur;Non;Non;Oui;5;Délai de traitement
TCK20760;17/04/2023;AG001;210;Oui;1,5;23,16;Email;Résiliation;Non;Oui;Non Renseigné;;Non Renseigné
TCK20761;09/04/2023;AG006;192;Oui;2,5;37,81;Email;Panne compteur;Oui;Oui;Oui;3;Non Renseigné
TCK20762;05/01/2023;AG004;336;Oui;4,5;16,32;Email;Facturation;Oui;Non;Oui;;Non Renseigné
TCK20763;06/05/2023;AG002;258;Oui;4,5;58,68;Chat;Relevé compteur;Oui;Oui;Oui;3;Non Renseigné
TCK20764;18/07/2023;AG007;348;Oui;2,5;26,95;Email;Litige paiement;Oui;Non;Oui;9;Non Renseigné
TCK20765;29/09/2023;AG004;192;Oui;2,5;;Chat;Résiliation;Non;Non;Oui;;Non Renseigné
TCK20766;29/07/2023;AG007;384;Oui;;38,32;Email;Déménagement;Oui;Non;Non Renseigné;5;Non Renseigné
TCK20767;07/02/2023;AG003;132;Oui;3,5;33,59;Téléphone;Panne compteur;Oui;Non;Oui;;Non Renseigné
TCK20768;03/03/2023;AG003;462;Non;5;14,39;Chat;Déménagement;Oui;Non;Non;8;Non Renseigné
TCK20769;01/07/2023;AG007;264;Oui;5;43,41;Chat;Panne compteur;Oui;Oui;Oui;;Non Renseigné
TCK20770;12/05/2023;AG003;318;Non;4,5;31,86;Téléphone;Panne compteur;Oui;Non;Oui;;Non Renseigné
TCK20771;01/03/2023;AG003;192;Non;4;30,18;Email;Demande d'information;Oui;Non;Oui;0;Non Renseigné
TCK20772;28/08/2023;AG008;270;Non;4,5;16,33;Téléphone;Facturation;Non;Non;Oui;9;Non Renseigné
TCK20773;27/01/2023;AG008;150;Oui;;33,83;Téléphone;Panne compteur;Non;Non;Oui;5;Non Renseigné
TCK20774;18/04/2023;AG006;186;Oui;5;34,04;Chat;Demande d'information;Oui;Non;Oui;5;Non Renseigné
TCK20775;01/08/2023;AG003;360;Non;2;59,6;Réseaux Sociaux;Souscription contrat;Oui;Non;Non Renseigné;;Non Renseigné
TCK20776;01/04/2023;AG005;366;Non;2,5;30,74;Chat;Réclamation;Oui;Non;Non;;Non Renseigné
TCK20777;31/10/2023;AG008;324;Oui;1,5;48,39;Réseaux Sociaux;Résiliation;Non;Non;Oui;;Non Renseigné
TCK20778;02/12/2023;AG003;222;Non;4,5;52,29;Téléphone;Litige paiement;Oui;Non;Oui;3;Non Renseigné
TCK20779;07/11/2023;AG004;132;Oui;4,5;27,31;Téléphone;Déménagement;Non;Non;Oui;6;Délai de traitement
TCK20780;08/06/2023;AG002;408;Non;;39,31;Téléphone;Relevé compteur;Non;Non;Oui;;Non Renseigné
TCK20781;31/01/2023;AG001;372;Oui;;27,86;Email;Demande d'information;Oui;Non;Oui;;Non Renseigné
TCK20782;10/01/2023;AG002;72;Non;4;14,19;Téléphone;Panne compteur;Non;Non;Oui;5;Non Renseigné
TCK20783;08/08/2023;AG004;366;Non;4,5;59,64;Réseaux Sociaux;Réclamation;Oui;Oui;Oui;6;Non Renseigné
TCK20784;14/11/2023;AG005;228;Oui;2,5;42,51;Téléphone;Demande d'information;Oui;Non;Oui;;Facturation incorrecte
TCK20785;29/11/2023;AG006;348;Oui;3;26,45;Téléphone;Réclamation;Oui;Oui;Non Renseigné;;Non Renseigné
TCK20786;23/03/2023;AG003;114;Oui;;27,15;Téléphone;Souscription contrat;Non;Non;Oui;5;Non Renseigné
TCK20787;14/12/2023;AG006;198;Non;4;30,54;Email;Facturation;Oui;Oui;Oui;2;Non Renseigné
TCK20788;18/02/2023;AG007;282;Non;1;57,18;Réseaux Sociaux;Réclamation;Non;Non;Oui;;Non Renseigné
TCK20789;28/06/2023;AG001;468;Non;4;12,09;Réseaux Sociaux;Déménagement;Non;Non;Oui;10;Non Renseigné
TCK20790;15/05/2023;AG006;558;Oui;4;56,01;Chat;Réclamation;Non;Non;Oui;10;Non Renseigné
TCK20791;07/06/2023;AG002;282;Oui;2,5;;Téléphone;Litige paiement;Non;Non;Oui;;Non Renseigné
TCK20792;25/07/2023;AG003;282;Non;;52,68;Téléphone;Facturation;Oui;Non;Oui;8;Non Renseigné
TCK20793;26/07/2023;AG004;204;Non;5;22,1;Téléphone;Réclamation;Non;Non;Oui;;Non Renseigné
TCK20794;23/10/2023;AG003;294;Oui;4,5;42,86;Réseaux Sociaux;Changement d'offre;Non;Non;Oui;9;Facturation incorrecte
TCK20795;12/07/2023;AG008;282;Oui;4;31,95;Téléphone;Relevé compteur;Oui;Non;Oui;2;Délai de traitement
TCK20796;23/09/2023;AG006;216;Oui;;44,49;Téléphone;Changement d'offre;Oui;Non;Oui;6;Non Renseigné
TCK20797;07/05/2023;AG005;264;Non;2,5;34,09;Téléphone;Facturation;Non;Non;Non;7;Non Renseigné
TCK20798;18/05/2023;AG002;240;Oui;2,5;13,22;Téléphone;Panne compteur;Non;Non;Oui;5;Non Renseigné
TCK20799;01/09/2023;AG007;228;Oui;;38,71;Email;Résiliation;Oui;Non;Oui;;Non Renseigné
TCK20800;15/05/2023;AG008;282;Oui;1;50,86;Téléphone;Souscription contrat;Non;Non;Non;;Non Renseigné
TCK20801;28/05/2023;AG003;528;Oui;5;53,05;Téléphone;Souscription contrat;Non;Non;Oui;;Non Renseigné
TCK20802;27/07/2023;AG007;192;Oui;;;Email;Déménagement;Non;Oui;Non;;Non Renseigné
TCK20803;25/09/2023;AG008;456;Oui;4;38,28;Email;Réclamation;Oui;Non;Oui;;Non Renseigné
TCK20804;30/03/2023;AG001;126;Non;2,5;55,85;Téléphone;Litige paiement;Oui;Non;Oui;;Non Renseigné
TCK20805;22/09/2023;AG004;414;Non;5;16,7;Chat;Déménagement;Oui;Oui;Non;;Non Renseigné
TCK20806;29/01/2023;AG005;240;Oui;2,5;28,68;Réseaux Sociaux;Déménagement;Non;Non;Oui;9;Non Renseigné
TCK20807;08/03/2023;AG004;198;Oui;;;Email;Déménagement;Non;Non;Oui;;Non Renseigné
TCK20808;18/05/2023;AG007;312;Oui;3,5;32,15;Email;Souscription contrat;Non;Oui;Oui;;Non Renseigné
TCK20809;13/06/2023;AG004;120;Non;3;11,71;Email;Résiliation;Oui;Non;Oui;;Non Renseigné
TCK20810;22/09/2023;AG004;378;Oui;5;44,49;Téléphone;Déménagement;Oui;Non;Oui;3;Non Renseigné
TCK20811;09/04/2023;AG003;210;Non;5;46,24;Réseaux Sociaux;Panne compteur;Non;Oui;Oui;9;Non Renseigné
TCK20812;26/02/2023;AG004;156;Non;;14,98;Email;Panne compteur;Oui;Non;Oui;9;Non Renseigné
TCK20813;15/01/2023;AG001;390;Oui;;23,62;Téléphone;Changement d'offre;Oui;Non;Oui;8;Non Renseigné
TCK20814;20/08/2023;AG004;240;Oui;3,5;17;Chat;Facturation;Non;Non;Oui;7;Non Renseigné
TCK20815;27/01/2023;AG007;270;Oui;2,5;26,1;Réseaux Sociaux;Changement d'offre;Non;Non;Oui;;Délai de traitement
TCK20816;02/07/2023;AG008;186;Non;2,5;57,17;Chat;Changement d'offre;Non;Non;Oui;7;Non Renseigné
TCK20817;29/10/2023;AG001;288;Non;5;28,25;Téléphone;Réclamation;Oui;Non;Oui;;Non Renseigné
TCK20818;23/02/2023;AG003;276;Non;;47,77;Téléphone;Changement d'offre;Non;Oui;Oui;;Non Renseigné
TCK20819;23/03/2023;AG005;276;Non;4;40,34;Réseaux Sociaux;Résiliation;Non;Oui;Oui;;Délai de traitement
TCK20820;02/02/2023;AG002;426;Non;4;41,44;Réseaux Sociaux;Changement d'offre;Oui;Non;Oui;9;Non Renseigné
TCK20821;02/06/2023;AG005;414;Oui;;37,69;Téléphone;Changement d'offre;Oui;Non;Oui;;Non Renseigné
TCK20822;21/09/2023;AG001;318;Non;3;20,78;Téléphone;Souscription contrat;Non;Non;Oui;0;Non Renseigné
TCK20823;04/06/2023;AG002;306;Oui;;14,19;Chat;Facturation;Non;Non;Oui;7;Délai de traitement
TCK20824;06/01/2023;AG004;510;Oui;2,5;51,46;Réseaux Sociaux;Résiliation;Oui;Oui;Oui;;Non Renseigné
TCK20825;19/05/2023;AG002;24;Oui;5;32,19;Téléphone;Changement d'offre;Non;Oui;Oui;;Non Renseigné
TCK20826;20/01/2023;AG003;378;Oui;;11,91;Téléphone;Relevé compteur;Non;Non;Oui;6;Non Renseigné
TCK20827;08/08/2023;AG008;546;Oui;3,5;;Email;Litige paiement;Oui;Non;Oui;;Non Renseigné
TCK20828;03/09/2023;AG001;390;Non;5;17,88;Réseaux Sociaux;Réclamation;Oui;Non;Oui;8;Non Renseigné
TCK20829;25/06/2023;AG005;312;Non;;39,72;Réseaux Sociaux;Résiliation;Oui;Non;Non Renseigné;10;Non Renseigné
TCK20830;15/09/2023;AG005;144;Non;0,5;16,17;Réseaux Sociaux;Souscription contrat;Non;Non;Non;;Non Renseigné
TCK20831;28/03/2023;AG008;306;Non;;59;Email;Réclamation;Oui;Non;Oui;5;Non Renseigné
TCK20832;13/08/2023;AG006;120;Oui;4,5;18,57;Téléphone;Litige paiement;Oui;Non;Oui;8;Non Renseigné
TCK20833;19/06/2023;AG008;210;Oui;2,5;43,38;Téléphone;Résiliation;Oui;Non;Oui;;Non Renseigné
TCK20834;18/02/2023;AG007;444;Oui;4;14,4;Email;Déménagement;Oui;Non;Oui;;Non Renseigné
TCK20835;02/11/2023;AG001;402;Oui;1;;Téléphone;Changement d'offre;Non;Non;Non Renseigné;;Non Renseigné
TCK20836;22/03/2023;AG007;246;Non;3,5;25,67;Réseaux Sociaux;Facturation;Non;Non;Oui;10;Non Renseigné
TCK20837;29/04/2023;AG003;366;Non;;33,12;Chat;Réclamation;Oui;Non;Oui;9;Non Renseigné
TCK20838;23/09/2023;AG008;378;Oui;2;56,46;Réseaux Sociaux;Panne compteur;Non;Non;Oui;8;Non Renseigné
TCK20839;23/10/2023;AG005;240;Non;2,5;25,17;Email;Changement d'offre;Non;Non;Oui;9;Non Renseigné
TCK20840;15/10/2023;AG003;306;Oui;2,5;56,54;Email;Facturation;Non;Non;Non;;Non Renseigné
TCK20841;09/02/2023;AG003;318;Oui;;22,29;Téléphone;Panne compteur;Oui;Non;Oui;;Non Renseigné
TCK20842;30/12/2023;AG006;96;Oui;3,5;51,2;Téléphone;Réclamation;Oui;Non;Oui;7;Facturation incorrecte
TCK20843;11/05/2023;AG001;330;Oui;2;10,27;Téléphone;Facturation;Oui;Non;Oui;5;Non Renseigné
TCK20844;29/11/2023;AG002;66;Non;;26,13;Réseaux Sociaux;Relevé compteur;Non;Non;Oui;5;Non Renseigné
TCK20845;17/05/2023;AG001;354;Oui;;42,25;Téléphone;Résiliation;Non;Non;Non;;Non Renseigné
TCK20846;05/06/2023;AG002;306;Oui;4,5;52,66;Téléphone;Litige paiement;Oui;Non;Oui;9;Comportement agent
TCK20847;15/11/2023;AG007;384;Oui;4,5;23,23;Téléphone;Réclamation;Oui;Non;Oui;;Non Renseigné
TCK20848;25/10/2023;AG004;30;Oui;;;Réseaux Sociaux;Demande d'information;Non;Non;Oui;5;Non Renseigné
TCK20849;23/06/2023;AG008;390;Oui;;10,58;Email;Panne compteur;Non;Non;Oui;8;Non Renseigné
TCK20850;13/12/2023;AG006;480;Oui;3,5;;Téléphone;Demande d'information;Non;Non;Non;9;Non Renseigné
TCK20851;12/07/2023;AG008;342;Non;4,5;39,6;Chat;Panne compteur;Non;Non;Oui;9;Non Renseigné
TCK20852;03/06/2023;AG001;324;Oui;;13,34;Réseaux Sociaux;Résiliation;Non;Non;Oui;2;Non Renseigné
TCK20853;30/09/2023;AG001;444;Non;4;15,82;Chat;Réclamation;Oui;Oui;Oui;;Non Renseigné
TCK20854;15/07/2023;AG006;102;Oui;4;13,98;Téléphone;Réclamation;Oui;Non;Oui;6;Non Renseigné
TCK20855;17/06/2023;AG007;342;Oui;3;31,48;Chat;Panne compteur;Oui;Non;Non;;Non Renseigné
TCK20856;07/04/2023;AG007;60;Oui;4,5;;Téléphone;Réclamation;Non;Non;Oui;;Non Renseigné
TCK20857;22/06/2023;AG002;336;Non;3,5;46,02;Réseaux Sociaux;Panne compteur;Oui;Non;Non;7;Non Renseigné
TCK20858;09/05/2023;AG008;120;Oui;1;47,74;Chat;Facturation;Non;Non;Oui;7;Non Renseigné
TCK20859;04/11/2023;AG008;396;Oui;2,5;42,43;Réseaux Sociaux;Litige paiement;Oui;Non;Oui;10;Non Renseigné
TCK20860;17/09/2023;AG008;354;Oui;5;10,57;Email;Panne compteur;Non;Non;Non Renseigné;8;Non Renseigné
TCK20861;02/09/2023;AG008;492;Oui;4,5;44,83;Chat;Demande d'information;Non;Non;Non;4;Délai de traitement
TCK20862;29/04/2023;AG003;330;Non;4;50,9;Téléphone;Demande d'information;Non;Non;Oui;5;Non Renseigné
TCK20863;16/07/2023;AG003;252;Non;;39,38;Téléphone;Litige paiement;Oui;Non;Oui;5;Non Renseigné
TCK20864;13/10/2023;AG006;186;Oui;;27,02;Chat;Relevé compteur;Oui;Non;Oui;10;Non Renseigné
TCK20865;24/03/2023;AG004;198;Non;5;33,83;Téléphone;Litige paiement;Non;Non;Oui;7;Non Renseigné
TCK20866;21/03/2023;AG006;282;Oui;;18,27;Téléphone;Souscription contrat;Oui;Non;Non;8;Non Renseigné
TCK20867;09/11/2023;AG008;66;Oui;1;58,89;Téléphone;Panne compteur;Oui;Oui;Oui;9;Non Renseigné
TCK20868;16/02/2023;AG008;276;Oui;5;46,25;Chat;Réclamation;Oui;Non;Non Renseigné;;Non Renseigné
TCK20869;26/06/2023;AG001;366;Non;2,5;31,8;Email;Demande d'information;Oui;Non;Oui;10;Non Renseigné
TCK20870;14/04/2023;AG006;114;Non;;25,06;Email;Changement d'offre;Oui;Non;Oui;8;Non Renseigné
TCK20871;27/03/2023;AG005;396;Non;;38,91;Téléphone;Panne compteur;Oui;Non;Oui;5;Non Renseigné
TCK20872;31/05/2023;AG005;564;Non;3,5;24,33;Réseaux Sociaux;Réclamation;Oui;Non;Oui;;Facturation incorrecte
TCK20873;18/02/2023;AG003;264;Non;;28,35;Email;Réclamation;Non;Non;Oui;4;Non Renseigné
TCK20874;23/11/2023;AG004;246;Non;4;15,19;Téléphone;Relevé compteur;Non;Non;Oui;;Non Renseigné
TCK20875;21/08/2023;AG004;258;Non;4;50,65;Téléphone;Réclamation;Non;Non;Oui;;Comportement agent
TCK20876;04/02/2023;AG003;282;Oui;5;23,63;Téléphone;Réclamation;Oui;Oui;Oui;5;Non Renseigné
TCK20877;04/01/2023;AG002;240;Oui;3,5;53,58;Téléphone;Demande d'information;Oui;Non;Oui;10;Non Renseigné
TCK20878;17/03/2023;AG002;60;Oui;5;35,88;Téléphone;Changement d'offre;Oui;Non;Oui;;Non Renseigné
TCK20879;28/05/2023;AG003;252;Oui;;29,1;Téléphone;Facturation;Oui;Non;Oui;6;Non Renseigné
TCK20880;31/01/2023;AG005;162;Oui;4;59,85;Chat;Relevé compteur;Non;Non;Oui;;Non Renseigné
TCK20881;17/05/2023;AG005;288;Oui;1;31,28;Réseaux Sociaux;Changement d'offre;Non;Non;Oui;;Non Renseigné
TCK20882;21/10/2023;AG001;414;Non;2,5;28,19;Téléphone;Changement d'offre;Non;Non;Oui;;Non Renseigné
TCK20883;07/04/2023;AG006;168;Oui;4;51,66;Chat;Changement d'offre;Non;Oui;Oui;0;Délai de traitement
TCK20884;20/07/2023;AG003;462;Non;;15,37;Email;Litige paiement;Non;Non;Oui;7;Non Renseigné
TCK20885;22/07/2023;AG003;228;Non;4;52,31;Chat;Litige paiement;Non;Non;Non;6;Délai de traitement
TCK20886;02/01/2023;AG002;180;Oui;2;17,26;Chat;Facturation;Non;Non;Non;;Non Renseigné
TCK20887;13/02/2023;AG006;342;Non;4,5;25,81;Téléphone;Panne compteur;Oui;Non;Oui;8;Non Renseigné
TCK20888;04/10/2023;AG001;216;Oui;;29,86;Téléphone;Déménagement;Non;Non;Oui;9;Délai de traitement
TCK20889;15/09/2023;AG005;264;Oui;4;38,57;Email;Souscription contrat;Oui;Non;Oui;8;Non Renseigné
TCK20890;21/12/2023;AG007;270;Oui;3;50,96;Réseaux Sociaux;Demande d'information;Oui;Oui;Oui;6;Non Renseigné
TCK20891;14/08/2023;AG005;336;Oui;;37,36;Email;Panne compteur;Non;Non;Oui;3;Non Renseigné
TCK20892;22/02/2023;AG005;264;Oui;2;38,78;Téléphone;Résiliation;Oui;Non;Oui;6;Non Renseigné
TCK20893;29/05/2023;AG004;252;Oui;;57,53;Email;Panne compteur;Non;Non;Oui;9;Non Renseigné
TCK20894;05/09/2023;AG008;228;Non;;21,01;Réseaux Sociaux;Demande d'information;Oui;Non;Oui;;Non Renseigné
TCK20895;19/11/2023;AG007;324;Oui;2;20,06;Téléphone;Déménagement;Non;Non;Oui;9;Non Renseigné
TCK20896;14/06/2023;AG002;210;Oui;5;35,22;Chat;Souscription contrat;Non;Non;Oui;1;Non Renseigné
TCK20897;12/06/2023;AG007;414;Oui;5;33,22;Chat;Demande d'information;Oui;Oui;Non Renseigné;;Non Renseigné
TCK20898;24/09/2023;AG007;276;Oui;;11,52;Téléphone;Litige paiement;Oui;Oui;Oui;;Non Renseigné
TCK20899;05/01/2023;AG002;90;Non;2;16,59;Chat;Relevé compteur;Non;Non;Oui;3;Non Renseigné
TCK20900;05/02/2023;AG002;306;Non;;31,14;Téléphone;Demande d'information;Oui;Non;Non;;Non Renseigné
TCK20901;04/02/2023;AG005;324;Non;5;35,86;Email;Souscription contrat;Non;Non;Oui;9;Non Renseigné
TCK20902;24/06/2023;AG008;420;Oui;3;49,21;Email;Facturation;Non;Non;Oui;;Non Renseigné
TCK20903;29/07/2023;AG005;192;Non;;48,16;Téléphone;Facturation;Oui;Non;Oui;4;Non Renseigné
TCK20904;21/12/2023;AG007;174;Non;2,5;26,9;Réseaux Sociaux;Litige paiement;Non;Non;Oui;8;Non Renseigné
TCK20905;25/02/2023;AG002;342;Non;1,5;33,49;Réseaux Sociaux;Facturation;Non;Non;Non;;Non Renseigné
TCK20906;25/06/2023;AG005;396;Oui;;26,47;Réseaux Sociaux;Panne compteur;Non;Non;Oui;9;Non Renseigné
TCK20907;08/04/2023;AG002;186;Oui;;16,91;Téléphone;Réclamation;Oui;Non;Non;;Non Renseigné
TCK20908;30/09/2023;AG005;300;Oui;4,5;21,29;Chat;Facturation;Non;Oui;Oui;8;Non Renseigné
TCK20909;19/02/2023;AG001;264;Non;;40,61;Email;Changement d'offre;Non;Non;Oui;;Non Renseigné
TCK20910;04/03/2023;AG001;192;Non;4;34,39;Téléphone;Litige paiement;Non;Oui;Oui;7;Non Renseigné
TCK20911;22/02/2023;AG001;258;Oui;4;45,11;Chat;Réclamation;Non;Non;Oui;7;Non Renseigné
TCK20912;22/08/2023;AG003;390;Oui;2;24,45;Téléphone;Résiliation;Non;Oui;Oui;;Non Renseigné
TCK20913;05/04/2023;AG003;276;Non;2;14,31;Téléphone;Facturation;Non;Non;Oui;4;Non Renseigné
TCK20914;05/01/2023;AG006;252;Oui;;38,82;Chat;Souscription contrat;Non;Non;Oui;;Non Renseigné
TCK20915;24/01/2023;AG001;336;Oui;3;49,6;Chat;Souscription contrat;Oui;Non;Oui;;Non Renseigné
TCK20916;10/07/2023;AG004;396;Oui;2,5;16,77;Chat;Relevé compteur;Non;Non;Oui;8;Non Renseigné
TCK20917;28/07/2023;AG006;168;Oui;5;24,56;Téléphone;Déménagement;Non;Non;Non;2;Non Renseigné
TCK20918;26/11/2023;AG005;306;Oui;2,5;21,13;Email;Déménagement;Non;Non;Oui;5;Non Renseigné
TCK20919;21/03/2023;AG004;234;Oui;4,5;45,87;Téléphone;Relevé compteur;Non;Non;Oui;;Non Renseigné
TCK20920;05/11/2023;AG002;276;Oui;5;37;Email;Réclamation;Non;Non;Non;7;Non Renseigné
TCK20921;06/02/2023;AG005;342;Oui;2;33,05;Réseaux Sociaux;Relevé compteur;Oui;Oui;Oui;5;Non Renseigné
TCK20922;29/11/2023;AG005;240;Oui;2;40,14;Chat;Panne compteur;Non;Non;Oui;6;Non Renseigné
TCK20923;24/04/2023;AG005;54;Oui;;59,3;Téléphone;Souscription contrat;Non;Non;Non;;Comportement agent
TCK20924;07/09/2023;AG007;264;Oui;4;42,87;Chat;Relevé compteur;Oui;Oui;Oui;7;Non Renseigné
TCK20925;02/06/2023;AG005;378;Oui;4,5;54,75;Réseaux Sociaux;Déménagement;Non;Non;Oui;;Non Renseigné
TCK20926;27/05/2023;AG004;318;Non;2,5;30,79;Email;Déménagement;Oui;Non;Oui;5;Non Renseigné
TCK20927;04/12/2023;AG007;258;Non;;40,05;Réseaux Sociaux;Litige paiement;Non;Non;Non;0;Non Renseigné
TCK20928;14/02/2023;AG002;288;Non;3,5;22,23;Téléphone;Souscription contrat;Non;Non;Oui;2;Non Renseigné
TCK20929;28/08/2023;AG001;276;Oui;5;47,31;Réseaux Sociaux;Réclamation;Oui;Non;Oui;10;Non Renseigné
TCK20930;27/10/2023;AG005;84;Oui;4;48,83;Téléphone;Changement d'offre;Oui;Oui;Oui;;Non Renseigné
TCK20931;01/06/2023;AG006;288;Oui;2,5;37,61;Chat;Litige paiement;Non;Non;Oui;;Non Renseigné
TCK20932;16/12/2023;AG005;132;Non;2,5;34,06;Téléphone;Facturation;Oui;Non;Oui;9;Non Renseigné
TCK20933;03/03/2023;AG003;396;Oui;3,5;40,87;Téléphone;Changement d'offre;Non;Non;Non;8;Non Renseigné
TCK20934;05/01/2023;AG007;132;Non;2;58,08;Email;Déménagement;Oui;Non;Oui;7;Non Renseigné
TCK20935;24/01/2023;AG007;228;Oui;5;35,57;Chat;Déménagement;Oui;Non;Oui;;Non Renseigné
TCK20936;03/10/2023;AG007;204;Oui;;27,76;Chat;Panne compteur;Non;Oui;Oui;2;Non Renseigné
TCK20937;26/11/2023;AG004;438;Non;4;30,36;Email;Demande d'information;Non;Non;Oui;8;Non Renseigné
TCK20938;23/09/2023;AG008;390;Oui;4,5;37,17;Réseaux Sociaux;Souscription contrat;Oui;Non;Oui;9;Non Renseigné
TCK20939;27/01/2023;AG007;24;Oui;3,5;34,86;Chat;Litige paiement;Non;Non;Non;5;Non Renseigné
TCK20940;23/01/2023;AG002;270;Non;2;18,46;Réseaux Sociaux;Changement d'offre;Non;Non;Oui;8;Non Renseigné
TCK20941;22/06/2023;AG004;150;Oui;3,5;16,31;Téléphone;Déménagement;Non;Oui;Oui;10;Facturation incorrecte
TCK20942;23/07/2023;AG002;288;Oui;;42,97;Chat;Souscription contrat;Non;Non;Oui;10;Non Renseigné
TCK20943;20/08/2023;AG002;342;Non;4,5;30,09;Téléphone;Facturation;Non;Non;Oui;6;Non Renseigné
TCK20944;31/07/2023;AG006;294;Oui;4;48,46;Réseaux Sociaux;Résiliation;Non;Non;Oui;5;Facturation incorrecte
TCK20945;15/03/2023;AG003;348;Non;2;28,43;Email;Panne compteur;Oui;Non;Oui;5;Non Renseigné
TCK20946;16/01/2023;AG005;240;Oui;;23,55;Réseaux Sociaux;Facturation;Oui;Oui;Oui;;Non Renseigné
TCK20947;22/04/2023;AG008;300;Non;4;;Email;Déménagement;Non;Non;Oui;6;Non Renseigné
TCK20948;30/04/2023;AG004;162;Non;4;52,77;Chat;Facturation;Oui;Oui;Oui;8;Non Renseigné
TCK20949;11/02/2023;AG004;168;Oui;3;11,59;Réseaux Sociaux;Déménagement;Non;Non;Oui;6;Non Renseigné
TCK20950;25/04/2023;AG002;252;Non;5;19,99;Email;Résiliation;Non;Non;Non;;Non Renseigné
TCK20951;12/04/2023;AG007;234;Oui;;21,59;Réseaux Sociaux;Panne compteur;Oui;Non;Non;;Non Renseigné
TCK20952;02/10/2023;AG002;300;Oui;2;10,29;Téléphone;Déménagement;Oui;Non;Oui;;Non Renseigné
TCK20953;01/05/2023;AG002;420;Oui;4,5;31,47;Chat;Litige paiement;Non;Non;Oui;;Erreur technique
TCK20954;14/10/2023;AG002;168;Oui;3,5;43,81;Email;Changement d'offre;Oui;Non;Oui;2;Non Renseigné
TCK20955;08/06/2023;AG005;246;Oui;;45,1;Chat;Réclamation;Non;Non;Oui;;Non Renseigné
TCK20956;11/09/2023;AG006;372;Oui;;;Email;Déménagement;Non;Non;Oui;;Non Renseigné
TCK20957;05/02/2023;AG002;372;Oui;3,5;10;Téléphone;Souscription contrat;Non;Non;Non;;Non Renseigné
TCK20958;04/06/2023;AG003;348;Oui;4,5;57,28;Téléphone;Facturation;Non;Non;Oui;8;Non Renseigné
TCK20959;08/10/2023;AG008;468;Non;;32,15;Téléphone;Relevé compteur;Oui;Non;Non;9;Non Renseigné
TCK20960;02/08/2023;AG003;204;Oui;;56,64;Téléphone;Panne compteur;Oui;Non;Oui;1;Non Renseigné
TCK20961;27/09/2023;AG003;534;Oui;2,5;13,8;Réseaux Sociaux;Demande d'information;Oui;Oui;Oui;;Non Renseigné
TCK20962;13/06/2023;AG003;486;Oui;;49,6;Réseaux Sociaux;Facturation;Oui;Non;Oui;3;Non Renseigné
TCK20963;26/11/2023;AG006;270;Oui;;39,15;Email;Facturation;Oui;Non;Non;;Non Renseigné
TCK20964;14/08/2023;AG006;252;Non;3;11,17;Téléphone;Réclamation;Oui;Oui;Oui;10;Non Renseigné
TCK20965;31/03/2023;AG002;198;Oui;;;Email;Résiliation;Non;Non;Oui;;Non Renseigné
TCK20966;31/03/2023;AG008;318;Oui;5;55,54;Chat;Changement d'offre;Oui;Non;Non Renseigné;5;Non Renseigné
TCK20967;21/07/2023;AG001;54;Oui;2,5;52,33;Chat;Résiliation;Oui;Non;Oui;;Non Renseigné
TCK20968;07/06/2023;AG006;366;Oui;4;23,32;Chat;Résiliation;Non;Non;Oui;7;Non Renseigné
TCK20969;08/12/2023;AG006;534;Oui;4,5;54,97;Téléphone;Demande d'information;Non;Non;Non;;Non Renseigné
TCK20970;02/10/2023;AG001;252;Oui;2;;Téléphone;Réclamation;Non;Non;Oui;6;Comportement agent
TCK20971;11/11/2023;AG004;348;Oui;;54,52;Réseaux Sociaux;Litige paiement;Oui;Non;Oui;6;Non Renseigné
TCK20972;10/01/2023;AG006;426;Non;4;33,8;Téléphone;Souscription contrat;Non;Non;Oui;;Non Renseigné
TCK20973;22/07/2023;AG006;192;Oui;5;16,13;Téléphone;Panne compteur;Oui;Non;Oui;;Non Renseigné
TCK20974;21/08/2023;AG004;264;Oui;4,5;46,72;Téléphone;Relevé compteur;Oui;Oui;Oui;;Non Renseigné
TCK20975;14/08/2023;AG004;354;Oui;2,5;28,36;Email;Panne compteur;Oui;Non;Oui;;Non Renseigné
TCK20976;14/06/2023;AG004;480;Oui;4;26,74;Téléphone;Relevé compteur;Oui;Non;Non Renseigné;;Non Renseigné
TCK20977;25/11/2023;AG001;264;Oui;4,5;44,77;Chat;Litige paiement;Oui;Non;Oui;7;Non Renseigné
TCK20978;17/05/2023;AG001;384;Oui;4;34,63;Téléphone;Réclamation;Non;Non;Oui;;Non Renseigné
TCK20979;23/03/2023;AG007;384;Oui;5;55,74;Téléphone;Litige paiement;Oui;Oui;Oui;;Non Renseigné
TCK20980;09/09/2023;AG008;48;Oui;2;19,97;Téléphone;Résiliation;Non;Oui;Oui;;Non Renseigné
TCK20981;29/11/2023;AG008;198;Oui;;25,38;Email;Résiliation;Oui;Non;Oui;5;Non Renseigné
TCK20982;15/10/2023;AG003;282;Non;4;22,43;Réseaux Sociaux;Résiliation;Oui;Non;Oui;;Non Renseigné
TCK20983;11/01/2023;AG001;222;Oui;5;;Téléphone;Panne compteur;Oui;Oui;Oui;8;Non Renseigné
TCK20984;03/10/2023;AG007;384;Non;4;26,36;Téléphone;Réclamation;Oui;Non;Oui;;Facturation incorrecte
TCK20985;21/11/2023;AG008;192;Oui;0,5;22,11;Email;Litige paiement;Non;Non;Oui;8;Non Renseigné
TCK20986;23/08/2023;AG002;324;Oui;2,5;16,49;Téléphone;Changement d'offre;Non;Non;Non;2;Non Renseigné
TCK20987;28/06/2023;AG006;204;Oui;4;32,69;Réseaux Sociaux;Résiliation;Non;Oui;Oui;3;Non Renseigné
TCK20988;21/03/2023;AG003;486;Non;4,5;41,66;Email;Changement d'offre;Oui;Oui;Oui;8;Non Renseigné
TCK20989;07/07/2023;AG001;276;Non;5;50,54;Téléphone;Panne compteur;Oui;Non;Oui;;Non Renseigné
TCK20990;17/02/2023;AG005;264;Non;4,5;24,01;Email;Changement d'offre;Oui;Non;Oui;;Non Renseigné
TCK20991;16/02/2023;AG002;258;Non;1,5;17,3;Réseaux Sociaux;Souscription contrat;Oui;Non;Non Renseigné;7;Non Renseigné
TCK20992;07/04/2023;AG004;162;Non;;36,09;Chat;Relevé compteur;Non;Non;Oui;2;Non Renseigné
TCK20993;30/06/2023;AG008;150;Non;;;Réseaux Sociaux;Réclamation;Non;Oui;Oui;;Non Renseigné
TCK20994;08/08/2023;AG007;150;Oui;5;45,97;Chat;Panne compteur;Oui;Non;Non;;Non Renseigné
TCK20995;03/12/2023;AG008;438;Oui;4;26,81;Téléphone;Souscription contrat;Oui;Oui;Oui;7;Non Renseigné
TCK20996;29/04/2023;AG007;306;Oui;1,5;11,19;Email;Changement d'offre;Oui;Non;Oui;9;Non Renseigné
TCK20997;30/01/2023;AG006;72;Oui;1;13,99;Téléphone;Relevé compteur;Non;Oui;Oui;8;Non Renseigné
TCK20998;12/09/2023;AG005;336;Non;4;46,08;Réseaux Sociaux;Changement d'offre;Non;Non;Oui;10;Non Renseigné
TCK20999;27/03/2023;AG008;258;Oui;4,5;14,41;Téléphone;Résiliation;Oui;Non;Oui;5;Non Renseigné
TCK21000;03/11/2023;AG004;324;Oui;5;40,55;Réseaux Sociaux;Souscription contrat;Oui;Non;Oui;9;Non Renseigné
TCK21001;21/08/2023;AG002;348;Oui;;51,01;Réseaux Sociaux;Changement d'offre;Oui;Oui;Oui;9;Non Renseigné
TCK21002;06/04/2023;AG003;120;Oui;5;35,6;Réseaux Sociaux;Demande d'information;Oui;Non;Oui;;Non Renseigné
TCK21003;24/05/2023;AG006;216;Non;;37,44;Réseaux Sociaux;Déménagement;Non;Non;Oui;8;Non Renseigné
TCK21004;20/05/2023;AG004;528;Oui;;57,44;Email;Facturation;Oui;Non;Oui;3;Non Renseigné
TCK21005;24/11/2023;AG002;420;Non;;55,11;Chat;Relevé compteur;Non;Non;Oui;9;Non Renseigné
TCK21006;22/02/2023;AG007;294;Non;;57,17;Réseaux Sociaux;Changement d'offre;Non;Non;Oui;4;Non Renseigné
TCK21007;23/11/2023;AG008;300;Non;;14,92;Chat;Facturation;Oui;Non;Oui;9;Non Renseigné
TCK21008;31/10/2023;AG003;264;Oui;5;52,33;Téléphone;Relevé compteur;Non;Non;Non;;Non Renseigné
TCK21009;16/08/2023;AG003;84;Oui;;35,26;Réseaux Sociaux;Changement d'offre;Non;Non;Oui;7;Non Renseigné
TCK21010;01/09/2023;AG004;204;Non;;22,62;Chat;Facturation;Oui;Oui;Oui;7;Non Renseigné
TCK21011;14/09/2023;AG001;312;Oui;4;46,59;Téléphone;Souscription contrat;Oui;Non;Non;0;Non Renseigné
TCK21012;25/11/2023;AG007;222;Oui;1,5;23,24;Téléphone;Relevé compteur;Non;Non;Non;0;Non Renseigné
TCK21013;15/10/2023;AG001;162;Non;;27,49;Chat;Relevé compteur;Non;Oui;Oui;9;Non Renseigné
TCK21014;15/10/2023;AG007;174;Non;3,5;37,76;Réseaux Sociaux;Facturation;Oui;Non;Oui;7;Non Renseigné
TCK21015;12/04/2023;AG005;426;Oui;5;15;Réseaux Sociaux;Déménagement;Oui;Non;Non;8;Non Renseigné
TCK21016;01/06/2023;AG003;216;Non;4;42,43;Chat;Facturation;Non;Oui;Non;9;Non Renseigné
TCK21017;14/11/2023;AG003;396;Non;;46,27;Email;Déménagement;Non;Non;Oui;9;Non Renseigné
TCK21018;09/02/2023;AG007;306;Non;4,5;40,81;Téléphone;Facturation;Oui;Non;Non;9;Non Renseigné
TCK21019;09/12/2023;AG001;246;Oui;1;31,44;Email;Relevé compteur;Oui;Non;Oui;7;Non Renseigné
TCK21020;14/03/2023;AG001;186;Oui;3;26,89;Chat;Relevé compteur;Non;Non;Oui;;Non Renseigné
TCK21021;13/05/2023;AG001;342;Oui;2,5;50,48;Réseaux Sociaux;Demande d'information;Oui;Non;Oui;9;Non Renseigné
TCK21022;01/08/2023;AG004;384;Non;4,5;32,06;Téléphone;Souscription contrat;Non;Oui;Non;8;Comportement agent
TCK21023;20/03/2023;AG001;354;Non;2,5;45,82;Téléphone;Relevé compteur;Oui;Non;Non;;Délai de traitement
TCK21024;23/10/2023;AG005;132;Non;5;41,63;Téléphone;Relevé compteur;Oui;Non;Oui;9;Non Renseigné
TCK21025;05/06/2023;AG001;216;Non;2,5;58,8;Chat;Relevé compteur;Oui;Non;Oui;10;Non Renseigné
TCK21026;03/10/2023;AG001;228;Non;3;43,7;Réseaux Sociaux;Déménagement;Oui;Non;Non Renseigné;9;Non Renseigné
TCK21027;21/12/2023;AG006;66;Non;3,5;37,08;Téléphone;Changement d'offre;Oui;Non;Oui;;Non Renseigné
TCK21028;29/04/2023;AG001;318;Oui;2,5;12,91;Email;Souscription contrat;Non;Non;Oui;8;Non Renseigné
TCK21029;05/01/2023;AG005;336;Non;2,5;59,92;Téléphone;Litige paiement;Non;Non;Oui;;Facturation incorrecte
TCK21030;13/05/2023;AG008;330;Oui;3,5;42,56;Téléphone;Panne compteur;Oui;Non;Oui;;Non Renseigné
TCK21031;28/03/2023;AG006;312;Oui;3,5;52,81;Réseaux Sociaux;Panne compteur;Non;Non;Non;7;Non Renseigné
TCK21032;25/10/2023;AG008;234;Oui;2;53,82;Réseaux Sociaux;Panne compteur;Non;Non;Oui;7;Non Renseigné
TCK21033;20/06/2023;AG007;186;Oui;1,5;20,08;Réseaux Sociaux;Résiliation;Oui;Oui;Oui;;Non Renseigné
TCK21034;27/04/2023;AG003;234;Non;5;52,72;Téléphone;Demande d'information;Oui;Non;Oui;10;Non Renseigné
TCK21035;16/09/2023;AG004;306;Oui;3;44,34;Email;Changement d'offre;Oui;Non;Oui;7;Erreur technique
TCK21036;29/07/2023;AG001;408;Non;4;;Email;Litige paiement;Non;Non;Oui;10;Non Renseigné
TCK21037;11/11/2023;AG008;276;Non;4;30,96;Réseaux Sociaux;Déménagement;Non;Oui;Non;;Non Renseigné
TCK21038;06/08/2023;AG004;204;Oui;4,5;35,26;Chat;Relevé compteur;Oui;Oui;Non;;Non Renseigné
TCK21039;28/06/2023;AG006;174;Non;1;36,57;Téléphone;Demande d'information;Non;Oui;Non;;Non Renseigné
TCK21040;11/10/2023;AG006;330;Oui;2,5;39,07;Téléphone;Souscription contrat;Non;Non;Oui;0;Non Renseigné
TCK21041;19/04/2023;AG006;336;Non;4,5;49,04;Chat;Réclamation;Oui;Oui;Oui;10;Non Renseigné
TCK21042;04/11/2023;AG001;360;Non;4;30,47;Téléphone;Changement d'offre;Oui;Non;Non;4;Non Renseigné
TCK21043;01/01/2023;AG007;156;Oui;4;53,82;Téléphone;Déménagement;Oui;Non;Oui;6;Comportement agent
TCK21044;27/09/2023;AG001;342;Non;2,5;28,8;Réseaux Sociaux;Résiliation;Oui;Non;Non;4;Non Renseigné
TCK21045;24/10/2023;AG004;84;Non;4;36,74;Réseaux Sociaux;Facturation;Oui;Oui;Oui;7;Non Renseigné
TCK21046;28/12/2023;AG003;240;Non;2,5;37,46;Chat;Résiliation;Non;Oui;Oui;9;Non Renseigné
TCK21047;27/11/2023;AG001;84;Oui;4;57,46;Email;Souscription contrat;Oui;Oui;Non;;Non Renseigné
TCK21048;16/06/2023;AG005;186;Oui;;10,41;Téléphone;Souscription contrat;Oui;Non;Oui;;Non Renseigné
TCK21049;01/10/2023;AG002;426;Oui;3,5;10,46;Téléphone;Changement d'offre;Non;Oui;Oui;;Non Renseigné
TCK21050;21/11/2023;AG007;174;Oui;;11,13;Chat;Facturation;Non;Non;Non Renseigné;0;Non Renseigné
TCK21051;11/01/2023;AG002;60;Non;4,5;44,35;Email;Réclamation;Non;Non;Oui;2;Non Renseigné
TCK21052;09/01/2023;AG005;324;Non;3;25,05;Téléphone;Relevé compteur;Non;Non;Oui;;Délai de traitement
TCK21053;14/09/2023;AG004;78;Non;;18,36;Téléphone;Réclamation;Oui;Non;Non;;Non Renseigné
TCK21054;04/12/2023;AG001;114;Oui;;;Chat;Relevé compteur;Oui;Non;Oui;;Non Renseigné
TCK21055;01/09/2023;AG004;216;Oui;;36,74;Email;Panne compteur;Oui;Non;Non;8;Non Renseigné
TCK21056;22/09/2023;AG003;276;Non;3,5;17,87;Réseaux Sociaux;Déménagement;Non;Non;Oui;;Non Renseigné
TCK21057;09/09/2023;AG004;114;Non;3;43,55;Téléphone;Souscription contrat;Non;Non;Oui;;Facturation incorrecte
TCK21058;06/02/2023;AG007;222;Oui;4;33,39;Téléphone;Souscription contrat;Non;Non;Oui;;Non Renseigné
TCK21059;03/07/2023;AG003;300;Non;;13,54;Téléphone;Panne compteur;Non;Non;Oui;;Non Renseigné
TCK21060;23/06/2023;AG001;108;Non;4;36,38;Réseaux Sociaux;Réclamation;Non;Non;Oui;8;Non Renseigné
TCK21061;28/05/2023;AG003;336;Non;3;;Réseaux Sociaux;Facturation;Oui;Non;Oui;0;Non Renseigné
TCK21062;26/08/2023;AG007;360;Non;0,5;37,45;Email;Panne compteur;Non;Non;Oui;9;Non Renseigné
TCK21063;14/07/2023;AG004;276;Non;4,5;39,15;Chat;Souscription contrat;Oui;Oui;Oui;4;Non Renseigné
TCK21064;08/12/2023;AG008;330;Non;;48,86;Téléphone;Souscription contrat;Non;Non;Oui;10;Non Renseigné
TCK21065;11/10/2023;AG008;258;Non;4,5;24,27;Téléphone;Panne compteur;Oui;Non;Oui;6;Non Renseigné
TCK21066;27/06/2023;AG007;246;Oui;4;;Réseaux Sociaux;Changement d'offre;Non;Oui;Non;5;Non Renseigné
TCK21067;06/02/2023;AG001;396;Non;2;;Réseaux Sociaux;Demande d'information;Non;Non;Oui;;Non Renseigné
TCK21068;03/08/2023;AG006;312;Oui;0,5;19,44;Chat;Souscription contrat;Oui;Non;Oui;4;Non Renseigné
TCK21069;04/01/2023;AG002;312;Non;2;45,06;Téléphone;Souscription contrat;Non;Non;Oui;5;Non Renseigné
TCK21070;11/12/2023;AG002;162;Non;2,5;24,82;Réseaux Sociaux;Souscription contrat;Non;Non;Non;;Non Renseigné
TCK21071;10/01/2023;AG005;156;Oui;4,5;46,28;Téléphone;Demande d'information;Oui;Oui;Non;;Non Renseigné
TCK21072;11/06/2023;AG002;180;Oui;5;15,22;Téléphone;Demande d'information;Oui;Non;Oui;7;Non Renseigné
TCK21073;01/12/2023;AG002;330;Oui;2,5;21,88;Email;Demande d'information;Non;Oui;Oui;;Non Renseigné
TCK21074;07/12/2023;AG001;222;Non;2,5;12,23;Email;Litige paiement;Oui;Non;Oui;8;Non Renseigné
TCK21075;03/12/2023;AG002;18;Non;;58,53;Chat;Réclamation;Non;Non;Non;4;Non Renseigné
TCK21076;23/04/2023;AG004;168;Non;5;25,93;Chat;Déménagement;Non;Non;Oui;7;Non Renseigné
TCK21077;09/08/2023;AG008;396;Oui;3,5;32,43;Réseaux Sociaux;Relevé compteur;Oui;Oui;Oui;10;Non Renseigné
TCK21078;29/07/2023;AG001;162;Oui;2;;Réseaux Sociaux;Litige paiement;Non;Non;Oui;;Non Renseigné
TCK21079;06/10/2023;AG003;306;Oui;2,5;19,45;Réseaux Sociaux;Résiliation;Oui;Non;Non;6;Non Renseigné
TCK21080;31/12/2023;AG003;222;Non;2,5;29,01;Téléphone;Relevé compteur;Oui;Non;Oui;6;Non Renseigné
TCK21081;10/07/2023;AG007;336;Oui;;53,56;Chat;Résiliation;Non;Non;Non;;Non Renseigné
TCK21082;20/07/2023;AG005;138;Oui;2;44,18;Chat;Demande d'information;Non;Non;Non;9;Non Renseigné
TCK21083;01/11/2023;AG008;408;Non;4;10,98;Email;Facturation;Non;Non;Oui;;Non Renseigné
TCK21084;26/07/2023;AG004;258;Oui;2;50,66;Téléphone;Réclamation;Non;Non;Non;8;Non Renseigné
TCK21085;22/12/2023;AG007;456;Oui;4;57,73;Réseaux Sociaux;Panne compteur;Oui;Non;Oui;4;Non Renseigné
TCK21086;25/02/2023;AG008;30;Oui;;33,25;Email;Réclamation;Oui;Oui;Oui;10;Non Renseigné
TCK21087;04/04/2023;AG007;294;Oui;;44,49;Email;Changement d'offre;Non;Non;Non;;Comportement agent
TCK21088;13/04/2023;AG002;246;Oui;4,5;55,91;Réseaux Sociaux;Déménagement;Oui;Non;Non;9;Non Renseigné
TCK21089;18/08/2023;AG003;300;Non;;50,76;Téléphone;Panne compteur;Oui;Non;Oui;2;Non Renseigné
TCK21090;06/10/2023;AG004;210;Oui;3,5;15,61;Téléphone;Relevé compteur;Oui;Non;Oui;3;Non Renseigné
TCK21091;22/12/2023;AG007;234;Oui;2,5;24,56;Téléphone;Facturation;Oui;Non;Oui;;Non Renseigné
TCK21092;21/06/2023;AG003;402;Non;3;54,96;Téléphone;Facturation;Non;Non;Oui;;Non Renseigné
TCK21093;06/06/2023;AG002;318;Oui;5;41,19;Téléphone;Résiliation;Oui;Non;Oui;;Non Renseigné
TCK21094;30/03/2023;AG002;240;Non;;35,07;Téléphone;Changement d'offre;Oui;Non;Non;5;Non Renseigné
TCK21095;09/11/2023;AG007;186;Non;;12,17;Email;Résiliation;Oui;Non;Oui;;Non Renseigné
TCK21096;06/07/2023;AG001;156;Oui;4;42,35;Téléphone;Résiliation;Non;Non;Oui;;Délai de traitement
TCK21097;20/01/2023;AG007;216;Oui;3;33,21;Téléphone;Demande d'information;Oui;Non;Non;;Non Renseigné
TCK21098;09/10/2023;AG004;30;Oui;2;57,8;Téléphone;Litige paiement;Non;Non;Oui;;Non Renseigné
TCK21099;04/06/2023;AG004;252;Oui;;20,74;Réseaux Sociaux;Demande d'information;Non;Non;Oui;;Non Renseigné
TCK21100;24/04/2023;AG003;456;Non;3,5;37,84;Téléphone;Déménagement;Non;Non;Oui;6;Non Renseigné
TCK21101;23/06/2023;AG001;282;Oui;4;56,45;Téléphone;Demande d'information;Oui;Non;Oui;10;Facturation incorrecte
TCK21102;01/02/2023;AG001;198;Oui;4,5;14,43;Réseaux Sociaux;Souscription contrat;Oui;Non;Oui;;Non Renseigné
TCK21103;15/10/2023;AG006;30;Oui;4;40,45;Téléphone;Panne compteur;Non;Non;Oui;;Non Renseigné
TCK21104;25/02/2023;AG003;186;Oui;4;;Email;Litige paiement;Oui;Oui;Oui;8;Non Renseigné
TCK21105;06/11/2023;AG003;216;Non;4,5;37,23;Chat;Réclamation;Oui;Oui;Oui;;Non Renseigné
TCK21106;26/06/2023;AG003;186;Non;;44,91;Réseaux Sociaux;Réclamation;Non;Oui;Oui;3;Non Renseigné
TCK21107;22/06/2023;AG002;276;Oui;;41,19;Réseaux Sociaux;Souscription contrat;Oui;Non;Oui;4;Non Renseigné
TCK21108;27/09/2023;AG001;258;Oui;;46,02;Téléphone;Facturation;Non;Non;Oui;10;Non Renseigné
TCK21109;11/04/2023;AG003;120;Oui;2;36,47;Chat;Changement d'offre;Oui;Non;Oui;8;Non Renseigné
TCK21110;02/09/2023;AG001;96;Non;;40,52;Téléphone;Souscription contrat;Oui;Non;Oui;;Non Renseigné
TCK21111;06/02/2023;AG002;168;Non;2,5;56,96;Réseaux Sociaux;Facturation;Non;Non;Oui;5;Facturation incorrecte
TCK21112;01/09/2023;AG003;210;Non;3;33,03;Téléphone;Souscription contrat;Non;Oui;Oui;10;Non Renseigné
TCK21113;10/01/2023;AG002;294;Oui;5;54,54;Email;Litige paiement;Oui;Non;Non;7;Non Renseigné
TCK21114;05/02/2023;AG003;252;Non;;;Téléphone;Changement d'offre;Non;Non;Oui;10;Facturation incorrecte
TCK21115;07/02/2023;AG004;336;Oui;;52,24;Réseaux Sociaux;Litige paiement;Oui;Non;Oui;9;Non Renseigné
TCK21116;23/08/2023;AG007;108;Oui;4,5;41,71;Téléphone;Déménagement;Non;Non;Oui;;Non Renseigné
TCK21117;13/11/2023;AG002;48;Non;2;48,72;Téléphone;Résiliation;Oui;Non;Oui;7;Non Renseigné
TCK21118;21/06/2023;AG002;282;Oui;4;19,34;Email;Résiliation;Oui;Non;Oui;;Délai de traitement
TCK21119;19/06/2023;AG002;222;Oui;4,5;27,3;Téléphone;Changement d'offre;Oui;Non;Non;8;Non Renseigné
TCK21120;11/02/2023;AG006;222;Oui;2,5;26,71;Téléphone;Relevé compteur;Oui;Non;Oui;;Non Renseigné
TCK21121;23/06/2023;AG005;42;Non;;15,37;Téléphone;Litige paiement;Oui;Non;Non;8;Non Renseigné
TCK21122;30/08/2023;AG002;336;Oui;;15,78;Réseaux Sociaux;Souscription contrat;Oui;Non;Oui;5;Non Renseigné
TCK21123;26/05/2023;AG007;264;Oui;3,5;57,31;Téléphone;Demande d'information;Oui;Non;Oui;0;Non Renseigné
TCK21124;19/05/2023;AG005;354;Oui;5;42,26;Téléphone;Souscription contrat;Non;Non;Oui;1;Non Renseigné
TCK21125;12/11/2023;AG001;414;Oui;3,5;51,34;Chat;Souscription contrat;Oui;Oui;Non;;Non Renseigné
TCK21126;22/04/2023;AG001;270;Non;;44,85;Réseaux Sociaux;Résiliation;Oui;Non;Oui;10;Non Renseigné
TCK21127;15/04/2023;AG003;162;Oui;2;39,34;Chat;Panne compteur;Non;Non;Oui;9;Non Renseigné
TCK21128;18/05/2023;AG004;306;Non;3,5;28,96;Chat;Demande d'information;Oui;Non;Oui;7;Facturation incorrecte
TCK21129;31/08/2023;AG008;480;Non;4;27,01;Réseaux Sociaux;Panne compteur;Oui;Oui;Non;;Non Renseigné
TCK21130;02/08/2023;AG005;360;Oui;3,5;34,81;Email;Litige paiement;Oui;Oui;Oui;9;Non Renseigné
TCK21131;03/06/2023;AG006;300;Oui;2;51,24;Téléphone;Déménagement;Oui;Oui;Oui;8;Non Renseigné
TCK21132;17/11/2023;AG001;174;Oui;5;13,08;Email;Panne compteur;Non;Non;Oui;;Non Renseigné
TCK21133;15/01/2023;AG006;246;Non;4;12,57;Email;Résiliation;Non;Non;Oui;10;Non Renseigné
TCK21134;25/10/2023;AG002;102;Non;2,5;45,9;Réseaux Sociaux;Réclamation;Oui;Non;Oui;0;Délai de traitement
TCK21135;08/02/2023;AG005;150;Oui;4,5;47,14;Chat;Facturation;Non;Non;Oui;10;Non Renseigné
TCK21136;02/02/2023;AG007;312;Non;;17,23;Réseaux Sociaux;Résiliation;Non;Non;Non;0;Non Renseigné
TCK21137;05/04/2023;AG004;84;Oui;;16,7;Réseaux Sociaux;Déménagement;Non;Non;Oui;3;Non Renseigné
TCK21138;05/02/2023;AG004;234;Oui;2;;Réseaux Sociaux;Panne compteur;Oui;Non;Oui;9;Non Renseigné
TCK21139;22/10/2023;AG007;138;Oui;4;27,78;Email;Facturation;Oui;Non;Oui;9;Délai de traitement
TCK21140;27/09/2023;AG006;276;Oui;;16,39;Chat;Demande d'information;Non;Non;Oui;;Non Renseigné
TCK21141;17/04/2023;AG004;426;Non;1;46,95;Chat;Changement d'offre;Oui;Non;Oui;4;Erreur technique
TCK21142;01/04/2023;AG006;108;Non;;28,77;Email;Litige paiement;Oui;Non;Oui;5;Non Renseigné
TCK21143;10/03/2023;AG001;198;Non;4,5;34,89;Chat;Panne compteur;Oui;Non;Oui;7;Non Renseigné
TCK21144;20/01/2023;AG005;138;Non;4,5;29,93;Réseaux Sociaux;Demande d'information;Oui;Non;Oui;8;Non Renseigné
TCK21145;08/08/2023;AG003;192;Non;4,5;10,96;Réseaux Sociaux;Relevé compteur;Non;Oui;Oui;;Non Renseigné
TCK21146;01/01/2023;AG002;204;Non;4,5;12,2;Téléphone;Demande d'information;Oui;Non;Oui;5;Facturation incorrecte
TCK21147;30/01/2023;AG001;324;Oui;;42,68;Chat;Relevé compteur;Oui;Non;Oui;;Non Renseigné
TCK21148;10/06/2023;AG007;342;Oui;;34,68;Réseaux Sociaux;Panne compteur;Non;Non;Oui;;Non Renseigné
TCK21149;02/04/2023;AG001;330;Oui;2,5;;Réseaux Sociaux;Souscription contrat;Oui;Oui;Oui;9;Non Renseigné
TCK21150;22/01/2023;AG005;342;Non;3,5;44,99;Email;Réclamation;Oui;Non;Oui;9;Non Renseigné
TCK21151;19/04/2023;AG005;180;Oui;3,5;22,31;Email;Facturation;Non;Non;Oui;8;Non Renseigné
TCK21152;16/08/2023;AG008;312;Oui;4,5;46,12;Chat;Résiliation;Oui;Non;Oui;;Non Renseigné
TCK21153;15/06/2023;AG006;288;Oui;2,5;19,52;Réseaux Sociaux;Facturation;Oui;Non;Oui;4;Comportement agent
TCK21154;20/09/2023;AG005;186;Oui;5;29,48;Chat;Panne compteur;Oui;Non;Oui;;Non Renseigné
TCK21155;13/12/2023;AG007;258;Oui;;47,08;Réseaux Sociaux;Déménagement;Oui;Oui;Non Renseigné;5;Non Renseigné
TCK21156;08/08/2023;AG004;102;Oui;4;39,77;Téléphone;Demande d'information;Non;Non;Oui;9;Non Renseigné
TCK21157;11/05/2023;AG008;156;Non;;53,61;Chat;Relevé compteur;Non;Non;Oui;10;Non Renseigné
TCK21158;16/01/2023;AG003;258;Non;3,5;17,91;Téléphone;Panne compteur;Oui;Oui;Non;7;Non Renseigné
TCK21159;22/10/2023;AG004;216;Non;4;44,77;Téléphone;Panne compteur;Oui;Non;Oui;3;Non Renseigné
TCK21160;20/11/2023;AG005;306;Non;4;24,31;Téléphone;Résiliation;Oui;Non;Oui;;Non Renseigné
TCK21161;05/03/2023;AG007;192;Non;2;19,95;Réseaux Sociaux;Résiliation;Oui;Non;Oui;9;Non Renseigné
TCK21162;24/04/2023;AG004;228;Oui;5;34,18;Téléphone;Souscription contrat;Oui;Non;Oui;;Non Renseigné
TCK21163;05/10/2023;AG008;264;Non;5;35,05;Téléphone;Facturation;Oui;Non;Oui;10;Non Renseigné
TCK21164;22/09/2023;AG002;180;Oui;4,5;28,82;Téléphone;Relevé compteur;Non;Non;Oui;;Non Renseigné
TCK21165;15/02/2023;AG007;228;Oui;4,5;43,61;Téléphone;Panne compteur;Non;Non;Non;3;Non Renseigné
TCK21166;18/05/2023;AG001;288;Oui;;39,49;Réseaux Sociaux;Déménagement;Oui;Non;Oui;4;Non Renseigné
TCK21167;20/04/2023;AG008;432;Non;2,5;;Chat;Résiliation;Oui;Non;Oui;0;Non Renseigné
TCK21168;26/04/2023;AG001;198;Non;;18,09;Réseaux Sociaux;Litige paiement;Non;Oui;Oui;8;Non Renseigné
TCK21169;06/07/2023;AG006;174;Oui;5;22,46;Réseaux Sociaux;Relevé compteur;Oui;Non;Oui;8;Non Renseigné
TCK21170;11/09/2023;AG008;282;Oui;2,5;38,13;Téléphone;Facturation;Oui;Oui;Non;8;Non Renseigné
TCK21171;22/02/2023;AG004;102;Oui;4,5;57,25;Téléphone;Déménagement;Oui;Non;Oui;9;Non Renseigné
TCK21172;16/02/2023;AG008;330;Non;;;Email;Changement d'offre;Non;Non;Oui;;Non Renseigné
TCK21173;12/05/2023;AG004;144;Oui;4,5;50,86;Téléphone;Facturation;Oui;Oui;Oui;1;Non Renseigné
TCK21174;25/08/2023;AG007;96;Oui;4;23,13;Chat;Déménagement;Oui;Non;Oui;8;Non Renseigné
TCK21175;15/09/2023;AG005;312;Oui;2,5;11,96;Email;Changement d'offre;Oui;Non;Non Renseigné;;Non Renseigné
TCK21176;29/01/2023;AG005;384;Non;4,5;12,38;Téléphone;Résiliation;Non;Non;Oui;10;Non Renseigné
TCK21177;29/10/2023;AG002;180;Non;3,5;20,96;Email;Changement d'offre;Oui;Oui;Oui;4;Non Renseigné
TCK21178;03/05/2023;AG004;372;Non;2,5;32,77;Téléphone;Résiliation;Non;Non;Non;5;Non Renseigné
TCK21179;12/09/2023;AG001;348;Oui;5;44,9;Chat;Réclamation;Non;Non;Non;7;Non Renseigné
TCK21180;10/08/2023;AG006;150;Oui;2,5;;Chat;Souscription contrat;Non;Non;Non Renseigné;5;Non Renseigné
TCK21181;27/10/2023;AG006;228;Oui;3;29,91;Téléphone;Litige paiement;Non;Non;Oui;6;Non Renseigné
TCK21182;10/07/2023;AG002;336;Oui;4,5;13,44;Email;Demande d'information;Oui;Non;Non;0;Non Renseigné
TCK21183;25/07/2023;AG002;282;Oui;2,5;35,37;Email;Souscription contrat;Oui;Non;Non;10;Non Renseigné
TCK21184;23/05/2023;AG003;282;Non;4,5;11,2;Chat;Réclamation;Oui;Non;Oui;;Non Renseigné
TCK21185;25/11/2023;AG004;48;Oui;4;25,65;Téléphone;Changement d'offre;Non;Non;Oui;5;Non Renseigné
TCK21186;04/08/2023;AG007;294;Oui;5;32,53;Réseaux Sociaux;Souscription contrat;Non;Non;Oui;3;Non Renseigné
TCK21187;17/02/2023;AG005;408;Non;1,5;24,28;Email;Déménagement;Oui;Non;Non Renseigné;;Non Renseigné
TCK21188;16/07/2023;AG005;174;Oui;1;51,78;Chat;Réclamation;Oui;Oui;Oui;;Non Renseigné
TCK21189;07/12/2023;AG005;108;Non;;58,36;Téléphone;Relevé compteur;Oui;Non;Oui;5;Non Renseigné
TCK21190;30/10/2023;AG007;48;Oui;5;52,33;Téléphone;Litige paiement;Non;Oui;Non;5;Non Renseigné
TCK21191;20/06/2023;AG008;144;Oui;;31,35;Réseaux Sociaux;Panne compteur;Non;Non;Oui;10;Non Renseigné
TCK21192;09/08/2023;AG008;108;Oui;3;47,18;Email;Facturation;Non;Non;Non Renseigné;6;Non Renseigné
TCK21193;28/08/2023;AG005;300;Oui;;36,6;Chat;Panne compteur;Oui;Non;Oui;10;Non Renseigné
TCK21194;06/10/2023;AG002;330;Oui;;20,75;Téléphone;Changement d'offre;Non;Non;Non Renseigné;8;Non Renseigné
TCK21195;11/11/2023;AG007;336;Non;4,5;45,78;Réseaux Sociaux;Déménagement;Oui;Non;Oui;;Non Renseigné
TCK21196;28/05/2023;AG003;210;Non;4,5;18,63;Réseaux Sociaux;Déménagement;Oui;Non;Non Renseigné;;Non Renseigné
TCK21197;30/06/2023;AG008;390;Oui;4;10,13;Chat;Panne compteur;Non;Oui;Oui;4;Non Renseigné
TCK21198;16/08/2023;AG004;48;Oui;3;37,75;Réseaux Sociaux;Relevé compteur;Oui;Non;Oui;;Non Renseigné
TCK21199;05/08/2023;AG003;198;Oui;1,5;19,4;Téléphone;Demande d'information;Non;Non;Oui;;Non Renseigné
TCK21200;04/07/2023;AG004;222;Non;3;21,32;Téléphone;Relevé compteur;Non;Non;Non Renseigné;;Non Renseigné
TCK21201;23/10/2023;AG008;336;Non;1,5;34,04;Email;Changement d'offre;Oui;Non;Non;4;Non Renseigné
TCK21202;27/12/2023;AG004;108;Oui;4,5;23,59;Chat;Litige paiement;Oui;Non;Non;;Non Renseigné
TCK21203;07/09/2023;AG003;270;Oui;4,5;18,49;Téléphone;Déménagement;Oui;Non;Non Renseigné;5;Non Renseigné
TCK21204;15/01/2023;AG001;372;Oui;4,5;;Téléphone;Litige paiement;Non;Non;Oui;;Non Renseigné
TCK21205;15/10/2023;AG008;354;Non;2;33,12;Chat;Souscription contrat;Oui;Non;Oui;2;Non Renseigné
TCK21206;15/03/2023;AG002;378;Oui;;16,91;Chat;Facturation;Oui;Non;Non Renseigné;;Non Renseigné
TCK21207;17/03/2023;AG008;366;Oui;4,5;58,31;Téléphone;Panne compteur;Oui;Non;Oui;9;Non Renseigné
TCK21208;05/10/2023;AG004;216;Oui;2,5;19,31;Téléphone;Litige paiement;Non;Non;Oui;;Non Renseigné
TCK21209;23/07/2023;AG006;330;Oui;;16,28;Téléphone;Réclamation;Non;Non;Oui;3;Non Renseigné
TCK21210;03/10/2023;AG007;312;Oui;4;33,48;Chat;Changement d'offre;Oui;Non;Non Renseigné;;Non Renseigné
TCK21211;18/07/2023;AG006;204;Oui;;49,15;Réseaux Sociaux;Relevé compteur;Oui;Non;Oui;4;Non Renseigné
TCK21212;21/02/2023;AG003;336;Oui;;44,32;Téléphone;Panne compteur;Non;Oui;Oui;1;Facturation incorrecte
TCK21213;24/07/2023;AG003;426;Non;2,5;10,92;Réseaux Sociaux;Souscription contrat;Oui;Oui;Oui;8;Non Renseigné
TCK21214;30/10/2023;AG003;384;Oui;3,5;10,47;Chat;Facturation;Oui;Non;Non;8;Délai de traitement
TCK21215;21/07/2023;AG002;120;Non;3,5;11,65;Réseaux Sociaux;Souscription contrat;Non;Non;Oui;5;Non Renseigné
TCK21216;25/01/2023;AG005;318;Oui;1;23,27;Chat;Demande d'information;Non;Oui;Oui;;Non Renseigné
TCK21217;24/12/2023;AG003;360;Oui;;44,4;Téléphone;Changement d'offre;Oui;Non;Non Renseigné;;Non Renseigné
TCK21218;31/10/2023;AG001;198;Non;4,5;11,8;Téléphone;Réclamation;Non;Non;Non;7;Non Renseigné
TCK21219;30/01/2023;AG007;378;Oui;4,5;56,64;Email;Demande d'information;Non;Non;Non;;Non Renseigné
TCK21220;15/01/2023;AG005;186;Oui;2,5;34,59;Email;Réclamation;Oui;Non;Oui;;Non Renseigné
TCK21221;06/07/2023;AG007;240;Oui;4;48,42;Téléphone;Litige paiement;Oui;Non;Oui;5;Non Renseigné
TCK21222;10/09/2023;AG006;192;Oui;4,5;22,14;Réseaux Sociaux;Demande d'information;Non;Non;Oui;9;Non Renseigné
TCK21223;14/08/2023;AG005;174;Oui;3,5;59,58;Téléphone;Relevé compteur;Oui;Non;Oui;6;Non Renseigné
TCK21224;26/12/2023;AG005;306;Oui;3;56,26;Chat;Souscription contrat;Oui;Non;Oui;10;Non Renseigné
TCK21225;14/11/2023;AG001;126;Oui;4,5;17,34;Téléphone;Résiliation;Non;Non;Non;3;Non Renseigné
TCK21226;13/02/2023;AG004;246;Non;3,5;41,7;Téléphone;Facturation;Oui;Non;Oui;5;Non Renseigné
TCK21227;12/09/2023;AG006;306;Oui;2,5;;Email;Demande d'information;Oui;Non;Oui;9;Non Renseigné
TCK21228;06/03/2023;AG005;330;Non;1,5;26,94;Téléphone;Demande d'information;Oui;Oui;Oui;6;Non Renseigné
TCK21229;19/02/2023;AG006;198;Oui;2;18,78;Chat;Déménagement;Non;Non;Oui;5;Non Renseigné
TCK21230;15/06/2023;AG004;420;Non;1,5;33,24;Réseaux Sociaux;Facturation;Non;Oui;Oui;;Non Renseigné
TCK21231;13/04/2023;AG007;228;Oui;2;36,88;Téléphone;Panne compteur;Non;Non;Non;8;Non Renseigné
TCK21232;07/10/2023;AG002;102;Oui;;29,64;Réseaux Sociaux;Litige paiement;Non;Non;Oui;7;Non Renseigné
TCK21233;04/03/2023;AG006;414;Non;;44,78;Téléphone;Résiliation;Oui;Non;Oui;9;Non Renseigné
TCK21234;07/12/2023;AG002;276;Non;;48,42;Téléphone;Souscription contrat;Oui;Non;Oui;;Non Renseigné
TCK21235;06/11/2023;AG002;348;Non;2,5;14,46;Téléphone;Demande d'information;Non;Non;Non Renseigné;;Non Renseigné
TCK21236;30/05/2023;AG007;270;Oui;0,5;11;Téléphone;Réclamation;Oui;Non;Oui;7;Non Renseigné
TCK21237;15/01/2023;AG008;108;Oui;;22,64;Email;Demande d'information;Non;Non;Oui;;Non Renseigné
TCK21238;15/08/2023;AG006;234;Oui;5;23,23;Chat;Relevé compteur;Oui;Non;Oui;10;Non Renseigné
TCK21239;07/08/2023;AG007;270;Oui;;35,7;Téléphone;Changement d'offre;Oui;Non;Oui;3;Non Renseigné
TCK21240;01/02/2023;AG008;354;Non;;42,27;Chat;Relevé compteur;Non;Non;Oui;;Non Renseigné
TCK21241;05/11/2023;AG007;282;Non;4;30,74;Téléphone;Changement d'offre;Oui;Non;Oui;7;Non Renseigné
TCK21242;30/12/2023;AG006;234;Oui;2,5;43,79;Email;Déménagement;Oui;Oui;Oui;;Non Renseigné
TCK21243;30/09/2023;AG002;240;Oui;2;37,99;Réseaux Sociaux;Facturation;Oui;Oui;Oui;8;Non Renseigné
TCK21244;10/01/2023;AG007;342;Oui;3,5;41,26;Téléphone;Souscription contrat;Non;Non;Oui;4;Non Renseigné
TCK21245;23/01/2023;AG007;360;Oui;3,5;59,32;Téléphone;Résiliation;Non;Oui;Oui;3;Non Renseigné
TCK21246;28/04/2023;AG002;162;Oui;4;51,41;Téléphone;Changement d'offre;Oui;Non;Oui;;Non Renseigné
TCK21247;08/01/2023;AG004;282;Oui;;22,59;Téléphone;Relevé compteur;Oui;Non;Oui;;Facturation incorrecte
TCK21248;28/02/2023;AG003;354;Oui;4;33,02;Chat;Litige paiement;Non;Non;Oui;8;Non Renseigné
TCK21249;21/11/2023;AG002;444;Oui;3,5;28,22;Email;Relevé compteur;Oui;Non;Oui;5;Non Renseigné
TCK21250;26/05/2023;AG005;408;Oui;3;47,56;Téléphone;Litige paiement;Non;Non;Oui;8;Non Renseigné
TCK21251;15/03/2023;AG006;120;Oui;1,5;43,93;Chat;Réclamation;Non;Non;Non Renseigné;9;Non Renseigné
TCK21252;04/07/2023;AG006;264;Oui;;49,58;Téléphone;Déménagement;Oui;Oui;Oui;;Non Renseigné
TCK21253;23/11/2023;AG005;114;Non;;33,79;Email;Relevé compteur;Oui;Oui;Oui;9;Non Renseigné
TCK21254;22/01/2023;AG003;438;Non;2,5;43,06;Email;Demande d'information;Oui;Non;Oui;;Non Renseigné
TCK21255;23/04/2023;AG006;294;Oui;3,5;30,47;Téléphone;Changement d'offre;Oui;Oui;Non;;Non Renseigné
TCK21256;04/04/2023;AG005;360;Oui;1,5;50,55;Téléphone;Changement d'offre;Non;Non;Non;;Non Renseigné
TCK21257;08/12/2023;AG006;174;Oui;3;52,95;Réseaux Sociaux;Changement d'offre;Oui;Non;Oui;8;Non Renseigné
TCK21258;13/06/2023;AG006;204;Oui;;30,34;Téléphone;Changement d'offre;Non;Non;Non;7;Non Renseigné
TCK21259;19/12/2023;AG007;306;Non;5;52,4;Email;Changement d'offre;Oui;Non;Oui;7;Non Renseigné
TCK21260;08/02/2023;AG008;402;Oui;;35,19;Chat;Changement d'offre;Non;Non;Oui;;Non Renseigné
TCK21261;31/07/2023;AG003;78;Oui;2,5;42,3;Réseaux Sociaux;Réclamation;Non;Non;Oui;7;Non Renseigné
TCK21262;31/07/2023;AG007;384;Non;2;34,07;Téléphone;Souscription contrat;Non;Non;Oui;9;Facturation incorrecte
TCK21263;13/05/2023;AG001;294;Oui;;13,93;Téléphone;Relevé compteur;Oui;Non;Oui;;Non Renseigné
TCK21264;05/03/2023;AG008;66;Non;;;Email;Réclamation;Oui;Oui;Oui;;Non Renseigné
TCK21265;28/09/2023;AG008;342;Oui;2;17,75;Téléphone;Déménagement;Oui;Non;Oui;8;Non Renseigné
TCK21266;11/01/2023;AG008;276;Oui;;56,66;Téléphone;Changement d'offre;Oui;Non;Oui;8;Non Renseigné
TCK21267;19/02/2023;AG006;396;Oui;3,5;50,3;Téléphone;Souscription contrat;Non;Non;Oui;5;Non Renseigné
TCK21268;28/02/2023;AG004;126;Oui;;55,54;Téléphone;Demande d'information;Non;Oui;Non;8;Non Renseigné
TCK21269;05/03/2023;AG006;234;Non;;18,73;Chat;Demande d'information;Oui;Non;Oui;;Facturation incorrecte
TCK21270;08/02/2023;AG004;288;Non;2,5;23,17;Réseaux Sociaux;Facturation;Oui;Non;Oui;8;Non Renseigné
TCK21271;31/12/2023;AG007;72;Oui;2,5;20,49;Email;Litige paiement;Oui;Oui;Oui;8;Non Renseigné
TCK21272;21/08/2023;AG001;186;Oui;4,5;12,91;Email;Demande d'information;Non;Oui;Oui;8;Non Renseigné
TCK21273;09/12/2023;AG006;288;Non;5;28,61;Email;Réclamation;Oui;Non;Oui;3;Non Renseigné
TCK21274;17/10/2023;AG003;318;Non;5;31,14;Email;Changement d'offre;Non;Non;Non;;Non Renseigné
TCK21275;14/09/2023;AG006;456;Non;;38,29;Téléphone;Réclamation;Oui;Non;Oui;9;Délai de traitement
TCK21276;21/04/2023;AG002;330;Oui;4,5;12,75;Chat;Déménagement;Oui;Non;Oui;7;Non Renseigné
TCK21277;28/11/2023;AG005;252;Oui;4,5;43,67;Chat;Demande d'information;Non;Non;Oui;;Non Renseigné
TCK21278;28/03/2023;AG004;282;Oui;;19,2;Chat;Relevé compteur;Oui;Non;Oui;;Non Renseigné
TCK21279;07/01/2023;AG002;288;Oui;4,5;24,8;Téléphone;Facturation;Oui;Non;Non;10;Non Renseigné
TCK21280;23/04/2023;AG008;222;Oui;2,5;50,59;Téléphone;Litige paiement;Oui;Non;Non;;Non Renseigné
TCK21281;11/12/2023;AG003;294;Oui;3;45,95;Téléphone;Déménagement;Oui;Oui;Non;8;Non Renseigné
TCK21282;14/12/2023;AG003;216;Non;;45,89;Email;Panne compteur;Non;Non;Oui;6;Non Renseigné
TCK21283;06/01/2023;AG001;300;Oui;4,5;43,99;Réseaux Sociaux;Relevé compteur;Oui;Non;Oui;;Non Renseigné
TCK21284;02/04/2023;AG006;264;Oui;2;17,44;Email;Panne compteur;Oui;Non;Oui;4;Non Renseigné
TCK21285;10/09/2023;AG004;246;Non;;37,92;Téléphone;Déménagement;Oui;Non;Non Renseigné;5;Non Renseigné
TCK21286;29/03/2023;AG006;252;Non;;52,25;Téléphone;Résiliation;Non;Non;Oui;;Non Renseigné
TCK21287;17/11/2023;AG005;348;Oui;5;10,01;Réseaux Sociaux;Changement d'offre;Non;Non;Oui;;Facturation incorrecte
TCK21288;02/10/2023;AG002;342;Oui;4,5;14,85;Téléphone;Changement d'offre;Non;Non;Non;;Non Renseigné
TCK21289;06/07/2023;AG006;240;Oui;5;40,32;Téléphone;Réclamation;Non;Non;Oui;5;Non Renseigné
TCK21290;28/07/2023;AG008;348;Non;4;16,13;Réseaux Sociaux;Relevé compteur;Oui;Non;Non;6;Non Renseigné
TCK21291;20/04/2023;AG008;264;Non;1,5;20,6;Email;Panne compteur;Non;Non;Oui;;Non Renseigné
TCK21292;16/07/2023;AG007;264;Oui;5;23,89;Chat;Souscription contrat;Oui;Non;Oui;8;Non Renseigné
TCK21293;29/05/2023;AG007;222;Oui;5;53,5;Réseaux Sociaux;Litige paiement;Oui;Non;Non Renseigné;;Comportement agent
TCK21294;06/02/2023;AG002;444;Non;1,5;36,6;Email;Panne compteur;Non;Non;Non Renseigné;;Non Renseigné
TCK21295;02/08/2023;AG005;426;Oui;4;14,59;Chat;Facturation;Oui;Non;Non;;Non Renseigné
TCK21296;21/04/2023;AG002;198;Non;5;33,64;Chat;Panne compteur;Non;Oui;Oui;10;Non Renseigné
TCK21297;14/08/2023;AG005;234;Non;;;Réseaux Sociaux;Facturation;Oui;Non;Non;;Non Renseigné
TCK21298;03/08/2023;AG001;354;Non;5;47,46;Réseaux Sociaux;Facturation;Oui;Non;Oui;4;Non Renseigné
TCK21299;10/01/2023;AG008;312;Non;4;56,93;Réseaux Sociaux;Changement d'offre;Non;Non;Oui;;Non Renseigné
TCK21300;01/02/2023;AG002;132;Oui;1,5;22,68;Téléphone;Demande d'information;Oui;Non;Oui;8;Non Renseigné
TCK21301;12/09/2023;AG003;372;Oui;2;26,54;Chat;Souscription contrat;Non;Oui;Oui;4;Non Renseigné
TCK21302;16/09/2023;AG004;282;Non;1,5;;Réseaux Sociaux;Réclamation;Oui;Non;Oui;6;Non Renseigné
TCK21303;16/02/2023;AG007;78;Non;;32,01;Téléphone;Réclamation;Non;Non;Non;;Non Renseigné
TCK21304;28/02/2023;AG006;492;Non;2,5;29,36;Email;Facturation;Oui;Non;Non Renseigné;5;Non Renseigné
TCK21305;25/05/2023;AG001;288;Oui;2;;Téléphone;Facturation;Non;Non;Non;10;Non Renseigné
TCK21306;04/02/2023;AG007;198;Oui;3,5;27,47;Téléphone;Relevé compteur;Oui;Non;Oui;5;Non Renseigné
TCK21307;10/12/2023;AG002;216;Oui;4,5;47,09;Téléphone;Résiliation;Non;Non;Oui;4;Non Renseigné
TCK21308;26/05/2023;AG003;354;Non;;21,7;Téléphone;Panne compteur;Non;Non;Oui;4;Non Renseigné
TCK21309;01/12/2023;AG004;396;Non;3,5;;Réseaux Sociaux;Facturation;Non;Non;Non;10;Non Renseigné
TCK21310;22/12/2023;AG006;432;Non;5;34,21;Réseaux Sociaux;Réclamation;Oui;Oui;Oui;6;Non Renseigné
TCK21311;22/06/2023;AG005;474;Oui;4;37,5;Téléphone;Résiliation;Non;Non;Non Renseigné;;Non Renseigné
TCK21312;13/06/2023;AG006;576;Non;3;45,78;Chat;Déménagement;Oui;Non;Oui;;Non Renseigné
TCK21313;16/02/2023;AG004;234;Non;3;15,48;Téléphone;Relevé compteur;Oui;Non;Oui;3;Non Renseigné
TCK21314;20/02/2023;AG004;210;Oui;5;13,33;Réseaux Sociaux;Souscription contrat;Non;Non;Non;;Non Renseigné
TCK21315;19/09/2023;AG003;312;Oui;2,5;58,8;Email;Souscription contrat;Oui;Non;Oui;1;Non Renseigné
TCK21316;21/04/2023;AG001;126;Oui;4,5;34,27;Email;Facturation;Oui;Non;Non;;Non Renseigné
TCK21317;05/08/2023;AG001;246;Non;;51,51;Email;Litige paiement;Non;Non;Oui;5;Non Renseigné
TCK21318;01/05/2023;AG004;288;Oui;2,5;27,7;Téléphone;Relevé compteur;Non;Non;Oui;5;Non Renseigné
TCK21319;05/07/2023;AG008;324;Non;;40,17;Téléphone;Changement d'offre;Non;Non;Oui;8;Non Renseigné
TCK21320;23/03/2023;AG004;336;Oui;2,5;53,52;Réseaux Sociaux;Réclamation;Oui;Oui;Oui;7;Non Renseigné
TCK21321;15/01/2023;AG003;240;Oui;4,5;37,91;Email;Souscription contrat;Oui;Non;Oui;9;Non Renseigné
TCK21322;09/10/2023;AG004;144;Non;5;11,67;Chat;Déménagement;Non;Non;Oui;10;Délai de traitement
TCK21323;20/05/2023;AG001;162;Non;2,5;50,79;Chat;Réclamation;Oui;Non;Oui;;Non Renseigné
TCK21324;30/03/2023;AG007;60;Non;4;33,56;Téléphone;Panne compteur;Oui;Non;Oui;;Non Renseigné
TCK21325;14/02/2023;AG005;210;Oui;4;50,94;Chat;Déménagement;Oui;Non;Oui;4;Non Renseigné
TCK21326;05/09/2023;AG001;126;Non;3,5;;Email;Souscription contrat;Non;Non;Oui;10;Non Renseigné
TCK21327;29/06/2023;AG006;216;Oui;;28,68;Chat;Facturation;Oui;Non;Oui;8;Non Renseigné
TCK21328;28/05/2023;AG007;162;Oui;4,5;40,36;Chat;Changement d'offre;Non;Non;Oui;;Non Renseigné
TCK21329;14/12/2023;AG001;216;Oui;2,5;33,83;Email;Facturation;Non;Non;Non Renseigné;;Non Renseigné
TCK21330;21/05/2023;AG007;408;Non;2;47,97;Téléphone;Déménagement;Non;Oui;Oui;5;Comportement agent
TCK21331;13/04/2023;AG004;342;Non;;54,3;Email;Panne compteur;Non;Non;Non Renseigné;8;Délai de traitement
TCK21332;23/12/2023;AG004;300;Oui;4,5;26,63;Chat;Facturation;Non;Non;Oui;6;Non Renseigné
TCK21333;13/06/2023;AG003;288;Non;3;35,16;Téléphone;Changement d'offre;Oui;Non;Oui;9;Délai de traitement
TCK21334;10/07/2023;AG005;228;Non;5;23,01;Réseaux Sociaux;Relevé compteur;Non;Non;Oui;3;Non Renseigné
TCK21335;07/10/2023;AG002;246;Oui;;18,85;Chat;Panne compteur;Oui;Non;Oui;4;Non Renseigné
TCK21336;22/02/2023;AG004;300;Oui;4,5;43,61;Téléphone;Souscription contrat;Non;Non;Oui;;Non Renseigné
TCK21337;10/07/2023;AG008;354;Oui;5;10,27;Téléphone;Résiliation;Oui;Non;Oui;9;Non Renseigné
TCK21338;26/02/2023;AG005;300;Non;3,5;27,24;Réseaux Sociaux;Déménagement;Non;Oui;Oui;10;Non Renseigné
TCK21339;07/03/2023;AG004;348;Non;4,5;54,68;Téléphone;Demande d'information;Oui;Non;Non;7;Non Renseigné
TCK21340;16/12/2023;AG008;324;Non;;14,99;Téléphone;Réclamation;Oui;Non;Oui;2;Non Renseigné
TCK21341;10/04/2023;AG003;84;Non;;56,1;Téléphone;Relevé compteur;Non;Oui;Oui;;Délai de traitement
TCK21342;14/09/2023;AG005;228;Oui;2;;Téléphone;Déménagement;Non;Non;Oui;9;Non Renseigné
TCK21343;14/12/2023;AG007;216;Non;;37,91;Téléphone;Résiliation;Non;Non;Oui;5;Non Renseigné
TCK21344;27/12/2023;AG008;336;Oui;1,5;21,61;Réseaux Sociaux;Litige paiement;Non;Non;Oui;5;Comportement agent
TCK21345;25/12/2023;AG004;414;Oui;1;10,05;Email;Relevé compteur;Non;Non;Oui;;Non Renseigné
TCK21346;18/03/2023;AG007;252;Oui;4,5;55,19;Chat;Relevé compteur;Non;Non;Non;;Non Renseigné
TCK21347;12/01/2023;AG006;414;Oui;4,5;30,49;Téléphone;Réclamation;Oui;Non;Non;7;Non Renseigné
TCK21348;04/01/2023;AG001;30;Non;4,5;32,38;Chat;Résiliation;Non;Non;Oui;6;Non Renseigné
TCK21349;09/04/2023;AG001;534;Oui;5;48,76;Email;Réclamation;Non;Non;Non;;Non Renseigné
TCK21350;26/07/2023;AG007;60;Oui;4,5;22,91;Email;Changement d'offre;Oui;Non;Oui;0;Non Renseigné
TCK21351;12/06/2023;AG001;300;Oui;3,5;11,89;Chat;Changement d'offre;Oui;Non;Oui;2;Non Renseigné
TCK21352;08/04/2023;AG008;114;Oui;0,5;17,41;Chat;Facturation;Non;Non;Non Renseigné;7;Délai de traitement
TCK21353;05/07/2023;AG006;318;Oui;5;42,69;Téléphone;Facturation;Non;Non;Non;;Non Renseigné
TCK21354;04/03/2023;AG004;390;Oui;;;Chat;Demande d'information;Non;Oui;Oui;7;Non Renseigné
TCK21355;15/07/2023;AG005;360;Oui;2,5;35,18;Téléphone;Souscription contrat;Non;Oui;Oui;;Non Renseigné
TCK21356;23/10/2023;AG006;324;Oui;3;25,19;Email;Panne compteur;Non;Non;Oui;;Non Renseigné
TCK21357;17/09/2023;AG002;396;Oui;2;59,15;Email;Souscription contrat;Oui;Non;Non;5;Non Renseigné
TCK21358;27/01/2023;AG002;180;Oui;2,5;32,11;Email;Panne compteur;Oui;Non;Oui;;Non Renseigné
TCK21359;05/12/2023;AG002;198;Oui;;12,84;Téléphone;Déménagement;Oui;Non;Oui;5;Non Renseigné
TCK21360;03/10/2023;AG002;276;Non;1;37,85;Téléphone;Panne compteur;Oui;Non;Non;;Non Renseigné
TCK21361;27/01/2023;AG002;306;Oui;;42,79;Chat;Litige paiement;Non;Non;Oui;8;Non Renseigné
TCK21362;17/11/2023;AG001;216;Oui;3,5;40,62;Réseaux Sociaux;Résiliation;Non;Non;Oui;10;Non Renseigné
TCK21363;22/08/2023;AG003;270;Oui;2,5;45,81;Chat;Relevé compteur;Oui;Non;Oui;5;Non Renseigné
TCK21364;16/08/2023;AG002;432;Non;;21,35;Chat;Réclamation;Oui;Oui;Oui;5;Non Renseigné
TCK21365;14/04/2023;AG004;216;Non;5;21,06;Téléphone;Changement d'offre;Non;Oui;Oui;5;Délai de traitement
TCK21366;12/08/2023;AG002;228;Oui;;;Email;Souscription contrat;Oui;Non;Oui;;Non Renseigné
TCK21367;19/07/2023;AG005;156;Oui;2,5;52,35;Email;Souscription contrat;Oui;Non;Oui;;Non Renseigné
TCK21368;29/05/2023;AG006;228;Oui;5;39,46;Chat;Changement d'offre;Oui;Non;Oui;;Non Renseigné
TCK21369;05/09/2023;AG003;390;Oui;4;46,04;Chat;Résiliation;Non;Non;Non Renseigné;10;Non Renseigné
TCK21370;11/01/2023;AG003;198;Non;4,5;58,6;Email;Panne compteur;Oui;Non;Oui;3;Non Renseigné
TCK21371;20/03/2023;AG001;216;Oui;4;40,88;Email;Réclamation;Oui;Oui;Oui;8;Non Renseigné
TCK21372;06/07/2023;AG002;162;Oui;2,5;23,06;Téléphone;Demande d'information;Oui;Non;Non;;Non Renseigné
TCK21373;04/06/2023;AG003;348;Oui;4;35,6;Téléphone;Panne compteur;Non;Non;Oui;;Non Renseigné
TCK21374;20/10/2023;AG005;168;Oui;3,5;23,14;Téléphone;Résiliation;Non;Non;Oui;;Comportement agent
TCK21375;01/06/2023;AG003;216;Non;;11,79;Réseaux Sociaux;Résiliation;Oui;Non;Oui;;Non Renseigné
TCK21376;05/06/2023;AG008;264;Oui;4;14,71;Réseaux Sociaux;Résiliation;Non;Non;Non;;Non Renseigné
TCK21377;16/10/2023;AG003;474;Oui;2,5;18,58;Téléphone;Déménagement;Oui;Non;Oui;5;Comportement agent
TCK21378;12/07/2023;AG006;294;Oui;;14,71;Email;Facturation;Oui;Non;Oui;7;Non Renseigné
TCK21379;21/01/2023;AG002;180;Oui;4;47,71;Chat;Demande d'information;Non;Non;Non;8;Non Renseigné
TCK21380;15/08/2023;AG004;306;Oui;;13,65;Email;Déménagement;Non;Non;Oui;9;Non Renseigné
TCK21381;03/12/2023;AG007;330;Oui;;51,06;Chat;Relevé compteur;Non;Non;Non;0;Non Renseigné
TCK21382;16/07/2023;AG006;402;Oui;3;40,04;Téléphone;Relevé compteur;Non;Non;Oui;;Non Renseigné
TCK21383;27/10/2023;AG007;270;Non;4;44,09;Email;Litige paiement;Oui;Oui;Oui;7;Non Renseigné
TCK21384;26/05/2023;AG008;192;Non;2;11,97;Email;Résiliation;Non;Non;Oui;9;Non Renseigné
TCK21385;06/08/2023;AG008;510;Non;1,5;10,72;Chat;Facturation;Non;Non;Oui;;Non Renseigné
TCK21386;06/12/2023;AG006;306;Oui;;38,36;Téléphone;Relevé compteur;Oui;Non;Oui;;Non Renseigné
TCK21387;04/01/2023;AG006;180;Non;2;37,67;Téléphone;Résiliation;Non;Non;Oui;8;Non Renseigné
TCK21388;09/08/2023;AG007;264;Non;2,5;56,23;Email;Panne compteur;Non;Non;Oui;;Non Renseigné
TCK21389;29/04/2023;AG001;216;Non;2,5;;Réseaux Sociaux;Souscription contrat;Non;Non;Non;;Non Renseigné
TCK21390;31/12/2023;AG008;450;Non;3,5;48,99;Réseaux Sociaux;Demande d'information;Non;Non;Oui;6;Non Renseigné
TCK21391;04/12/2023;AG003;126;Non;;49,2;Chat;Changement d'offre;Non;Non;Oui;5;Non Renseigné
TCK21392;05/04/2023;AG007;396;Oui;4,5;;Téléphone;Déménagement;Oui;Non;Oui;;Non Renseigné
TCK21393;23/09/2023;AG001;276;Non;1,5;29,57;Téléphone;Demande d'information;Non;Non;Non Renseigné;7;Non Renseigné
TCK21394;09/12/2023;AG001;240;Oui;2,5;24,01;Téléphone;Relevé compteur;Oui;Non;Oui;;Non Renseigné
TCK21395;06/11/2023;AG006;318;Non;2,5;;Email;Facturation;Non;Non;Oui;;Non Renseigné
TCK21396;13/05/2023;AG001;114;Oui;2,5;21,59;Réseaux Sociaux;Relevé compteur;Oui;Non;Oui;8;Non Renseigné
TCK21397;21/10/2023;AG007;222;Oui;;55,07;Téléphone;Réclamation;Oui;Non;Non;;Non Renseigné
TCK21398;15/12/2023;AG008;294;Oui;;40,81;Téléphone;Souscription contrat;Oui;Non;Oui;;Non Renseigné
TCK21399;03/11/2023;AG003;402;Non;3,5;33,72;Chat;Réclamation;Oui;Non;Oui;;Non Renseigné
TCK21400;13/08/2023;AG004;354;Oui;2,5;16,28;Email;Relevé compteur;Oui;Non;Oui;9;Non Renseigné
TCK21401;01/06/2023;AG006;246;Non;4,5;;Téléphone;Souscription contrat;Oui;Non;Non;9;Non Renseigné
TCK21402;24/08/2023;AG004;72;Non;3,5;34,91;Chat;Relevé compteur;Non;Non;Non;2;Non Renseigné
TCK21403;31/01/2023;AG002;168;Oui;;32,88;Email;Panne compteur;Non;Oui;Oui;9;Non Renseigné
TCK21404;03/05/2023;AG005;144;Non;;35,66;Email;Facturation;Oui;Non;Oui;7;Non Renseigné
TCK21405;02/01/2023;AG007;276;Oui;4,5;22,12;Téléphone;Changement d'offre;Oui;Oui;Oui;;Non Renseigné
TCK21406;30/04/2023;AG002;228;Oui;5;41,33;Réseaux Sociaux;Facturation;Oui;Non;Oui;10;Non Renseigné
TCK21407;06/06/2023;AG005;432;Non;4;46,38;Email;Réclamation;Oui;Non;Non Renseigné;5;Non Renseigné
TCK21408;05/07/2023;AG007;234;Non;1;29,39;Téléphone;Facturation;Oui;Non;Oui;6;Non Renseigné
TCK21409;24/07/2023;AG008;486;Non;4;28,8;Téléphone;Litige paiement;Oui;Non;Non Renseigné;1;Non Renseigné
TCK21410;20/05/2023;AG003;258;Oui;4,5;52,46;Téléphone;Facturation;Oui;Oui;Non;;Facturation incorrecte
TCK21411;18/11/2023;AG002;516;Non;4,5;53,74;Email;Panne compteur;Oui;Non;Non;9;Non Renseigné
TCK21412;20/08/2023;AG004;246;Non;2,5;41,52;Réseaux Sociaux;Relevé compteur;Non;Non;Oui;;Non Renseigné
TCK21413;14/01/2023;AG008;252;Non;3,5;25,06;Réseaux Sociaux;Changement d'offre;Oui;Non;Non;9;Non Renseigné
TCK21414;26/09/2023;AG003;372;Oui;1,5;20,07;Chat;Demande d'information;Oui;Oui;Oui;10;Non Renseigné
TCK21415;11/05/2023;AG003;354;Oui;3,5;21,71;Téléphone;Demande d'information;Oui;Non;Oui;;Non Renseigné
TCK21416;19/09/2023;AG004;132;Oui;2,5;25,27;Téléphone;Litige paiement;Oui;Non;Oui;;Erreur technique
TCK21417;28/04/2023;AG006;282;Non;;26,07;Téléphone;Facturation;Oui;Non;Oui;;Non Renseigné
TCK21418;21/06/2023;AG005;222;Oui;2,5;49,43;Email;Résiliation;Oui;Non;Oui;5;Non Renseigné
TCK21419;19/11/2023;AG002;216;Non;1,5;18,36;Réseaux Sociaux;Litige paiement;Oui;Non;Oui;7;Non Renseigné
TCK21420;27/10/2023;AG003;276;Oui;;58,8;Chat;Litige paiement;Oui;Non;Oui;5;Non Renseigné
TCK21421;14/04/2023;AG002;240;Oui;;26,56;Téléphone;Relevé compteur;Oui;Non;Oui;;Non Renseigné
TCK21422;13/09/2023;AG002;288;Oui;4,5;55,32;Réseaux Sociaux;Réclamation;Oui;Oui;Oui;6;Non Renseigné
TCK21423;22/05/2023;AG007;162;Non;0,5;49,2;Chat;Changement d'offre;Non;Non;Oui;8;Non Renseigné
TCK21424;20/04/2023;AG007;108;Oui;3;37,09;Email;Réclamation;Oui;Non;Oui;5;Non Renseigné
TCK21425;17/09/2023;AG005;378;Oui;2,5;14,56;Téléphone;Déménagement;Non;Non;Oui;9;Non Renseigné
TCK21426;30/09/2023;AG001;396;Oui;3,5;58,25;Chat;Déménagement;Non;Oui;Oui;;Non Renseigné
TCK21427;17/08/2023;AG004;372;Non;2,5;23,02;Chat;Résiliation;Non;Non;Non Renseigné;;Non Renseigné
TCK21428;10/03/2023;AG006;276;Oui;5;45,34;Réseaux Sociaux;Panne compteur;Oui;Oui;Oui;5;Non Renseigné
TCK21429;03/03/2023;AG007;228;Non;4;49,52;Téléphone;Facturation;Non;Oui;Oui;;Non Renseigné
TCK21430;26/02/2023;AG002;204;Oui;2;35,63;Email;Réclamation;Oui;Oui;Oui;;Non Renseigné
TCK21431;26/04/2023;AG006;186;Oui;2,5;26,53;Chat;Résiliation;Oui;Non;Oui;;Non Renseigné
TCK21432;08/10/2023;AG005;264;Non;2;49,98;Chat;Déménagement;Non;Non;Oui;8;Non Renseigné
TCK21433;27/04/2023;AG007;390;Non;2,5;39,03;Email;Déménagement;Non;Non;Non;;Non Renseigné
TCK21434;14/04/2023;AG008;192;Non;3;51,57;Chat;Facturation;Oui;Non;Oui;10;Non Renseigné
TCK21435;16/03/2023;AG001;390;Oui;;23,73;Téléphone;Déménagement;Oui;Non;Oui;;Non Renseigné
TCK21436;12/05/2023;AG005;114;Oui;1,5;33,78;Téléphone;Souscription contrat;Oui;Non;Oui;10;Non Renseigné
TCK21437;03/03/2023;AG001;294;Non;4;25,91;Chat;Souscription contrat;Oui;Non;Non;4;Non Renseigné
TCK21438;29/05/2023;AG004;318;Non;3;59,21;Email;Facturation;Non;Non;Oui;9;Non Renseigné
TCK21439;23/11/2023;AG007;216;Non;3,5;11;Réseaux Sociaux;Facturation;Oui;Non;Oui;;Non Renseigné
TCK21440;06/07/2023;AG008;156;Oui;4,5;12,02;Email;Demande d'information;Non;Non;Oui;;Non Renseigné
TCK21441;06/02/2023;AG006;360;Non;5;30,14;Réseaux Sociaux;Litige paiement;Oui;Non;Oui;;Non Renseigné
TCK21442;04/07/2023;AG002;276;Oui;4;53,67;Email;Changement d'offre;Oui;Oui;Oui;8;Non Renseigné
TCK21443;25/07/2023;AG003;552;Oui;1,5;;Réseaux Sociaux;Panne compteur;Oui;Oui;Oui;5;Non Renseigné
TCK21444;20/01/2023;AG001;294;Non;;44,01;Réseaux Sociaux;Panne compteur;Oui;Non;Oui;6;Non Renseigné
TCK21445;21/11/2023;AG005;210;Non;;43,45;Réseaux Sociaux;Relevé compteur;Non;Non;Oui;4;Non Renseigné
TCK21446;17/02/2023;AG003;264;Non;;29,9;Email;Déménagement;Non;Non;Oui;5;Non Renseigné
TCK21447;18/02/2023;AG004;204;Oui;2,5;25,51;Réseaux Sociaux;Relevé compteur;Non;Oui;Oui;;Erreur technique
TCK21448;26/02/2023;AG002;36;Oui;3;31,62;Téléphone;Litige paiement;Oui;Non;Oui;8;Non Renseigné
TCK21449;11/12/2023;AG007;174;Non;;58,96;Téléphone;Litige paiement;Non;Non;Oui;5;Non Renseigné
TCK21450;27/02/2023;AG004;522;Non;;51,51;Email;Litige paiement;Non;Non;Oui;;Non Renseigné
TCK21451;06/06/2023;AG002;228;Non;2;28,02;Chat;Réclamation;Oui;Oui;Non;9;Non Renseigné
TCK21452;04/04/2023;AG005;60;Oui;2;28,74;Téléphone;Changement d'offre;Oui;Non;Oui;10;Délai de traitement
TCK21453;23/05/2023;AG002;108;Oui;;56,28;Téléphone;Changement d'offre;Non;Non;Oui;8;Non Renseigné
TCK21454;22/05/2023;AG006;252;Oui;4,5;14,93;Chat;Résiliation;Non;Non;Oui;;Non Renseigné
TCK21455;26/06/2023;AG004;168;Non;4;40,95;Réseaux Sociaux;Panne compteur;Non;Non;Oui;;Non Renseigné
TCK21456;23/11/2023;AG004;276;Non;;;Téléphone;Panne compteur;Non;Non;Oui;7;Non Renseigné
TCK21457;27/01/2023;AG003;144;Oui;1;10,36;Chat;Résiliation;Non;Oui;Oui;4;Erreur technique
TCK21458;10/09/2023;AG005;396;Oui;;34,2;Email;Relevé compteur;Non;Non;Oui;8;Non Renseigné
TCK21459;20/10/2023;AG004;144;Oui;1;58,91;Réseaux Sociaux;Déménagement;Oui;Non;Oui;;Non Renseigné
TCK21460;22/02/2023;AG006;234;Oui;1;12,27;Email;Demande d'information;Non;Non;Non Renseigné;0;Non Renseigné
TCK21461;10/01/2023;AG006;366;Oui;;52,28;Téléphone;Déménagement;Oui;Non;Oui;5;Erreur technique
TCK21462;15/05/2023;AG001;366;Oui;4,5;55,4;Réseaux Sociaux;Demande d'information;Non;Oui;Oui;;Non Renseigné
TCK21463;02/02/2023;AG007;168;Oui;3,5;21,78;Téléphone;Souscription contrat;Non;Non;Non;0;Non Renseigné
TCK21464;10/05/2023;AG002;240;Oui;4,5;58,82;Téléphone;Changement d'offre;Oui;Non;Oui;10;Non Renseigné
TCK21465;06/04/2023;AG004;336;Oui;4;24,06;Réseaux Sociaux;Litige paiement;Non;Non;Oui;10;Non Renseigné
TCK21466;11/04/2023;AG001;300;Oui;4,5;33,89;Email;Facturation;Non;Non;Oui;9;Non Renseigné
TCK21467;14/09/2023;AG004;468;Non;4,5;21,17;Téléphone;Facturation;Non;Non;Oui;6;Non Renseigné
TCK21468;19/09/2023;AG001;174;Non;;37,64;Email;Litige paiement;Oui;Non;Oui;6;Non Renseigné
TCK21469;11/06/2023;AG002;336;Non;4,5;22,66;Email;Demande d'information;Non;Non;Oui;5;Non Renseigné
TCK21470;09/01/2023;AG006;204;Non;4;30,7;Téléphone;Panne compteur;Oui;Non;Oui;;Facturation incorrecte
TCK21471;03/09/2023;AG004;192;Oui;;21,64;Téléphone;Panne compteur;Non;Oui;Oui;;Non Renseigné
TCK21472;01/08/2023;AG006;390;Non;1;;Réseaux Sociaux;Réclamation;Oui;Oui;Non;;Non Renseigné
TCK21473;23/10/2023;AG002;270;Oui;5;45,6;Téléphone;Facturation;Oui;Non;Oui;;Non Renseigné
TCK21474;15/06/2023;AG001;180;Oui;;44,7;Chat;Facturation;Oui;Oui;Oui;;Facturation incorrecte
TCK21475;31/01/2023;AG003;288;Non;1,5;18,32;Téléphone;Changement d'offre;Non;Non;Oui;8;Délai de traitement
TCK21476;10/09/2023;AG002;198;Oui;3,5;30,85;Téléphone;Réclamation;Non;Non;Oui;;Non Renseigné
TCK21477;29/07/2023;AG002;354;Oui;4,5;27,52;Chat;Litige paiement;Non;Non;Oui;9;Non Renseigné
TCK21478;02/08/2023;AG003;150;Oui;2;45,24;Téléphone;Demande d'information;Non;Non;Oui;;Non Renseigné
TCK21479;22/06/2023;AG001;294;Oui;;55,25;Chat;Relevé compteur;Non;Non;Oui;;Comportement agent
TCK21480;20/11/2023;AG006;216;Oui;2;;Téléphone;Demande d'information;Oui;Non;Oui;5;Non Renseigné
TCK21481;30/08/2023;AG007;30;Non;;56,37;Téléphone;Relevé compteur;Oui;Non;Oui;2;Non Renseigné
TCK21482;16/04/2023;AG006;78;Non;4,5;38,92;Téléphone;Demande d'information;Non;Non;Oui;;Non Renseigné
TCK21483;16/07/2023;AG002;594;Non;2;44,46;Email;Réclamation;Non;Non;Oui;;Non Renseigné
TCK21484;03/06/2023;AG005;186;Non;3,5;49,31;Téléphone;Souscription contrat;Non;Non;Oui;;Non Renseigné
TCK21485;23/12/2023;AG002;258;Non;;28,85;Téléphone;Réclamation;Oui;Non;Oui;;Non Renseigné
TCK21486;23/03/2023;AG008;300;Non;5;54,01;Chat;Litige paiement;Non;Oui;Non;5;Non Renseigné
TCK21487;05/05/2023;AG008;186;Oui;;54,39;Téléphone;Changement d'offre;Non;Non;Oui;;Non Renseigné
TCK21488;30/08/2023;AG003;222;Oui;1,5;40,08;Téléphone;Facturation;Non;Non;Oui;;Non Renseigné
TCK21489;27/12/2023;AG007;390;Non;;40,32;Réseaux Sociaux;Litige paiement;Oui;Non;Non;;Non Renseigné
TCK21490;16/09/2023;AG008;354;Non;4,5;;Téléphone;Réclamation;Oui;Non;Oui;6;Délai de traitement
TCK21491;23/02/2023;AG008;240;Non;1,5;35,16;Réseaux Sociaux;Résiliation;Oui;Non;Oui;;Non Renseigné
TCK21492;29/01/2023;AG002;282;Oui;3;34,68;Réseaux Sociaux;Réclamation;Non;Oui;Oui;8;Non Renseigné
TCK21493;12/02/2023;AG004;270;Non;2,5;18,92;Chat;Changement d'offre;Oui;Non;Non;7;Non Renseigné
TCK21494;15/06/2023;AG001;420;Oui;4,5;48,84;Téléphone;Souscription contrat;Non;Non;Non;2;Non Renseigné
TCK21495;25/02/2023;AG006;276;Non;;;Réseaux Sociaux;Changement d'offre;Oui;Non;Oui;5;Non Renseigné
TCK21496;10/08/2023;AG008;342;Non;;22,71;Téléphone;Changement d'offre;Non;Non;Non Renseigné;;Non Renseigné
TCK21497;26/10/2023;AG005;372;Oui;;53,1;Téléphone;Demande d'information;Oui;Oui;Non;5;Non Renseigné
TCK21498;20/09/2023;AG004;264;Oui;2;16,52;Téléphone;Facturation;Non;Non;Oui;9;Non Renseigné
TCK21499;17/09/2023;AG002;282;Oui;;58,78;Réseaux Sociaux;Relevé compteur;Oui;Non;Oui;6;Non Renseigné
TCK21500;19/12/2023;AG001;282;Non;3,5;42,32;Téléphone;Changement d'offre;Non;Non;Non;3;Non Renseigné
TCK21501;11/04/2023;AG005;378;Oui;3,5;37,27;Téléphone;Litige paiement;Oui;Non;Non;;Non Renseigné
TCK21502;22/08/2023;AG008;510;Oui;;35,13;Email;Demande d'information;Non;Non;Non;9;Non Renseigné
TCK21503;24/09/2023;AG004;276;Non;4,5;34,59;Téléphone;Relevé compteur;Oui;Non;Oui;6;Délai de traitement
TCK21504;01/11/2023;AG003;210;Oui;5;17,94;Téléphone;Changement d'offre;Non;Oui;Oui;8;Non Renseigné
TCK21505;31/08/2023;AG007;186;Oui;2,5;19,78;Téléphone;Relevé compteur;Non;Non;Oui;;Non Renseigné
TCK21506;24/02/2023;AG003;336;Non;3,5;40,51;Téléphone;Relevé compteur;Oui;Non;Non;4;Non Renseigné
TCK21507;05/10/2023;AG005;102;Oui;5;17,7;Téléphone;Panne compteur;Oui;Non;Oui;9;Non Renseigné
TCK21508;05/07/2023;AG007;336;Non;1,5;;Email;Réclamation;Non;Non;Non;8;Non Renseigné
TCK21509;09/12/2023;AG003;342;Oui;;21,87;Téléphone;Panne compteur;Non;Non;Oui;;Non Renseigné
TCK21510;25/01/2023;AG003;300;Oui;4,5;51,28;Email;Souscription contrat;Oui;Non;Non Renseigné;;Non Renseigné
TCK21511;07/07/2023;AG001;252;Non;4;44,89;Téléphone;Réclamation;Oui;Non;Oui;9;Non Renseigné
TCK21512;09/09/2023;AG004;252;Non;2;37,97;Téléphone;Demande d'information;Oui;Non;Non;7;Non Renseigné
TCK21513;22/08/2023;AG007;186;Oui;;19,37;Téléphone;Panne compteur;Non;Non;Oui;10;Comportement agent
TCK21514;27/05/2023;AG005;504;Oui;;26,37;Réseaux Sociaux;Résiliation;Non;Non;Oui;6;Non Renseigné
TCK21515;10/07/2023;AG006;150;Oui;2;49,05;Téléphone;Facturation;Non;Non;Non Renseigné;3;Non Renseigné
TCK21516;15/10/2023;AG003;216;Oui;4,5;51,93;Réseaux Sociaux;Relevé compteur;Non;Non;Oui;5;Non Renseigné
TCK21517;23/10/2023;AG002;366;Oui;;15,18;Téléphone;Demande d'information;Oui;Non;Oui;;Non Renseigné
TCK21518;22/05/2023;AG007;240;Oui;;14,15;Téléphone;Litige paiement;Oui;Non;Oui;3;Non Renseigné
TCK21519;24/02/2023;AG007;294;Oui;;42,09;Téléphone;Panne compteur;Oui;Non;Oui;0;Non Renseigné
TCK21520;28/03/2023;AG002;366;Oui;4,5;28,16;Téléphone;Relevé compteur;Non;Non;Oui;;Comportement agent
TCK21521;11/11/2023;AG001;264;Oui;;24,36;Téléphone;Facturation;Oui;Non;Oui;;Non Renseigné
TCK21522;08/10/2023;AG002;66;Oui;;27,22;Téléphone;Panne compteur;Oui;Non;Non Renseigné;;Non Renseigné
TCK21523;03/10/2023;AG004;276;Oui;3;44,69;Email;Litige paiement;Oui;Non;Oui;9;Non Renseigné
TCK21524;24/01/2023;AG001;336;Non;;58,64;Téléphone;Réclamation;Non;Oui;Oui;3;Non Renseigné
TCK21525;20/04/2023;AG006;318;Non;3;23,33;Email;Réclamation;Non;Oui;Oui;4;Non Renseigné
TCK21526;14/09/2023;AG004;186;Non;5;43,85;Réseaux Sociaux;Facturation;Non;Non;Oui;8;Non Renseigné
TCK21527;01/07/2023;AG004;438;Oui;5;;Réseaux Sociaux;Résiliation;Oui;Non;Non;;Non Renseigné
TCK21528;21/09/2023;AG002;294;Oui;;46,45;Email;Réclamation;Oui;Non;Oui;7;Non Renseigné
TCK21529;10/09/2023;AG006;270;Non;5;57,62;Téléphone;Déménagement;Non;Non;Non;2;Non Renseigné
TCK21530;07/11/2023;AG003;252;Oui;4,5;22,59;Téléphone;Réclamation;Oui;Non;Non;8;Non Renseigné
TCK21531;14/03/2023;AG008;414;Non;4;28,52;Email;Résiliation;Oui;Non;Oui;8;Non Renseigné
TCK21532;23/11/2023;AG004;270;Non;2,5;35,25;Email;Panne compteur;Oui;Non;Non Renseigné;5;Non Renseigné
TCK21533;04/08/2023;AG005;228;Oui;2,5;36,26;Réseaux Sociaux;Demande d'information;Non;Oui;Oui;9;Non Renseigné
TCK21534;27/11/2023;AG002;228;Oui;3,5;31,2;Email;Demande d'information;Non;Oui;Oui;8;Non Renseigné
TCK21535;21/06/2023;AG005;156;Oui;2;28,03;Chat;Panne compteur;Oui;Non;Oui;6;Facturation incorrecte
TCK21536;22/11/2023;AG003;282;Non;;38,6;Téléphone;Souscription contrat;Non;Non;Non;;Non Renseigné
TCK21537;19/11/2023;AG007;426;Non;;;Téléphone;Relevé compteur;Oui;Non;Oui;;Non Renseigné
TCK21538;18/09/2023;AG008;306;Oui;2,5;16,61;Email;Déménagement;Oui;Non;Non Renseigné;0;Non Renseigné
TCK21539;27/09/2023;AG005;312;Oui;4,5;45,7;Téléphone;Déménagement;Non;Oui;Oui;;Non Renseigné
TCK21540;29/05/2023;AG007;78;Non;2,5;;Téléphone;Résiliation;Oui;Non;Non;7;Non Renseigné
TCK21541;20/12/2023;AG007;210;Oui;2,5;12,5;Réseaux Sociaux;Réclamation;Oui;Non;Oui;5;Non Renseigné
TCK21542;09/12/2023;AG005;30;Non;4,5;22,58;Téléphone;Relevé compteur;Oui;Non;Oui;9;Non Renseigné
TCK21543;27/09/2023;AG001;246;Oui;0,5;44,73;Réseaux Sociaux;Facturation;Oui;Non;Oui;4;Facturation incorrecte
TCK21544;08/04/2023;AG002;186;Non;3,5;12,47;Téléphone;Facturation;Oui;Non;Oui;;Non Renseigné
TCK21545;24/03/2023;AG001;354;Oui;2,5;52,44;Email;Résiliation;Non;Oui;Oui;;Non Renseigné
TCK21546;09/09/2023;AG003;108;Oui;;22,32;Email;Panne compteur;Non;Non;Non;5;Non Renseigné
TCK21547;20/02/2023;AG001;384;Non;2,5;10,45;Téléphone;Réclamation;Non;Non;Oui;6;Non Renseigné
TCK21548;13/08/2023;AG008;210;Non;2;40,61;Téléphone;Facturation;Oui;Non;Oui;;Non Renseigné
TCK21549;29/12/2023;AG005;228;Non;3,5;18,33;Email;Souscription contrat;Non;Oui;Non;;Non Renseigné
TCK21550;27/06/2023;AG001;534;Non;2,5;24,9;Email;Changement d'offre;Oui;Oui;Oui;;Facturation incorrecte
TCK21551;21/09/2023;AG004;354;Oui;;11,75;Chat;Déménagement;Non;Non;Oui;5;Non Renseigné
TCK21552;20/09/2023;AG008;174;Non;1,5;49,82;Réseaux Sociaux;Souscription contrat;Non;Non;Oui;10;Non Renseigné
TCK21553;26/07/2023;AG004;390;Oui;;31,59;Email;Litige paiement;Oui;Oui;Oui;10;Non Renseigné
TCK21554;11/12/2023;AG004;360;Non;;45,65;Chat;Litige paiement;Non;Oui;Oui;;Non Renseigné
TCK21555;30/05/2023;AG003;48;Non;2,5;23,68;Chat;Souscription contrat;Non;Non;Oui;;Non Renseigné
TCK21556;20/08/2023;AG007;288;Oui;4;26,35;Email;Demande d'information;Oui;Non;Oui;1;Non Renseigné
TCK21557;12/11/2023;AG004;162;Oui;5;32,12;Réseaux Sociaux;Réclamation;Non;Non;Oui;6;Non Renseigné
TCK21558;07/12/2023;AG008;258;Oui;4;41,01;Téléphone;Changement d'offre;Non;Non;Non Renseigné;5;Non Renseigné
TCK21559;17/12/2023;AG007;510;Oui;5;37,21;Réseaux Sociaux;Réclamation;Non;Non;Non;;Non Renseigné
TCK21560;21/01/2023;AG003;366;Oui;2;36,71;Chat;Relevé compteur;Oui;Non;Oui;8;Non Renseigné
TCK21561;14/07/2023;AG004;378;Oui;4,5;43,95;Email;Facturation;Oui;Oui;Oui;7;Facturation incorrecte
TCK21562;23/03/2023;AG002;252;Non;5;30,64;Téléphone;Réclamation;Non;Non;Oui;3;Non Renseigné
TCK21563;22/11/2023;AG001;384;Oui;2,5;48,21;Réseaux Sociaux;Changement d'offre;Non;Non;Non;;Non Renseigné
TCK21564;20/01/2023;AG005;192;Non;;54,61;Téléphone;Facturation;Oui;Non;Oui;8;Non Renseigné
TCK21565;07/05/2023;AG005;282;Oui;2,5;11,54;Téléphone;Relevé compteur;Non;Non;Oui;7;Non Renseigné
TCK21566;07/07/2023;AG005;360;Oui;2;57,66;Réseaux Sociaux;Réclamation;Non;Oui;Oui;2;Non Renseigné
TCK21567;31/12/2023;AG007;354;Oui;4;12,71;Réseaux Sociaux;Demande d'information;Oui;Non;Non;8;Non Renseigné
TCK21568;03/02/2023;AG005;114;Oui;3,5;26,53;Téléphone;Changement d'offre;Oui;Non;Oui;8;Non Renseigné
TCK21569;28/07/2023;AG004;474;Oui;4;14,52;Téléphone;Panne compteur;Non;Non;Oui;;Non Renseigné
TCK21570;01/12/2023;AG004;174;Non;4;;Réseaux Sociaux;Relevé compteur;Oui;Oui;Non;2;Non Renseigné
TCK21571;02/05/2023;AG007;564;Non;1;15,23;Téléphone;Changement d'offre;Non;Oui;Oui;;Non Renseigné
TCK21572;12/01/2023;AG001;426;Oui;;48,36;Téléphone;Déménagement;Oui;Non;Oui;;Non Renseigné
TCK21573;01/12/2023;AG007;342;Oui;1,5;55,27;Réseaux Sociaux;Déménagement;Non;Non;Oui;4;Non Renseigné
TCK21574;05/06/2023;AG002;330;Oui;2,5;53,27;Téléphone;Litige paiement;Oui;Non;Oui;7;Non Renseigné
TCK21575;15/02/2023;AG007;258;Oui;2,5;24,83;Email;Résiliation;Non;Non;Oui;10;Non Renseigné
TCK21576;23/04/2023;AG004;246;Non;4;30,09;Chat;Litige paiement;Oui;Non;Oui;;Non Renseigné
TCK21577;22/03/2023;AG007;144;Oui;;38,79;Chat;Relevé compteur;Non;Non;Non;;Non Renseigné
TCK21578;20/10/2023;AG002;432;Non;;35,49;Téléphone;Relevé compteur;Oui;Non;Non Renseigné;2;Non Renseigné
TCK21579;01/02/2023;AG007;324;Oui;4,5;15,24;Email;Réclamation;Non;Oui;Oui;5;Non Renseigné
TCK21580;18/06/2023;AG001;222;Oui;5;58,56;Téléphone;Déménagement;Non;Non;Non;9;Non Renseigné
TCK21581;16/08/2023;AG001;360;Oui;4;;Réseaux Sociaux;Demande d'information;Non;Oui;Oui;8;Erreur technique
TCK21582;27/06/2023;AG002;252;Non;1;12,33;Email;Litige paiement;Oui;Oui;Non;;Non Renseigné
TCK21583;19/03/2023;AG005;246;Non;4,5;45,26;Téléphone;Résiliation;Non;Non;Oui;;Non Renseigné
TCK21584;21/05/2023;AG005;246;Non;4;56,43;Téléphone;Facturation;Non;Non;Oui;;Non Renseigné
TCK21585;17/05/2023;AG002;396;Oui;;39,51;Chat;Litige paiement;Oui;Oui;Non Renseigné;5;Non Renseigné
TCK21586;28/03/2023;AG007;384;Non;3,5;24,84;Téléphone;Réclamation;Non;Oui;Oui;6;Non Renseigné
TCK21587;07/03/2023;AG002;312;Oui;4,5;27,71;Email;Souscription contrat;Non;Oui;Oui;;Non Renseigné
TCK21588;05/07/2023;AG005;288;Non;2,5;30,49;Téléphone;Réclamation;Non;Oui;Non;0;Non Renseigné
TCK21589;10/06/2023;AG004;252;Oui;;59,54;Email;Litige paiement;Oui;Non;Oui;;Non Renseigné
TCK21590;16/10/2023;AG004;552;Oui;4,5;36,49;Email;Panne compteur;Oui;Non;Oui;;Non Renseigné
TCK21591;01/08/2023;AG005;126;Non;0,5;;Email;Facturation;Oui;Non;Non;;Non Renseigné
TCK21592;03/11/2023;AG004;216;Non;3;54,78;Téléphone;Panne compteur;Non;Oui;Oui;;Non Renseigné
TCK21593;18/01/2023;AG008;246;Non;;50,13;Téléphone;Changement d'offre;Oui;Non;Oui;9;Non Renseigné
TCK21594;12/10/2023;AG001;312;Non;;41,29;Chat;Relevé compteur;Oui;Non;Oui;;Non Renseigné
TCK21595;18/03/2023;AG007;216;Non;2;30,46;Réseaux Sociaux;Changement d'offre;Oui;Non;Oui;8;Non Renseigné
TCK21596;14/12/2023;AG002;336;Non;2;45,01;Téléphone;Panne compteur;Oui;Non;Non;5;Non Renseigné
TCK21597;03/04/2023;AG004;222;Oui;;37,39;Chat;Déménagement;Non;Oui;Oui;;Non Renseigné
TCK21598;25/07/2023;AG002;186;Non;2,5;33,7;Chat;Changement d'offre;Oui;Non;Oui;10;Non Renseigné
TCK21599;01/09/2023;AG004;294;Non;5;19,69;Chat;Changement d'offre;Oui;Non;Non Renseigné;6;Non Renseigné
TCK21600;16/05/2023;AG002;336;Non;;;Réseaux Sociaux;Changement d'offre;Non;Non;Oui;8;Non Renseigné
TCK21601;15/01/2023;AG007;150;Non;5;55,56;Téléphone;Demande d'information;Oui;Non;Oui;;Non Renseigné
TCK21602;16/11/2023;AG003;126;Oui;;42,44;Téléphone;Panne compteur;Oui;Non;Oui;9;Non Renseigné
TCK21603;13/02/2023;AG001;222;Oui;2;53,56;Chat;Déménagement;Non;Non;Oui;;Non Renseigné
TCK21604;03/12/2023;AG005;330;Oui;5;36,83;Téléphone;Panne compteur;Non;Non;Non;;Non Renseigné
TCK21605;08/04/2023;AG008;312;Non;4,5;47,59;Chat;Changement d'offre;Oui;Non;Oui;;Non Renseigné
TCK21606;22/08/2023;AG008;228;Oui;;29,48;Réseaux Sociaux;Panne compteur;Oui;Non;Oui;;Non Renseigné
TCK21607;06/07/2023;AG008;174;Oui;1;35,56;Email;Relevé compteur;Non;Non;Oui;;Non Renseigné
TCK21608;13/06/2023;AG008;252;Oui;4,5;;Chat;Demande d'information;Non;Non;Oui;;Non Renseigné
TCK21609;18/10/2023;AG005;246;Oui;0,5;27,88;Chat;Litige paiement;Non;Non;Oui;4;Non Renseigné
TCK21610;29/03/2023;AG008;360;Non;4;55,14;Téléphone;Résiliation;Non;Non;Non;2;Non Renseigné
TCK21611;26/10/2023;AG002;108;Non;;58,11;Email;Déménagement;Non;Oui;Oui;2;Non Renseigné
TCK21612;10/12/2023;AG004;378;Oui;4;36,26;Téléphone;Facturation;Oui;Non;Oui;;Non Renseigné
TCK21613;14/05/2023;AG002;318;Oui;4,5;20,42;Téléphone;Demande d'information;Oui;Oui;Oui;;Non Renseigné
TCK21614;16/01/2023;AG003;558;Oui;2;47,12;Téléphone;Résiliation;Oui;Non;Oui;9;Non Renseigné
TCK21615;30/08/2023;AG005;396;Non;3,5;;Réseaux Sociaux;Souscription contrat;Oui;Non;Oui;10;Non Renseigné
TCK21616;27/10/2023;AG003;204;Non;1,5;28,2;Réseaux Sociaux;Litige paiement;Oui;Non;Oui;9;Non Renseigné
TCK21617;07/07/2023;AG008;132;Non;;57,97;Réseaux Sociaux;Résiliation;Oui;Oui;Non;;Non Renseigné
TCK21618;15/10/2023;AG007;438;Non;4;47,54;Chat;Réclamation;Non;Oui;Oui;;Non Renseigné
TCK21619;17/07/2023;AG002;234;Non;3,5;23,28;Email;Déménagement;Oui;Non;Non Renseigné;10;Non Renseigné
TCK21620;16/12/2023;AG008;372;Oui;3;33,76;Téléphone;Facturation;Oui;Non;Oui;5;Facturation incorrecte
TCK21621;06/11/2023;AG001;288;Oui;4,5;57,26;Email;Changement d'offre;Non;Non;Oui;6;Non Renseigné
TCK21622;08/01/2023;AG008;294;Non;2;29,12;Email;Souscription contrat;Oui;Non;Non;;Non Renseigné
TCK21623;29/03/2023;AG004;396;Non;4,5;56,73;Téléphone;Changement d'offre;Oui;Non;Non;9;Erreur technique
TCK21624;18/07/2023;AG002;414;Oui;4,5;32,31;Réseaux Sociaux;Déménagement;Non;Non;Oui;8;Non Renseigné
TCK21625;08/09/2023;AG002;12;Oui;;38,24;Chat;Déménagement;Non;Oui;Oui;;Facturation incorrecte
TCK21626;12/03/2023;AG008;204;Oui;;54,1;Chat;Panne compteur;Non;Non;Non Renseigné;9;Non Renseigné
TCK21627;23/04/2023;AG002;264;Non;;32,22;Téléphone;Souscription contrat;Oui;Oui;Oui;5;Non Renseigné
TCK21628;24/05/2023;AG001;156;Oui;4;10,17;Téléphone;Souscription contrat;Oui;Non;Oui;;Non Renseigné
TCK21629;29/08/2023;AG001;300;Oui;4,5;22,26;Téléphone;Changement d'offre;Non;Oui;Oui;;Délai de traitement
TCK21630;06/03/2023;AG008;210;Oui;;55,44;Chat;Déménagement;Non;Non;Non Renseigné;4;Non Renseigné
TCK21631;07/12/2023;AG004;300;Non;;20,75;Téléphone;Demande d'information;Oui;Oui;Oui;8;Erreur technique
TCK21632;28/10/2023;AG002;210;Non;3;10,7;Réseaux Sociaux;Demande d'information;Non;Non;Non;;Non Renseigné
TCK21633;17/11/2023;AG008;216;Non;1,5;48,59;Chat;Souscription contrat;Non;Non;Non;1;Non Renseigné
TCK21634;10/03/2023;AG004;300;Oui;4,5;19,41;Chat;Résiliation;Oui;Oui;Non;;Non Renseigné
TCK21635;14/03/2023;AG008;372;Non;4,5;24,26;Chat;Litige paiement;Non;Oui;Oui;;Non Renseigné
TCK21636;29/12/2023;AG001;336;Non;;;Email;Déménagement;Non;Oui;Oui;;Non Renseigné
TCK21637;30/07/2023;AG001;264;Oui;2,5;22,37;Téléphone;Facturation;Non;Non;Oui;8;Non Renseigné
TCK21638;06/07/2023;AG001;222;Non;;24,89;Email;Relevé compteur;Non;Non;Oui;;Non Renseigné
TCK21639;31/05/2023;AG004;450;Non;2,5;;Email;Changement d'offre;Oui;Non;Non Renseigné;4;Non Renseigné
TCK21640;19/12/2023;AG004;186;Non;2,5;49,93;Chat;Litige paiement;Non;Non;Oui;;Non Renseigné
TCK21641;03/02/2023;AG001;264;Oui;1,5;;Réseaux Sociaux;Réclamation;Oui;Non;Oui;;Non Renseigné
TCK21642;12/01/2023;AG008;360;Oui;2;13,42;Chat;Facturation;Non;Non;Non Renseigné;10;Non Renseigné
TCK21643;21/10/2023;AG003;168;Oui;;57,75;Chat;Souscription contrat;Oui;Non;Oui;7;Non Renseigné
TCK21644;15/06/2023;AG002;294;Oui;2,5;50,47;Téléphone;Facturation;Non;Non;Oui;;Non Renseigné
TCK21645;05/08/2023;AG008;252;Oui;4;58,39;Email;Réclamation;Oui;Non;Non;1;Non Renseigné
TCK21646;13/12/2023;AG001;462;Oui;;28,54;Téléphone;Relevé compteur;Oui;Non;Oui;;Facturation incorrecte
TCK21647;21/12/2023;AG002;252;Oui;5;19,22;Chat;Changement d'offre;Oui;Non;Oui;9;Non Renseigné
TCK21648;07/01/2023;AG005;138;Oui;4,5;;Réseaux Sociaux;Déménagement;Oui;Non;Oui;7;Non Renseigné
TCK21649;17/09/2023;AG007;246;Non;4,5;59,1;Email;Demande d'information;Oui;Non;Oui;2;Non Renseigné
TCK21650;12/02/2023;AG002;288;Non;1;41,32;Téléphone;Demande d'information;Non;Non;Oui;;Non Renseigné
TCK21651;06/08/2023;AG007;180;Non;;;Téléphone;Demande d'information;Non;Non;Non;;Non Renseigné
TCK21652;02/01/2023;AG003;492;Oui;;;Téléphone;Panne compteur;Non;Oui;Oui;8;Non Renseigné
TCK21653;21/06/2023;AG006;324;Oui;4,5;15,81;Réseaux Sociaux;Panne compteur;Oui;Oui;Oui;3;Non Renseigné
TCK21654;30/08/2023;AG007;78;Oui;4,5;57,01;Téléphone;Facturation;Oui;Non;Oui;1;Non Renseigné
TCK21655;25/02/2023;AG006;318;Oui;4;48,1;Email;Changement d'offre;Non;Non;Oui;6;Non Renseigné
TCK21656;15/05/2023;AG007;174;Non;4,5;10,56;Chat;Demande d'information;Oui;Non;Oui;5;Non Renseigné
TCK21657;21/11/2023;AG008;204;Oui;;22,12;Chat;Changement d'offre;Oui;Non;Oui;;Non Renseigné
TCK21658;09/04/2023;AG003;150;Oui;5;35,45;Téléphone;Panne compteur;Non;Oui;Non;3;Non Renseigné
TCK21659;17/10/2023;AG006;348;Non;4;54,39;Téléphone;Facturation;Oui;Non;Oui;10;Non Renseigné
TCK21660;18/03/2023;AG001;174;Oui;4,5;28,62;Réseaux Sociaux;Facturation;Oui;Non;Oui;8;Facturation incorrecte
TCK21661;05/07/2023;AG006;444;Oui;;32,79;Chat;Changement d'offre;Non;Non;Oui;5;Non Renseigné
TCK21662;22/06/2023;AG008;318;Oui;4,5;28,21;Téléphone;Déménagement;Oui;Oui;Oui;0;Non Renseigné
TCK21663;13/11/2023;AG001;150;Oui;;52,62;Réseaux Sociaux;Relevé compteur;Non;Non;Oui;7;Non Renseigné
TCK21664;08/05/2023;AG001;336;Oui;1,5;28,21;Email;Réclamation;Non;Non;Oui;;Non Renseigné
TCK21665;12/10/2023;AG008;420;Oui;4;;Téléphone;Déménagement;Oui;Oui;Oui;5;Non Renseigné
TCK21666;29/03/2023;AG003;342;Oui;4,5;34,32;Chat;Changement d'offre;Oui;Non;Oui;;Non Renseigné
TCK21667;09/02/2023;AG001;198;Oui;5;21,24;Réseaux Sociaux;Facturation;Oui;Non;Oui;;Non Renseigné
TCK21668;31/10/2023;AG005;222;Non;4;48,86;Réseaux Sociaux;Résiliation;Non;Non;Non Renseigné;;Non Renseigné
TCK21669;05/04/2023;AG007;222;Non;4,5;21,45;Email;Réclamation;Oui;Non;Non;9;Non Renseigné
TCK21670;29/11/2023;AG007;12;Oui;2;38,98;Email;Résiliation;Oui;Non;Oui;10;Non Renseigné
TCK21671;22/05/2023;AG003;426;Non;2,5;53,86;Chat;Relevé compteur;Non;Non;Oui;;Non Renseigné
TCK21672;16/12/2023;AG003;252;Oui;1;10,77;Téléphone;Demande d'information;Oui;Non;Oui;5;Non Renseigné
TCK21673;29/05/2023;AG003;384;Oui;3;31,32;Téléphone;Souscription contrat;Non;Non;Non;10;Non Renseigné
TCK21674;29/08/2023;AG004;390;Oui;4;42,57;Téléphone;Résiliation;Non;Non;Oui;7;Non Renseigné
TCK21675;21/02/2023;AG003;498;Non;;17,7;Réseaux Sociaux;Changement d'offre;Oui;Non;Oui;2;Non Renseigné
TCK21676;21/03/2023;AG003;150;Oui;4,5;47,53;Réseaux Sociaux;Facturation;Non;Oui;Oui;5;Non Renseigné
TCK21677;09/04/2023;AG002;324;Oui;3,5;26,95;Réseaux Sociaux;Réclamation;Oui;Non;Oui;8;Non Renseigné
TCK21678;11/03/2023;AG008;258;Oui;1,5;30,39;Réseaux Sociaux;Réclamation;Oui;Oui;Oui;8;Non Renseigné
TCK21679;09/12/2023;AG008;276;Oui;;45,25;Chat;Demande d'information;Non;Non;Non;;Non Renseigné
TCK21680;11/08/2023;AG007;342;Oui;2,5;41,54;Téléphone;Déménagement;Non;Non;Oui;4;Non Renseigné
TCK21681;08/07/2023;AG002;204;Oui;2,5;39,38;Réseaux Sociaux;Réclamation;Oui;Non;Oui;;Non Renseigné
TCK21682;16/02/2023;AG003;240;Non;;39,87;Email;Résiliation;Non;Non;Oui;;Non Renseigné
TCK21683;18/01/2023;AG004;36;Oui;3,5;33,62;Chat;Déménagement;Oui;Non;Non;8;Non Renseigné
TCK21684;01/09/2023;AG005;204;Non;4;20,11;Réseaux Sociaux;Réclamation;Oui;Non;Oui;;Non Renseigné
TCK21685;27/07/2023;AG003;462;Non;4;20,7;Chat;Demande d'information;Oui;Non;Oui;5;Non Renseigné
TCK21686;22/11/2023;AG001;354;Non;2;20,12;Chat;Réclamation;Oui;Non;Non Renseigné;;Non Renseigné
TCK21687;23/02/2023;AG002;342;Oui;2;57,95;Email;Souscription contrat;Oui;Non;Oui;9;Non Renseigné
TCK21688;28/11/2023;AG008;360;Non;;45,34;Téléphone;Changement d'offre;Non;Non;Oui;;Non Renseigné
TCK21689;22/09/2023;AG004;270;Non;1,5;46,12;Email;Litige paiement;Oui;Oui;Oui;;Non Renseigné
TCK21690;09/11/2023;AG008;396;Oui;2;26,95;Téléphone;Réclamation;Non;Non;Non;1;Facturation incorrecte
TCK21691;29/07/2023;AG007;204;Oui;5;50,97;Email;Déménagement;Non;Non;Oui;;Non Renseigné
TCK21692;11/11/2023;AG004;252;Non;4;27,04;Téléphone;Réclamation;Non;Non;Oui;;Non Renseigné
TCK21693;05/07/2023;AG005;252;Oui;4;30,42;Email;Souscription contrat;Oui;Non;Oui;;Non Renseigné
TCK21694;04/09/2023;AG008;402;Non;3;14,85;Email;Facturation;Non;Non;Oui;3;Non Renseigné
TCK21695;07/09/2023;AG001;192;Oui;1,5;27,56;Chat;Facturation;Non;Non;Non;6;Non Renseigné
TCK21696;14/12/2023;AG005;240;Oui;4,5;28,62;Réseaux Sociaux;Litige paiement;Oui;Non;Oui;9;Non Renseigné
TCK21697;29/06/2023;AG004;216;Oui;4,5;48,82;Réseaux Sociaux;Changement d'offre;Oui;Non;Non;;Non Renseigné
TCK21698;27/07/2023;AG008;456;Non;1,5;47,88;Téléphone;Déménagement;Oui;Non;Oui;5;Non Renseigné
TCK21699;22/06/2023;AG008;396;Oui;3;15,9;Chat;Déménagement;Non;Non;Non;3;Non Renseigné
TCK21700;14/03/2023;AG006;324;Non;4;38,87;Réseaux Sociaux;Changement d'offre;Non;Non;Oui;10;Non Renseigné
TCK21701;02/10/2023;AG004;360;Non;5;54,49;Téléphone;Litige paiement;Oui;Non;Oui;;Non Renseigné
TCK21702;27/09/2023;AG002;168;Non;;31,49;Email;Demande d'information;Non;Non;Oui;;Non Renseigné
TCK21703;12/03/2023;AG006;342;Oui;2,5;34,7;Téléphone;Déménagement;Non;Non;Non Renseigné;9;Non Renseigné
TCK21704;29/08/2023;AG008;312;Oui;;35,31;Téléphone;Demande d'information;Non;Non;Oui;;Non Renseigné
TCK21705;26/06/2023;AG007;192;Non;1,5;11,28;Téléphone;Réclamation;Non;Non;Oui;;Facturation incorrecte
TCK21706;13/08/2023;AG006;102;Oui;;16,08;Chat;Changement d'offre;Oui;Non;Oui;;Non Renseigné
TCK21707;25/11/2023;AG006;288;Oui;1,5;28,17;Chat;Souscription contrat;Non;Non;Oui;7;Non Renseigné
TCK21708;08/10/2023;AG007;276;Non;4;58,32;Téléphone;Facturation;Non;Non;Non;9;Non Renseigné
TCK21709;14/11/2023;AG002;90;Non;;38,75;Téléphone;Déménagement;Non;Non;Oui;6;Non Renseigné
TCK21710;16/11/2023;AG002;300;Oui;1,5;33,76;Chat;Relevé compteur;Non;Non;Non;;Non Renseigné
TCK21711;25/07/2023;AG008;354;Non;1,5;52,73;Chat;Changement d'offre;Oui;Non;Oui;;Comportement agent
TCK21712;14/02/2023;AG004;390;Oui;4;24,58;Téléphone;Facturation;Oui;Non;Oui;1;Non Renseigné
TCK21713;02/09/2023;AG001;258;Oui;5;16,44;Email;Relevé compteur;Non;Non;Oui;1;Non Renseigné
TCK21714;30/04/2023;AG008;300;Oui;2;54,45;Téléphone;Réclamation;Non;Oui;Oui;;Non Renseigné
TCK21715;02/10/2023;AG002;390;Non;;56,89;Réseaux Sociaux;Facturation;Non;Oui;Oui;;Non Renseigné
TCK21716;26/07/2023;AG004;270;Oui;2;;Email;Panne compteur;Oui;Non;Oui;0;Non Renseigné
TCK21717;24/03/2023;AG008;198;Non;;28,75;Téléphone;Souscription contrat;Non;Non;Oui;4;Non Renseigné
TCK21718;16/04/2023;AG002;402;Non;4,5;24,03;Email;Panne compteur;Oui;Non;Oui;9;Non Renseigné
TCK21719;12/01/2023;AG008;324;Non;5;37,84;Réseaux Sociaux;Résiliation;Oui;Oui;Oui;5;Non Renseigné
TCK21720;30/11/2023;AG002;192;Oui;;50,7;Réseaux Sociaux;Réclamation;Oui;Non;Oui;;Non Renseigné
TCK21721;02/02/2023;AG003;312;Oui;3;40,31;Téléphone;Réclamation;Non;Non;Non;6;Non Renseigné
TCK21722;09/12/2023;AG008;252;Oui;2,5;15,41;Email;Résiliation;Non;Non;Non;;Non Renseigné
TCK21723;13/01/2023;AG006;312;Non;;35,33;Téléphone;Changement d'offre;Oui;Oui;Non;10;Non Renseigné
TCK21724;22/03/2023;AG002;24;Oui;;13,29;Email;Réclamation;Non;Non;Non;6;Non Renseigné
TCK21725;22/02/2023;AG007;318;Oui;2,5;;Téléphone;Panne compteur;Non;Non;Oui;6;Non Renseigné
TCK21726;24/12/2023;AG001;408;Non;1,5;24,04;Téléphone;Relevé compteur;Non;Non;Oui;9;Non Renseigné
TCK21727;10/04/2023;AG005;462;Oui;2,5;55,51;Téléphone;Résiliation;Oui;Non;Oui;10;Non Renseigné
TCK21728;14/08/2023;AG005;216;Non;4,5;37,19;Réseaux Sociaux;Réclamation;Non;Non;Oui;;Non Renseigné
TCK21729;30/04/2023;AG002;72;Oui;1;15,01;Téléphone;Déménagement;Non;Oui;Oui;;Non Renseigné
TCK21730;14/04/2023;AG005;252;Non;3;14,04;Chat;Litige paiement;Non;Non;Oui;3;Non Renseigné
TCK21731;17/04/2023;AG002;336;Oui;4,5;29,36;Réseaux Sociaux;Résiliation;Non;Non;Oui;5;Non Renseigné
TCK21732;24/06/2023;AG007;306;Non;1,5;;Téléphone;Relevé compteur;Non;Non;Non;10;Non Renseigné
TCK21733;09/07/2023;AG005;540;Oui;;44,73;Téléphone;Déménagement;Oui;Non;Non;;Non Renseigné
TCK21734;22/05/2023;AG007;258;Oui;2,5;50,96;Réseaux Sociaux;Changement d'offre;Oui;Non;Non;5;Non Renseigné
TCK21735;21/12/2023;AG005;246;Non;1,5;13,99;Réseaux Sociaux;Facturation;Oui;Non;Oui;;Non Renseigné
TCK21736;25/01/2023;AG006;222;Non;4,5;40,61;Téléphone;Facturation;Non;Non;Oui;;Non Renseigné
TCK21737;01/04/2023;AG001;384;Oui;4,5;17,64;Téléphone;Souscription contrat;Oui;Non;Non Renseigné;;Non Renseigné
TCK21738;20/11/2023;AG001;228;Oui;5;35,72;Réseaux Sociaux;Résiliation;Non;Non;Oui;;Non Renseigné
TCK21739;19/03/2023;AG008;186;Non;;39,44;Téléphone;Déménagement;Non;Non;Oui;9;Non Renseigné
TCK21740;21/03/2023;AG006;336;Non;4;40,44;Chat;Changement d'offre;Oui;Non;Oui;6;Non Renseigné
TCK21741;04/01/2023;AG001;390;Oui;4;30,59;Email;Facturation;Oui;Oui;Non;;Non Renseigné
TCK21742;29/09/2023;AG008;0;Non;2;;Chat;Déménagement;Non;Non;Oui;8;Non Renseigné
TCK21743;03/06/2023;AG005;186;Oui;1,5;52,11;Téléphone;Déménagement;Oui;Oui;Oui;7;Non Renseigné
TCK21744;08/02/2023;AG002;150;Oui;;54,51;Téléphone;Résiliation;Oui;Non;Oui;;Non Renseigné
TCK21745;20/12/2023;AG002;330;Non;2;52,95;Téléphone;Réclamation;Oui;Non;Oui;;Non Renseigné
TCK21746;11/11/2023;AG002;534;Oui;3;23,75;Email;Souscription contrat;Non;Non;Oui;8;Non Renseigné
TCK21747;13/03/2023;AG004;258;Non;1,5;45,84;Téléphone;Résiliation;Non;Non;Oui;10;Non Renseigné
TCK21748;04/12/2023;AG004;90;Oui;2;11,27;Téléphone;Souscription contrat;Oui;Non;Oui;10;Non Renseigné
TCK21749;11/11/2023;AG006;366;Oui;4;47,51;Chat;Souscription contrat;Non;Non;Oui;8;Non Renseigné
TCK21750;23/05/2023;AG008;330;Oui;3;31,01;Téléphone;Réclamation;Oui;Non;Oui;4;Non Renseigné
TCK21751;11/04/2023;AG008;222;Non;4,5;38,85;Téléphone;Réclamation;Non;Non;Oui;7;Non Renseigné
TCK21752;06/01/2023;AG005;138;Oui;;48,76;Téléphone;Déménagement;Non;Oui;Oui;;Non Renseigné
TCK21753;21/02/2023;AG001;210;Oui;3;31,65;Email;Relevé compteur;Non;Non;Oui;9;Non Renseigné
TCK21754;16/10/2023;AG001;276;Non;3;43,08;Téléphone;Litige paiement;Non;Non;Non;9;Non Renseigné
TCK21755;30/08/2023;AG001;252;Oui;2,5;25,55;Chat;Changement d'offre;Non;Non;Oui;8;Non Renseigné
TCK21756;05/12/2023;AG005;150;Oui;3,5;44,01;Téléphone;Panne compteur;Oui;Non;Oui;8;Non Renseigné
TCK21757;31/05/2023;AG008;132;Oui;;12,91;Email;Facturation;Oui;Non;Oui;;Non Renseigné
TCK21758;19/05/2023;AG006;192;Non;;14,04;Téléphone;Changement d'offre;Non;Non;Non;;Non Renseigné
TCK21759;26/04/2023;AG007;348;Non;4,5;53,75;Réseaux Sociaux;Litige paiement;Oui;Non;Non;8;Non Renseigné
TCK21760;20/08/2023;AG004;240;Non;2,5;45,12;Réseaux Sociaux;Résiliation;Non;Oui;Non Renseigné;10;Non Renseigné
TCK21761;08/10/2023;AG004;384;Oui;;37,85;Téléphone;Demande d'information;Non;Non;Non Renseigné;8;Facturation incorrecte
TCK21762;02/10/2023;AG004;222;Oui;2;36,18;Email;Demande d'information;Non;Non;Oui;7;Non Renseigné
TCK21763;18/06/2023;AG008;360;Oui;4,5;34,27;Téléphone;Demande d'information;Non;Oui;Oui;5;Non Renseigné
TCK21764;06/06/2023;AG007;354;Oui;1,5;18,29;Email;Facturation;Non;Non;Non;10;Non Renseigné
TCK21765;27/06/2023;AG003;240;Non;4;17,48;Chat;Souscription contrat;Non;Non;Oui;7;Non Renseigné
TCK21766;01/06/2023;AG006;468;Oui;1,5;19,73;Chat;Demande d'information;Oui;Non;Oui;;Non Renseigné
TCK21767;19/12/2023;AG008;366;Oui;;29,54;Réseaux Sociaux;Déménagement;Oui;Non;Oui;0;Non Renseigné
TCK21768;10/03/2023;AG001;402;Oui;5;32,41;Email;Demande d'information;Non;Oui;Oui;5;Non Renseigné
TCK21769;05/08/2023;AG003;360;Oui;4,5;56,88;Téléphone;Changement d'offre;Non;Non;Oui;10;Non Renseigné
TCK21770;14/03/2023;AG007;240;Oui;3;38,47;Téléphone;Changement d'offre;Non;Non;Oui;7;Non Renseigné
TCK21771;03/08/2023;AG002;450;Oui;4;44,63;Téléphone;Déménagement;Non;Non;Oui;7;Non Renseigné
TCK21772;29/09/2023;AG002;372;Oui;2;27,84;Réseaux Sociaux;Demande d'information;Oui;Non;Non Renseigné;5;Non Renseigné
TCK21773;21/06/2023;AG001;294;Non;1,5;24,99;Téléphone;Résiliation;Oui;Non;Oui;10;Non Renseigné
TCK21774;09/03/2023;AG007;396;Oui;4;40,73;Téléphone;Changement d'offre;Non;Non;Oui;5;Non Renseigné
TCK21775;29/04/2023;AG005;408;Non;;52,46;Téléphone;Souscription contrat;Oui;Oui;Oui;;Non Renseigné
TCK21776;18/04/2023;AG003;390;Oui;;27,97;Chat;Demande d'information;Non;Non;Oui;9;Non Renseigné
TCK21777;10/05/2023;AG002;264;Non;;56,34;Réseaux Sociaux;Réclamation;Oui;Non;Oui;;Non Renseigné
TCK21778;12/03/2023;AG003;156;Oui;3,5;38,2;Téléphone;Résiliation;Non;Non;Oui;9;Non Renseigné
TCK21779;31/08/2023;AG001;366;Non;2,5;;Chat;Souscription contrat;Oui;Non;Non;;Non Renseigné
TCK21780;13/01/2023;AG007;150;Oui;2,5;39,56;Réseaux Sociaux;Demande d'information;Non;Non;Oui;;Non Renseigné
TCK21781;16/04/2023;AG007;282;Oui;4,5;25,74;Réseaux Sociaux;Souscription contrat;Non;Non;Oui;;Non Renseigné
TCK21782;25/04/2023;AG007;366;Oui;;43,8;Email;Résiliation;Oui;Non;Oui;;Non Renseigné
TCK21783;12/02/2023;AG001;306;Oui;1;27,85;Chat;Demande d'information;Non;Non;Non;9;Non Renseigné
TCK21784;13/01/2023;AG005;492;Oui;1,5;58,01;Réseaux Sociaux;Souscription contrat;Non;Non;Oui;;Non Renseigné
TCK21785;30/11/2023;AG001;288;Non;2,5;22,68;Téléphone;Résiliation;Non;Non;Oui;9;Non Renseigné
TCK21786;08/02/2023;AG007;324;Oui;4,5;29,89;Email;Panne compteur;Oui;Oui;Non;;Non Renseigné
TCK21787;11/07/2023;AG008;294;Oui;4,5;;Email;Litige paiement;Oui;Non;Oui;7;Non Renseigné
TCK21788;12/01/2023;AG008;276;Oui;3;12,1;Email;Changement d'offre;Non;Non;Oui;;Non Renseigné
TCK21789;19/12/2023;AG001;288;Non;;55,34;Téléphone;Résiliation;Oui;Non;Oui;;Non Renseigné
TCK21790;27/12/2023;AG002;48;Oui;4;38,32;Réseaux Sociaux;Résiliation;Oui;Non;Oui;6;Non Renseigné
TCK21791;30/05/2023;AG001;144;Oui;2,5;17,47;Email;Relevé compteur;Non;Non;Non;8;Non Renseigné
TCK21792;09/05/2023;AG002;408;Oui;;10,77;Téléphone;Déménagement;Non;Oui;Oui;9;Non Renseigné
TCK21793;10/10/2023;AG007;258;Non;;23,65;Téléphone;Facturation;Non;Non;Oui;;Non Renseigné
TCK21794;12/01/2023;AG008;360;Oui;1;57,26;Chat;Facturation;Non;Non;Oui;4;Non Renseigné
TCK21795;15/12/2023;AG005;342;Non;1;40,43;Chat;Changement d'offre;Non;Non;Non;5;Non Renseigné
TCK21796;27/04/2023;AG005;294;Oui;;48,77;Réseaux Sociaux;Souscription contrat;Non;Non;Oui;;Non Renseigné
TCK21797;07/08/2023;AG002;252;Non;0,5;38,72;Chat;Déménagement;Non;Non;Oui;;Non Renseigné
TCK21798;30/01/2023;AG005;324;Oui;;45,62;Téléphone;Souscription contrat;Oui;Non;Oui;;Non Renseigné
TCK21799;27/06/2023;AG006;294;Non;;28,42;Téléphone;Souscription contrat;Non;Non;Oui;6;Non Renseigné
TCK21800;06/01/2023;AG005;120;Non;;18,34;Email;Litige paiement;Non;Non;Non;;Non Renseigné
TCK21801;17/07/2023;AG003;84;Non;5;11,15;Téléphone;Résiliation;Oui;Non;Oui;;Non Renseigné
TCK21802;10/06/2023;AG002;312;Oui;1,5;50,11;Téléphone;Panne compteur;Oui;Non;Non Renseigné;9;Non Renseigné
TCK21803;13/12/2023;AG004;174;Non;2,5;59,41;Réseaux Sociaux;Relevé compteur;Oui;Oui;Oui;10;Non Renseigné
TCK21804;02/09/2023;AG004;390;Oui;0,5;56,86;Téléphone;Facturation;Oui;Non;Oui;;Non Renseigné
TCK21805;31/07/2023;AG008;90;Oui;;18,35;Réseaux Sociaux;Relevé compteur;Oui;Non;Oui;7;Non Renseigné
TCK21806;13/08/2023;AG005;372;Non;;14,45;Réseaux Sociaux;Changement d'offre;Non;Non;Oui;9;Non Renseigné
TCK21807;08/06/2023;AG002;360;Non;;53,06;Téléphone;Litige paiement;Oui;Oui;Non;;Non Renseigné
TCK21808;19/06/2023;AG003;282;Oui;0,5;36,62;Réseaux Sociaux;Demande d'information;Oui;Non;Oui;;Non Renseigné
TCK21809;01/09/2023;AG006;42;Oui;;23,38;Email;Litige paiement;Oui;Non;Oui;5;Erreur technique
TCK21810;03/03/2023;AG007;246;Non;2;12,28;Téléphone;Résiliation;Oui;Oui;Oui;;Non Renseigné
TCK21811;18/08/2023;AG001;348;Oui;2;25,01;Téléphone;Litige paiement;Non;Non;Oui;8;Non Renseigné
TCK21812;16/07/2023;AG003;6;Oui;2,5;23,69;Chat;Changement d'offre;Oui;Non;Oui;10;Non Renseigné
TCK21813;06/12/2023;AG002;360;Oui;4;16,57;Téléphone;Demande d'information;Non;Non;Oui;6;Non Renseigné
TCK21814;08/11/2023;AG006;156;Oui;;40,9;Téléphone;Litige paiement;Non;Non;Oui;;Non Renseigné
TCK21815;29/08/2023;AG007;102;Non;4,5;45,92;Téléphone;Demande d'information;Non;Non;Non;10;Non Renseigné
TCK21816;03/11/2023;AG007;360;Non;3;38;Email;Réclamation;Non;Non;Non;;Facturation incorrecte
TCK21817;24/09/2023;AG001;246;Oui;;32,52;Téléphone;Réclamation;Non;Non;Non;2;Non Renseigné
TCK21818;16/03/2023;AG001;318;Oui;4;49,73;Chat;Changement d'offre;Oui;Non;Oui;;Non Renseigné
TCK21819;18/08/2023;AG004;282;Oui;4;12;Réseaux Sociaux;Changement d'offre;Oui;Non;Oui;;Non Renseigné
TCK21820;30/08/2023;AG003;234;Non;1;25,73;Téléphone;Facturation;Oui;Non;Oui;;Non Renseigné
TCK21821;03/04/2023;AG004;48;Non;4,5;45,01;Email;Relevé compteur;Oui;Non;Oui;2;Non Renseigné
TCK21822;02/09/2023;AG004;330;Oui;;;Email;Changement d'offre;Non;Oui;Oui;5;Non Renseigné
TCK21823;17/11/2023;AG002;354;Oui;3,5;59,47;Email;Changement d'offre;Non;Non;Oui;;Non Renseigné
TCK21824;22/07/2023;AG004;336;Oui;4,5;48,33;Email;Relevé compteur;Non;Oui;Oui;;Non Renseigné
TCK21825;12/07/2023;AG004;228;Oui;;28,11;Réseaux Sociaux;Relevé compteur;Non;Non;Non;6;Non Renseigné
TCK21826;14/01/2023;AG001;216;Non;2,5;;Réseaux Sociaux;Facturation;Non;Oui;Oui;;Non Renseigné
TCK21827;27/02/2023;AG003;300;Non;3,5;49,47;Téléphone;Réclamation;Oui;Non;Oui;10;Non Renseigné
TCK21828;11/02/2023;AG006;72;Non;4,5;42,79;Téléphone;Changement d'offre;Non;Non;Non Renseigné;8;Non Renseigné
TCK21829;26/04/2023;AG003;300;Non;2,5;42,08;Téléphone;Déménagement;Oui;Non;Oui;8;Non Renseigné
TCK21830;27/04/2023;AG001;468;Oui;;53,83;Chat;Litige paiement;Non;Non;Non Renseigné;;Non Renseigné
TCK21831;21/01/2023;AG001;78;Oui;4,5;56,41;Téléphone;Déménagement;Non;Non;Oui;;Non Renseigné
TCK21832;12/12/2023;AG001;444;Oui;;31,97;Téléphone;Déménagement;Oui;Non;Non;10;Non Renseigné
TCK21833;18/11/2023;AG001;288;Non;2;47,3;Réseaux Sociaux;Réclamation;Non;Oui;Oui;8;Non Renseigné
TCK21834;11/08/2023;AG008;210;Non;;41,71;Email;Litige paiement;Non;Non;Oui;3;Non Renseigné
TCK21835;03/06/2023;AG003;138;Oui;;10,91;Téléphone;Déménagement;Non;Oui;Non;6;Non Renseigné
TCK21836;13/04/2023;AG008;354;Oui;2,5;29,96;Chat;Souscription contrat;Oui;Non;Oui;9;Facturation incorrecte
TCK21837;29/03/2023;AG007;324;Non;4;32,4;Téléphone;Litige paiement;Oui;Non;Oui;;Non Renseigné
TCK21838;05/01/2023;AG001;312;Oui;;24,41;Chat;Panne compteur;Oui;Non;Oui;;Non Renseigné
TCK21839;16/11/2023;AG008;330;Non;;26,2;Téléphone;Relevé compteur;Non;Non;Oui;10;Facturation incorrecte
TCK21840;20/06/2023;AG005;342;Oui;4,5;18,11;Téléphone;Changement d'offre;Oui;Non;Non;3;Non Renseigné
TCK21841;29/10/2023;AG002;468;Oui;2,5;25,5;Réseaux Sociaux;Réclamation;Non;Non;Oui;9;Non Renseigné
TCK21842;13/07/2023;AG004;300;Oui;1,5;59,3;Téléphone;Litige paiement;Oui;Non;Non Renseigné;;Non Renseigné
TCK21843;23/02/2023;AG008;336;Non;3,5;48,35;Email;Litige paiement;Non;Non;Oui;10;Non Renseigné
TCK21844;19/02/2023;AG005;228;Non;;;Email;Demande d'information;Non;Oui;Oui;10;Non Renseigné
TCK21845;22/09/2023;AG001;486;Oui;4;27,34;Téléphone;Litige paiement;Non;Non;Non;8;Non Renseigné
TCK21846;28/10/2023;AG008;276;Oui;5;28,39;Téléphone;Relevé compteur;Oui;Non;Oui;5;Non Renseigné
TCK21847;06/12/2023;AG002;240;Non;4;30,78;Téléphone;Litige paiement;Non;Non;Non;7;Facturation incorrecte
TCK21848;27/04/2023;AG005;216;Oui;2;57,15;Téléphone;Demande d'information;Oui;Non;Oui;;Non Renseigné
TCK21849;12/02/2023;AG008;366;Oui;;18,98;Chat;Panne compteur;Oui;Non;Oui;8;Non Renseigné
TCK21850;07/12/2023;AG004;408;Oui;1,5;22,61;Téléphone;Panne compteur;Non;Non;Non;10;Facturation incorrecte
TCK21851;21/07/2023;AG002;396;Oui;;26,24;Téléphone;Changement d'offre;Non;Non;Non;;Non Renseigné
TCK21852;30/01/2023;AG007;324;Oui;;26,45;Chat;Réclamation;Oui;Oui;Non;6;Non Renseigné
TCK21853;13/03/2023;AG005;336;Non;2,5;;Réseaux Sociaux;Relevé compteur;Oui;Non;Oui;7;Non Renseigné
TCK21854;21/03/2023;AG006;192;Oui;4;20,44;Téléphone;Panne compteur;Non;Non;Oui;;Non Renseigné
TCK21855;07/07/2023;AG003;276;Non;2,5;34,29;Réseaux Sociaux;Déménagement;Oui;Non;Oui;10;Non Renseigné
TCK21856;08/12/2023;AG003;288;Oui;3,5;44,67;Réseaux Sociaux;Relevé compteur;Oui;Non;Oui;9;Non Renseigné
TCK21857;07/02/2023;AG004;282;Oui;4;57,02;Réseaux Sociaux;Relevé compteur;Non;Oui;Oui;9;Non Renseigné
TCK21858;29/12/2023;AG005;498;Oui;;58,85;Email;Réclamation;Oui;Non;Oui;10;Non Renseigné
TCK21859;13/09/2023;AG006;396;Oui;4;42,11;Email;Résiliation;Non;Non;Non;10;Non Renseigné
TCK21860;16/01/2023;AG002;462;Oui;2;59,51;Téléphone;Déménagement;Non;Non;Non;;Non Renseigné
TCK21861;15/11/2023;AG006;366;Oui;3,5;14,53;Réseaux Sociaux;Changement d'offre;Oui;Oui;Oui;;Facturation incorrecte
TCK21862;10/05/2023;AG001;138;Oui;2;42;Téléphone;Résiliation;Non;Oui;Oui;9;Non Renseigné
TCK21863;31/01/2023;AG006;372;Non;4,5;40,38;Email;Souscription contrat;Non;Oui;Oui;;Non Renseigné
TCK21864;17/10/2023;AG004;228;Oui;5;41,08;Téléphone;Panne compteur;Oui;Non;Non;1;Non Renseigné
TCK21865;01/08/2023;AG008;216;Non;0,5;16,41;Téléphone;Relevé compteur;Non;Oui;Oui;7;Facturation incorrecte
TCK21866;13/05/2023;AG001;348;Oui;3;26,35;Email;Changement d'offre;Oui;Non;Oui;10;Facturation incorrecte
TCK21867;30/07/2023;AG004;216;Oui;4,5;34,4;Réseaux Sociaux;Souscription contrat;Oui;Non;Oui;;Non Renseigné
TCK21868;29/09/2023;AG002;432;Non;1,5;;Email;Souscription contrat;Oui;Oui;Oui;;Non Renseigné
TCK21869;01/06/2023;AG003;102;Non;;47,77;Email;Changement d'offre;Non;Oui;Oui;;Non Renseigné
TCK21870;22/12/2023;AG007;192;Oui;2,5;11,24;Téléphone;Demande d'information;Non;Oui;Non;8;Non Renseigné
TCK21871;15/05/2023;AG008;348;Oui;3,5;29,19;Email;Souscription contrat;Oui;Non;Non;10;Non Renseigné
TCK21872;26/09/2023;AG002;318;Non;;;Email;Souscription contrat;Oui;Non;Oui;10;Non Renseigné
TCK21873;03/07/2023;AG004;192;Non;;43,06;Téléphone;Litige paiement;Oui;Non;Oui;9;Non Renseigné
TCK21874;26/09/2023;AG002;222;Non;;43,4;Email;Panne compteur;Oui;Non;Non;;Non Renseigné
TCK21875;20/08/2023;AG006;102;Oui;;31,47;Chat;Relevé compteur;Non;Non;Oui;;Non Renseigné
TCK21876;26/03/2023;AG003;192;Non;4;30,07;Téléphone;Changement d'offre;Non;Non;Oui;8;Non Renseigné
TCK21877;16/09/2023;AG006;258;Oui;4,5;48,24;Email;Relevé compteur;Oui;Non;Oui;9;Non Renseigné
TCK21878;08/12/2023;AG004;252;Non;2,5;31,18;Chat;Relevé compteur;Oui;Oui;Oui;;Non Renseigné
TCK21879;31/03/2023;AG003;354;Oui;2,5;45,13;Email;Panne compteur;Oui;Non;Non;;Non Renseigné
TCK21880;18/03/2023;AG007;420;Oui;3;40,48;Téléphone;Facturation;Non;Oui;Oui;;Non Renseigné
TCK21881;21/02/2023;AG001;240;Oui;1;15,53;Téléphone;Souscription contrat;Oui;Non;Oui;8;Non Renseigné
TCK21882;01/11/2023;AG008;144;Non;5;;Chat;Changement d'offre;Non;Non;Oui;9;Non Renseigné
TCK21883;07/06/2023;AG006;318;Non;5;35,51;Chat;Facturation;Oui;Non;Oui;9;Non Renseigné
TCK21884;14/05/2023;AG001;384;Oui;;33,12;Téléphone;Changement d'offre;Non;Non;Non;;Non Renseigné
TCK21885;27/04/2023;AG005;276;Non;4,5;23,97;Téléphone;Changement d'offre;Non;Oui;Oui;9;Non Renseigné
TCK21886;19/11/2023;AG007;318;Non;2;;Téléphone;Panne compteur;Oui;Non;Oui;;Non Renseigné
TCK21887;07/07/2023;AG004;234;Oui;1;18,55;Email;Réclamation;Oui;Non;Oui;8;Non Renseigné
TCK21888;15/01/2023;AG006;132;Non;5;48,67;Téléphone;Litige paiement;Oui;Non;Oui;10;Non Renseigné
TCK21889;18/11/2023;AG005;234;Non;2;33,72;Chat;Litige paiement;Non;Non;Oui;;Non Renseigné
TCK21890;21/08/2023;AG006;132;Oui;;52,61;Email;Souscription contrat;Oui;Non;Oui;9;Non Renseigné
TCK21891;14/09/2023;AG002;120;Oui;3,5;37,69;Téléphone;Relevé compteur;Non;Non;Non Renseigné;9;Délai de traitement
TCK21892;20/05/2023;AG003;330;Non;;55,09;Réseaux Sociaux;Panne compteur;Oui;Non;Oui;;Non Renseigné
TCK21893;06/07/2023;AG008;300;Non;4,5;26,43;Téléphone;Litige paiement;Oui;Non;Oui;5;Non Renseigné
TCK21894;12/12/2023;AG004;360;Oui;4;23,73;Téléphone;Déménagement;Oui;Non;Oui;9;Non Renseigné
TCK21895;28/07/2023;AG005;240;Oui;3,5;23,65;Chat;Déménagement;Oui;Oui;Oui;;Non Renseigné
TCK21896;17/03/2023;AG001;366;Non;4,5;31,92;Téléphone;Résiliation;Oui;Non;Oui;10;Non Renseigné
TCK21897;06/05/2023;AG007;102;Non;2;46,34;Email;Changement d'offre;Non;Non;Non Renseigné;;Non Renseigné
TCK21898;30/03/2023;AG008;306;Oui;4,5;20,22;Téléphone;Résiliation;Non;Non;Non;7;Non Renseigné
TCK21899;17/11/2023;AG004;348;Non;2,5;56,63;Téléphone;Panne compteur;Oui;Non;Non;5;Non Renseigné
TCK21900;22/11/2023;AG003;198;Non;3;14,5;Chat;Litige paiement;Oui;Non;Oui;5;Non Renseigné
TCK21901;18/08/2023;AG007;222;Non;;38,17;Chat;Facturation;Oui;Non;Oui;9;Non Renseigné
TCK21902;29/12/2023;AG003;156;Non;4,5;40,21;Réseaux Sociaux;Déménagement;Non;Non;Oui;1;Délai de traitement
TCK21903;19/03/2023;AG005;162;Non;4,5;50,84;Téléphone;Relevé compteur;Non;Non;Oui;;Non Renseigné
TCK21904;13/06/2023;AG002;186;Non;4,5;22,27;Réseaux Sociaux;Demande d'information;Oui;Non;Non Renseigné;7;Non Renseigné
TCK21905;13/08/2023;AG007;366;Oui;3;58,29;Téléphone;Relevé compteur;Oui;Non;Non;7;Non Renseigné
TCK21906;25/03/2023;AG008;192;Non;5;45,36;Email;Déménagement;Non;Non;Oui;;Non Renseigné
TCK21907;23/09/2023;AG003;60;Oui;;39,38;Email;Demande d'information;Non;Non;Non Renseigné;8;Non Renseigné
TCK21908;13/02/2023;AG007;330;Oui;;46,54;Téléphone;Panne compteur;Oui;Non;Oui;8;Non Renseigné
TCK21909;06/10/2023;AG001;66;Oui;5;12,12;Réseaux Sociaux;Changement d'offre;Non;Non;Oui;3;Non Renseigné
TCK21910;20/04/2023;AG001;270;Oui;2;16,59;Téléphone;Déménagement;Non;Non;Oui;4;Non Renseigné
TCK21911;28/02/2023;AG001;240;Oui;5;43,22;Téléphone;Changement d'offre;Non;Non;Oui;8;Non Renseigné
TCK21912;19/12/2023;AG002;234;Non;4;;Chat;Changement d'offre;Non;Oui;Oui;;Non Renseigné
TCK21913;17/04/2023;AG006;114;Oui;2,5;19,88;Email;Facturation;Oui;Non;Oui;;Non Renseigné
TCK21914;25/02/2023;AG008;162;Oui;;;Chat;Souscription contrat;Oui;Oui;Oui;7;Non Renseigné
TCK21915;27/11/2023;AG004;282;Oui;5;11,16;Téléphone;Souscription contrat;Oui;Non;Oui;;Facturation incorrecte
TCK21916;07/05/2023;AG001;318;Non;2;13,4;Réseaux Sociaux;Relevé compteur;Oui;Non;Non;9;Non Renseigné
TCK21917;02/06/2023;AG008;186;Non;5;15,41;Téléphone;Facturation;Non;Non;Oui;;Non Renseigné
TCK21918;03/08/2023;AG007;72;Non;4;57,58;Email;Réclamation;Non;Non;Oui;10;Non Renseigné
TCK21919;21/01/2023;AG002;354;Oui;;;Email;Relevé compteur;Oui;Non;Oui;8;Non Renseigné
TCK21920;10/06/2023;AG001;162;Non;5;27,81;Téléphone;Relevé compteur;Non;Non;Oui;10;Non Renseigné
TCK21921;28/05/2023;AG006;510;Non;3,5;57,35;Email;Demande d'information;Non;Oui;Oui;;Non Renseigné
TCK21922;02/01/2023;AG003;420;Non;1,5;21,6;Téléphone;Déménagement;Non;Non;Oui;9;Non Renseigné
TCK21923;06/11/2023;AG005;468;Oui;5;12,33;Téléphone;Facturation;Non;Non;Oui;7;Non Renseigné
TCK21924;22/10/2023;AG007;252;Oui;;32,13;Chat;Relevé compteur;Oui;Non;Oui;;Non Renseigné
TCK21925;15/08/2023;AG002;306;Non;0,5;15,73;Téléphone;Souscription contrat;Oui;Non;Oui;10;Non Renseigné
TCK21926;22/04/2023;AG003;246;Oui;;54,33;Téléphone;Facturation;Oui;Non;Non;8;Non Renseigné
TCK21927;08/03/2023;AG004;288;Oui;;46,49;Email;Facturation;Non;Oui;Oui;0;Non Renseigné
TCK21928;16/06/2023;AG006;294;Non;2,5;25,63;Téléphone;Relevé compteur;Non;Non;Oui;7;Non Renseigné
TCK21929;04/06/2023;AG004;138;Non;0,5;18,91;Chat;Déménagement;Non;Oui;Oui;2;Non Renseigné
TCK21930;08/09/2023;AG007;240;Non;2,5;29,93;Réseaux Sociaux;Résiliation;Non;Non;Oui;10;Non Renseigné
TCK21931;24/10/2023;AG002;384;Oui;0,5;18,49;Chat;Relevé compteur;Oui;Oui;Oui;8;Non Renseigné
TCK21932;29/10/2023;AG008;372;Oui;;28,16;Email;Changement d'offre;Oui;Non;Oui;;Non Renseigné
TCK21933;25/05/2023;AG001;240;Oui;4,5;57,58;Téléphone;Demande d'information;Non;Non;Oui;10;Non Renseigné
TCK21934;05/02/2023;AG003;300;Oui;4;29,64;Chat;Litige paiement;Oui;Non;Non;10;Non Renseigné
TCK21935;04/10/2023;AG008;246;Oui;;10,22;Téléphone;Changement d'offre;Oui;Non;Oui;;Non Renseigné
TCK21936;09/10/2023;AG005;342;Non;5;49,96;Chat;Facturation;Non;Non;Oui;;Non Renseigné
TCK21937;10/10/2023;AG002;102;Non;4;16,67;Réseaux Sociaux;Souscription contrat;Non;Non;Oui;;Non Renseigné
TCK21938;30/07/2023;AG002;330;Oui;5;48,46;Email;Demande d'information;Oui;Non;Non Renseigné;8;Non Renseigné
TCK21939;01/06/2023;AG008;432;Oui;4,5;31,44;Téléphone;Déménagement;Oui;Non;Non;9;Non Renseigné
TCK21940;25/07/2023;AG001;198;Non;4;22,2;Téléphone;Relevé compteur;Non;Non;Oui;6;Non Renseigné
TCK21941;22/11/2023;AG008;414;Oui;;46,45;Téléphone;Panne compteur;Oui;Non;Oui;;Non Renseigné
TCK21942;16/03/2023;AG006;306;Oui;5;27,47;Téléphone;Facturation;Oui;Non;Oui;5;Non Renseigné
TCK21943;05/10/2023;AG005;264;Non;;56,09;Téléphone;Souscription contrat;Oui;Non;Oui;9;Délai de traitement
TCK21944;06/08/2023;AG002;234;Non;3,5;55,88;Réseaux Sociaux;Souscription contrat;Oui;Non;Oui;9;Non Renseigné
TCK21945;15/03/2023;AG004;420;Oui;4;32,51;Réseaux Sociaux;Demande d'information;Oui;Non;Oui;10;Non Renseigné
TCK21946;05/12/2023;AG006;246;Oui;4,5;21,39;Téléphone;Litige paiement;Non;Non;Oui;5;Non Renseigné
TCK21947;10/01/2023;AG007;450;Non;5;19,97;Chat;Changement d'offre;Non;Non;Non;7;Non Renseigné
TCK21948;23/09/2023;AG002;432;Non;4;40,25;Téléphone;Résiliation;Non;Non;Oui;3;Comportement agent
TCK21949;01/04/2023;AG003;222;Oui;5;44,43;Chat;Déménagement;Non;Non;Non;7;Non Renseigné
TCK21950;24/05/2023;AG006;252;Oui;1;12,22;Téléphone;Réclamation;Oui;Non;Oui;6;Non Renseigné
TCK21951;11/05/2023;AG006;72;Oui;4;50,88;Email;Demande d'information;Oui;Oui;Non;;Non Renseigné
TCK21952;29/10/2023;AG003;270;Oui;2;10,55;Téléphone;Demande d'information;Oui;Non;Oui;;Non Renseigné
TCK21953;06/10/2023;AG004;282;Oui;3;18,49;Email;Changement d'offre;Oui;Non;Oui;;Non Renseigné
TCK21954;03/09/2023;AG007;396;Oui;4;49,39;Réseaux Sociaux;Facturation;Non;Non;Oui;7;Non Renseigné
TCK21955;24/08/2023;AG008;444;Oui;;22,69;Téléphone;Panne compteur;Non;Oui;Oui;;Non Renseigné
TCK21956;15/11/2023;AG001;354;Oui;4,5;26,14;Email;Facturation;Oui;Non;Oui;;Non Renseigné
TCK21957;11/04/2023;AG002;384;Oui;2,5;37,27;Téléphone;Changement d'offre;Oui;Non;Oui;7;Non Renseigné
TCK21958;25/07/2023;AG002;252;Oui;4;54,06;Réseaux Sociaux;Réclamation;Non;Non;Oui;;Non Renseigné
TCK21959;18/07/2023;AG001;144;Non;1,5;31,06;Réseaux Sociaux;Changement d'offre;Oui;Non;Oui;10;Délai de traitement
TCK21960;29/08/2023;AG002;300;Oui;1,5;19,59;Email;Demande d'information;Oui;Non;Oui;5;Non Renseigné
TCK21961;18/12/2023;AG008;396;Oui;;39,06;Réseaux Sociaux;Litige paiement;Non;Non;Oui;;Non Renseigné
TCK21962;24/10/2023;AG008;0;Oui;1;;Email;Résiliation;Non;Non;Oui;10;Non Renseigné
TCK21963;24/03/2023;AG008;288;Non;;15,98;Téléphone;Déménagement;Non;Non;Oui;9;Non Renseigné
TCK21964;29/11/2023;AG002;192;Oui;2;14,94;Réseaux Sociaux;Facturation;Oui;Non;Oui;8;Non Renseigné
TCK21965;20/01/2023;AG006;252;Oui;3,5;30,8;Téléphone;Résiliation;Non;Non;Oui;;Non Renseigné
TCK21966;16/03/2023;AG007;318;Non;3,5;28,79;Réseaux Sociaux;Panne compteur;Non;Non;Oui;8;Non Renseigné
TCK21967;01/10/2023;AG002;246;Oui;3,5;;Téléphone;Demande d'information;Oui;Non;Oui;;Non Renseigné
TCK21968;17/09/2023;AG008;288;Oui;2;;Email;Résiliation;Non;Non;Oui;3;Non Renseigné
TCK21969;23/05/2023;AG003;444;Oui;4,5;45,2;Téléphone;Litige paiement;Oui;Non;Oui;;Non Renseigné
TCK21970;12/05/2023;AG007;408;Oui;;28,25;Téléphone;Déménagement;Non;Oui;Non;6;Non Renseigné
TCK21971;17/03/2023;AG004;282;Oui;3;15,01;Email;Changement d'offre;Oui;Non;Oui;;Non Renseigné
TCK21972;09/03/2023;AG006;120;Oui;;41,37;Téléphone;Changement d'offre;Non;Oui;Oui;;Non Renseigné
TCK21973;12/09/2023;AG007;258;Non;2,5;58,97;Téléphone;Changement d'offre;Oui;Non;Oui;;Non Renseigné
TCK21974;05/11/2023;AG008;414;Non;1,5;35,39;Email;Souscription contrat;Oui;Non;Oui;4;Non Renseigné
TCK21975;28/10/2023;AG004;252;Non;;;Téléphone;Déménagement;Non;Non;Oui;4;Non Renseigné
TCK21976;02/06/2023;AG001;354;Oui;4,5;;Chat;Résiliation;Oui;Non;Non;8;Non Renseigné
TCK21977;09/07/2023;AG004;270;Oui;4;54,5;Chat;Souscription contrat;Oui;Non;Oui;;Erreur technique
TCK21978;15/08/2023;AG005;198;Non;;37,25;Téléphone;Panne compteur;Non;Non;Oui;10;Non Renseigné
TCK21979;25/12/2023;AG007;372;Oui;5;21,19;Chat;Souscription contrat;Oui;Non;Oui;7;Non Renseigné
TCK21980;27/01/2023;AG005;186;Non;;;Téléphone;Panne compteur;Non;Non;Non;10;Non Renseigné
TCK21981;28/12/2023;AG005;36;Non;4;51,58;Chat;Changement d'offre;Oui;Non;Oui;;Non Renseigné
TCK21982;22/03/2023;AG003;252;Oui;4,5;10,89;Email;Litige paiement;Non;Oui;Oui;8;Non Renseigné
TCK21983;11/03/2023;AG002;366;Oui;4,5;53,09;Téléphone;Panne compteur;Non;Non;Non;;Non Renseigné
TCK21984;05/06/2023;AG005;318;Oui;4,5;11,25;Email;Facturation;Non;Non;Oui;10;Non Renseigné
TCK21985;16/06/2023;AG008;150;Non;3,5;29,98;Email;Relevé compteur;Oui;Non;Oui;;Non Renseigné
TCK21986;11/07/2023;AG002;84;Oui;;55,25;Chat;Résiliation;Oui;Non;Non;;Non Renseigné
TCK21987;24/03/2023;AG001;198;Non;4,5;53,47;Téléphone;Litige paiement;Non;Non;Oui;1;Non Renseigné
TCK21988;30/11/2023;AG003;252;Non;;41,36;Téléphone;Panne compteur;Oui;Non;Oui;10;Non Renseigné
TCK21989;18/03/2023;AG002;258;Oui;2;26,82;Téléphone;Souscription contrat;Oui;Non;Non;6;Non Renseigné
TCK21990;12/04/2023;AG002;258;Non;3;16,67;Email;Changement d'offre;Non;Non;Oui;;Non Renseigné
TCK21991;13/04/2023;AG005;276;Oui;1;44,32;Réseaux Sociaux;Litige paiement;Oui;Non;Non;2;Non Renseigné
TCK21992;28/04/2023;AG004;318;Non;4,5;12,93;Chat;Panne compteur;Oui;Oui;Non;;Non Renseigné
TCK21993;28/05/2023;AG007;228;Oui;;20,77;Email;Souscription contrat;Non;Non;Oui;;Non Renseigné
TCK21994;29/03/2023;AG006;174;Oui;;40,49;Téléphone;Litige paiement;Non;Non;Oui;5;Non Renseigné
TCK21995;06/01/2023;AG007;330;Non;;46,31;Téléphone;Changement d'offre;Non;Non;Oui;;Non Renseigné
TCK21996;20/01/2023;AG003;372;Non;2,5;40,17;Téléphone;Réclamation;Oui;Non;Oui;;Non Renseigné
TCK21997;27/01/2023;AG006;216;Non;;29,46;Email;Déménagement;Non;Non;Oui;;Non Renseigné
TCK21998;23/03/2023;AG003;492;Oui;4,5;18,28;Téléphone;Panne compteur;Non;Non;Oui;7;Non Renseigné
TCK21999;08/11/2023;AG007;438;Oui;1;30,14;Téléphone;Réclamation;Non;Non;Oui;3;Non Renseigné
TCK22000;17/11/2023;AG008;156;Oui;3,5;48,06;Téléphone;Déménagement;Oui;Non;Oui;;Facturation incorrecte
TCK22001;13/01/2023;AG007;90;Non;5;34,13;Réseaux Sociaux;Déménagement;Oui;Non;Oui;9;Non Renseigné
TCK22002;01/11/2023;AG004;252;Non;5;30,79;Téléphone;Souscription contrat;Oui;Non;Non;6;Non Renseigné
TCK22003;19/09/2023;AG005;300;Oui;4,5;49,35;Téléphone;Changement d'offre;Oui;Non;Oui;6;Non Renseigné
TCK22004;25/04/2023;AG003;492;Non;;12,67;Email;Panne compteur;Oui;Non;Oui;;Non Renseigné
TCK22005;07/03/2023;AG006;486;Oui;1,5;29,93;Téléphone;Déménagement;Non;Non;Oui;;Erreur technique
TCK22006;29/05/2023;AG008;348;Non;1;43,81;Réseaux Sociaux;Souscription contrat;Oui;Non;Oui;7;Délai de traitement
TCK22007;26/02/2023;AG007;234;Oui;2,5;27,05;Réseaux Sociaux;Demande d'information;Oui;Oui;Oui;8;Non Renseigné
TCK22008;26/01/2023;AG007;402;Oui;;54,17;Email;Déménagement;Non;Non;Oui;8;Non Renseigné
TCK22009;07/02/2023;AG002;288;Oui;2;;Téléphone;Changement d'offre;Oui;Non;Non;0;Non Renseigné
TCK22010;09/10/2023;AG001;222;Non;;26,76;Chat;Relevé compteur;Non;Non;Non;;Non Renseigné
TCK22011;08/07/2023;AG003;168;Oui;4;12,1;Téléphone;Changement d'offre;Non;Non;Oui;;Non Renseigné
TCK22012;12/06/2023;AG006;384;Oui;4,5;29,08;Chat;Panne compteur;Oui;Oui;Non;9;Non Renseigné
TCK22013;23/03/2023;AG002;300;Non;3,5;47;Réseaux Sociaux;Résiliation;Non;Oui;Oui;;Non Renseigné
TCK22014;09/03/2023;AG002;114;Oui;;17,05;Téléphone;Changement d'offre;Non;Non;Oui;7;Non Renseigné
TCK22015;06/02/2023;AG005;426;Non;4,5;45,47;Chat;Panne compteur;Oui;Non;Oui;7;Non Renseigné
TCK22016;19/10/2023;AG004;318;Non;;10,89;Réseaux Sociaux;Souscription contrat;Oui;Non;Oui;;Non Renseigné
TCK22017;31/07/2023;AG008;360;Non;;20,81;Réseaux Sociaux;Demande d'information;Non;Non;Non Renseigné;;Non Renseigné
TCK22018;15/09/2023;AG001;282;Non;;47,82;Réseaux Sociaux;Déménagement;Oui;Oui;Oui;0;Non Renseigné
TCK22019;10/09/2023;AG006;192;Oui;;15,53;Téléphone;Litige paiement;Non;Non;Oui;10;Non Renseigné
TCK22020;08/10/2023;AG002;294;Non;5;44,5;Téléphone;Déménagement;Oui;Non;Oui;;Non Renseigné
TCK22021;07/09/2023;AG008;402;Oui;4;58,57;Chat;Litige paiement;Non;Non;Oui;;Non Renseigné
TCK22022;25/05/2023;AG005;240;Oui;;52,57;Chat;Résiliation;Non;Non;Oui;5;Non Renseigné
TCK22023;30/09/2023;AG002;168;Non;4,5;55,31;Téléphone;Facturation;Oui;Non;Oui;9;Non Renseigné
TCK22024;12/06/2023;AG008;546;Non;4;;Réseaux Sociaux;Panne compteur;Oui;Non;Non;5;Non Renseigné
TCK22025;10/07/2023;AG003;288;Non;;45,41;Réseaux Sociaux;Réclamation;Oui;Non;Oui;10;Non Renseigné
TCK22026;01/04/2023;AG007;264;Oui;;32,53;Email;Déménagement;Non;Non;Oui;;Délai de traitement
TCK22027;18/01/2023;AG006;420;Oui;;31,19;Téléphone;Souscription contrat;Non;Oui;Oui;2;Non Renseigné
TCK22028;19/03/2023;AG006;342;Oui;;37,41;Réseaux Sociaux;Réclamation;Non;Oui;Oui;7;Non Renseigné
TCK22029;24/12/2023;AG004;270;Non;4;;Chat;Facturation;Non;Non;Oui;2;Non Renseigné
TCK22030;09/07/2023;AG005;360;Non;1,5;43,96;Chat;Litige paiement;Oui;Non;Oui;10;Non Renseigné
TCK22031;11/03/2023;AG008;336;Non;;40,35;Réseaux Sociaux;Litige paiement;Oui;Oui;Oui;;Non Renseigné
TCK22032;30/06/2023;AG007;390;Oui;5;51,08;Téléphone;Facturation;Oui;Non;Non;3;Non Renseigné
TCK22033;25/02/2023;AG002;294;Oui;4;16,11;Réseaux Sociaux;Litige paiement;Non;Non;Oui;6;Non Renseigné
TCK22034;26/08/2023;AG001;240;Non;;22,68;Réseaux Sociaux;Facturation;Oui;Non;Oui;6;Non Renseigné
TCK22035;03/02/2023;AG001;390;Non;4,5;53,49;Réseaux Sociaux;Relevé compteur;Non;Non;Non Renseigné;9;Erreur technique
TCK22036;27/01/2023;AG007;414;Oui;;23,17;Téléphone;Litige paiement;Oui;Non;Non;6;Non Renseigné
TCK22037;20/05/2023;AG007;240;Oui;1,5;10,2;Chat;Demande d'information;Oui;Oui;Oui;;Non Renseigné
TCK22038;16/08/2023;AG004;168;Oui;3;47,72;Téléphone;Changement d'offre;Non;Non;Oui;;Délai de traitement
TCK22039;11/10/2023;AG007;270;Oui;;23,8;Chat;Demande d'information;Oui;Non;Oui;9;Non Renseigné
TCK22040;08/07/2023;AG007;180;Oui;2,5;24,33;Réseaux Sociaux;Résiliation;Oui;Oui;Oui;;Non Renseigné
TCK22041;24/09/2023;AG008;258;Oui;2;49,07;Email;Relevé compteur;Non;Non;Non Renseigné;10;Non Renseigné
TCK22042;02/03/2023;AG003;312;Oui;3,5;55,87;Chat;Litige paiement;Non;Non;Oui;;Non Renseigné
TCK22043;29/03/2023;AG002;162;Non;2;43,99;Email;Résiliation;Non;Non;Oui;;Non Renseigné
TCK22044;25/04/2023;AG007;264;Oui;;22,54;Réseaux Sociaux;Réclamation;Oui;Oui;Oui;;Non Renseigné
TCK22045;13/06/2023;AG005;276;Oui;3,5;54,73;Téléphone;Réclamation;Non;Oui;Oui;5;Délai de traitement
TCK22046;25/09/2023;AG002;366;Oui;4,5;43,19;Téléphone;Relevé compteur;Oui;Non;Oui;;Non Renseigné
TCK22047;21/11/2023;AG001;420;Oui;;30,71;Téléphone;Réclamation;Non;Non;Non Renseigné;7;Non Renseigné
TCK22048;23/06/2023;AG008;240;Oui;4,5;54,99;Chat;Résiliation;Oui;Non;Non;;Non Renseigné
TCK22049;20/08/2023;AG008;486;Non;;26,81;Téléphone;Déménagement;Non;Non;Oui;4;Erreur technique
TCK22050;17/12/2023;AG005;348;Non;1;49,85;Téléphone;Panne compteur;Non;Non;Oui;5;Non Renseigné
TCK22051;25/06/2023;AG003;228;Oui;1,5;35,75;Chat;Souscription contrat;Oui;Non;Non Renseigné;10;Non Renseigné
TCK22052;18/12/2023;AG006;234;Oui;;42,81;Téléphone;Panne compteur;Non;Oui;Non;;Non Renseigné
TCK22053;06/05/2023;AG004;222;Non;;29,25;Téléphone;Litige paiement;Oui;Oui;Non Renseigné;;Non Renseigné
TCK22054;28/08/2023;AG001;216;Non;2;49,43;Email;Résiliation;Non;Oui;Oui;8;Non Renseigné
TCK22055;09/11/2023;AG007;402;Oui;;27,57;Email;Relevé compteur;Oui;Non;Oui;10;Non Renseigné
TCK22056;24/06/2023;AG003;360;Oui;;21,95;Réseaux Sociaux;Panne compteur;Non;Non;Oui;8;Non Renseigné
TCK22057;11/09/2023;AG007;246;Oui;5;20,33;Téléphone;Changement d'offre;Non;Non;Oui;;Non Renseigné
TCK22058;28/12/2023;AG005;198;Oui;;11,87;Réseaux Sociaux;Litige paiement;Oui;Non;Oui;;Non Renseigné
TCK22059;23/06/2023;AG004;384;Non;;55,89;Chat;Réclamation;Non;Non;Oui;0;Non Renseigné
TCK22060;05/08/2023;AG005;288;Non;2;23,7;Chat;Déménagement;Oui;Non;Oui;9;Non Renseigné
TCK22061;21/04/2023;AG004;150;Oui;1,5;13,26;Téléphone;Résiliation;Oui;Non;Oui;0;Non Renseigné
TCK22062;06/04/2023;AG007;36;Oui;2;30,92;Email;Déménagement;Oui;Non;Oui;7;Non Renseigné
TCK22063;08/11/2023;AG004;246;Non;4;56,45;Téléphone;Relevé compteur;Non;Non;Oui;6;Non Renseigné
TCK22064;18/03/2023;AG006;300;Oui;4;54,23;Téléphone;Demande d'information;Non;Oui;Oui;8;Non Renseigné
TCK22065;21/09/2023;AG002;324;Oui;4;25,98;Téléphone;Relevé compteur;Oui;Non;Oui;;Non Renseigné
TCK22066;28/01/2023;AG001;426;Non;5;41,18;Email;Demande d'information;Oui;Non;Non;;Non Renseigné
TCK22067;10/03/2023;AG001;108;Non;2,5;34,08;Réseaux Sociaux;Demande d'information;Non;Non;Oui;0;Non Renseigné
TCK22068;12/03/2023;AG003;288;Oui;4,5;51,06;Téléphone;Panne compteur;Oui;Non;Non;;Non Renseigné
TCK22069;03/02/2023;AG003;264;Oui;4,5;;Téléphone;Déménagement;Oui;Oui;Oui;5;Non Renseigné
TCK22070;01/03/2023;AG006;450;Oui;;23,48;Téléphone;Relevé compteur;Non;Non;Oui;;Non Renseigné
TCK22071;19/01/2023;AG001;216;Oui;3,5;15,01;Email;Changement d'offre;Oui;Non;Oui;9;Non Renseigné
TCK22072;12/03/2023;AG007;150;Oui;4,5;10,83;Téléphone;Panne compteur;Oui;Non;Oui;7;Non Renseigné
TCK22073;21/03/2023;AG002;84;Oui;3;50,74;Email;Réclamation;Non;Non;Oui;;Non Renseigné
TCK22074;18/10/2023;AG003;384;Non;4;13,7;Email;Changement d'offre;Oui;Non;Oui;10;Non Renseigné
TCK22075;03/11/2023;AG008;72;Oui;;18,75;Téléphone;Réclamation;Oui;Non;Non Renseigné;5;Non Renseigné
TCK22076;25/04/2023;AG004;294;Non;4,5;57,51;Téléphone;Déménagement;Oui;Non;Oui;7;Non Renseigné
TCK22077;04/03/2023;AG001;366;Oui;;59,94;Chat;Relevé compteur;Oui;Non;Oui;;Non Renseigné
TCK22078;27/04/2023;AG004;114;Oui;4,5;52,92;Chat;Déménagement;Non;Non;Oui;;Non Renseigné
TCK22079;07/11/2023;AG004;168;Non;2,5;59,93;Téléphone;Changement d'offre;Non;Non;Non;;Non Renseigné
TCK22080;23/02/2023;AG001;402;Non;;49,09;Téléphone;Relevé compteur;Oui;Non;Oui;;Non Renseigné
TCK22081;03/12/2023;AG007;330;Non;4,5;27,77;Réseaux Sociaux;Déménagement;Oui;Non;Non;4;Non Renseigné
TCK22082;20/09/2023;AG003;402;Oui;4,5;44,41;Téléphone;Relevé compteur;Non;Non;Oui;10;Non Renseigné
TCK22083;05/02/2023;AG007;300;Non;;;Téléphone;Déménagement;Oui;Non;Oui;5;Non Renseigné
TCK22084;07/02/2023;AG004;228;Oui;4;55,27;Téléphone;Résiliation;Oui;Non;Oui;;Non Renseigné
TCK22085;22/03/2023;AG004;210;Oui;;11,84;Réseaux Sociaux;Souscription contrat;Non;Oui;Oui;;Non Renseigné
TCK22086;30/04/2023;AG002;192;Non;;40,84;Réseaux Sociaux;Résiliation;Oui;Non;Oui;;Non Renseigné
TCK22087;27/05/2023;AG001;156;Oui;1,5;36,71;Chat;Facturation;Non;Non;Non;;Non Renseigné
TCK22088;09/12/2023;AG008;210;Non;2;21,84;Réseaux Sociaux;Demande d'information;Non;Oui;Oui;;Non Renseigné
TCK22089;20/06/2023;AG007;222;Oui;3,5;35,13;Téléphone;Panne compteur;Oui;Non;Oui;7;Non Renseigné
TCK22090;25/01/2023;AG003;192;Non;2;46,46;Email;Relevé compteur;Oui;Non;Oui;1;Non Renseigné
TCK22091;29/11/2023;AG001;264;Non;4;;Chat;Déménagement;Oui;Oui;Oui;;Non Renseigné
TCK22092;08/07/2023;AG002;396;Oui;4,5;23,98;Email;Facturation;Oui;Non;Oui;;Non Renseigné
TCK22093;03/12/2023;AG003;126;Oui;4;38,54;Téléphone;Changement d'offre;Oui;Non;Non;;Non Renseigné
TCK22094;06/10/2023;AG001;180;Non;;33,21;Chat;Facturation;Oui;Oui;Oui;5;Erreur technique
TCK22095;23/10/2023;AG008;138;Non;3,5;56,36;Réseaux Sociaux;Réclamation;Non;Non;Oui;;Non Renseigné
TCK22096;26/07/2023;AG007;270;Oui;3;15,33;Téléphone;Changement d'offre;Non;Non;Oui;9;Facturation incorrecte
TCK22097;14/11/2023;AG007;150;Non;2;27,28;Email;Panne compteur;Oui;Oui;Non Renseigné;8;Erreur technique
TCK22098;31/10/2023;AG005;312;Oui;4,5;57,47;Téléphone;Facturation;Oui;Non;Oui;4;Non Renseigné
TCK22099;10/07/2023;AG008;162;Non;4,5;59,84;Téléphone;Facturation;Oui;Oui;Oui;6;Comportement agent
TCK22100;11/09/2023;AG001;414;Non;2,5;52,81;Téléphone;Changement d'offre;Non;Non;Oui;8;Non Renseigné
TCK22101;27/12/2023;AG002;90;Oui;4;15,87;Email;Souscription contrat;Non;Non;Oui;2;Non Renseigné
TCK22102;27/05/2023;AG003;180;Non;5;20,31;Email;Souscription contrat;Oui;Non;Oui;5;Non Renseigné
TCK22103;17/04/2023;AG005;450;Oui;5;30,14;Téléphone;Relevé compteur;Oui;Non;Oui;;Non Renseigné
TCK22104;13/08/2023;AG006;294;Non;3;22,64;Email;Déménagement;Oui;Non;Oui;7;Non Renseigné
TCK22105;16/04/2023;AG001;216;Oui;3,5;25,57;Téléphone;Litige paiement;Non;Non;Oui;;Non Renseigné
TCK22106;01/03/2023;AG007;570;Oui;;38,47;Chat;Résiliation;Oui;Oui;Oui;;Non Renseigné
TCK22107;17/08/2023;AG007;240;Oui;2;;Téléphone;Litige paiement;Non;Non;Non;6;Non Renseigné
TCK22108;01/03/2023;AG006;132;Oui;;47,26;Réseaux Sociaux;Panne compteur;Oui;Non;Oui;;Non Renseigné
TCK22109;10/04/2023;AG003;228;Oui;4;16,35;Chat;Résiliation;Non;Non;Non;;Non Renseigné
TCK22110;31/07/2023;AG001;306;Oui;5;20,44;Email;Facturation;Non;Non;Non;;Non Renseigné
TCK22111;01/08/2023;AG008;210;Oui;;25,34;Téléphone;Relevé compteur;Oui;Non;Oui;7;Non Renseigné
TCK22112;25/04/2023;AG003;18;Non;5;45,43;Chat;Résiliation;Non;Non;Oui;7;Non Renseigné
TCK22113;21/06/2023;AG007;132;Oui;4;41,17;Téléphone;Souscription contrat;Oui;Non;Oui;7;Non Renseigné
TCK22114;15/07/2023;AG003;414;Non;1,5;24,63;Réseaux Sociaux;Souscription contrat;Oui;Non;Oui;10;Non Renseigné
TCK22115;25/12/2023;AG001;366;Oui;2;;Réseaux Sociaux;Déménagement;Non;Non;Oui;5;Non Renseigné
TCK22116;24/08/2023;AG002;198;Oui;2,5;;Chat;Résiliation;Oui;Non;Oui;;Non Renseigné
TCK22117;26/11/2023;AG004;66;Non;4,5;25,37;Chat;Résiliation;Oui;Oui;Oui;0;Non Renseigné
TCK22118;29/03/2023;AG001;282;Oui;4;52,9;Réseaux Sociaux;Panne compteur;Oui;Non;Oui;7;Non Renseigné
TCK22119;05/04/2023;AG005;162;Non;5;46,84;Téléphone;Souscription contrat;Non;Non;Oui;10;Non Renseigné
TCK22120;22/02/2023;AG003;216;Non;5;35,39;Téléphone;Facturation;Oui;Non;Oui;;Non Renseigné
TCK22121;13/11/2023;AG005;126;Oui;4,5;50,51;Téléphone;Litige paiement;Non;Oui;Oui;8;Non Renseigné
TCK22122;01/11/2023;AG002;480;Non;3,5;15,59;Téléphone;Changement d'offre;Non;Oui;Oui;10;Non Renseigné
TCK22123;28/03/2023;AG003;282;Oui;2;38,26;Téléphone;Panne compteur;Non;Non;Oui;0;Non Renseigné
TCK22124;09/06/2023;AG002;222;Non;5;41,7;Téléphone;Résiliation;Non;Non;Non;8;Non Renseigné
TCK22125;27/08/2023;AG001;102;Oui;1,5;22,85;Réseaux Sociaux;Relevé compteur;Oui;Non;Oui;;Non Renseigné
TCK22126;08/05/2023;AG001;240;Oui;3;21,06;Téléphone;Demande d'information;Non;Non;Oui;9;Non Renseigné
TCK22127;07/01/2023;AG006;222;Oui;;59,34;Téléphone;Relevé compteur;Non;Non;Non;3;Non Renseigné
TCK22128;05/01/2023;AG005;192;Oui;2;37,28;Téléphone;Résiliation;Oui;Non;Oui;;Non Renseigné
TCK22129;28/11/2023;AG003;228;Oui;4;52,9;Email;Déménagement;Oui;Non;Oui;9;Non Renseigné
TCK22130;16/04/2023;AG003;144;Oui;;38,08;Chat;Litige paiement;Oui;Non;Non Renseigné;5;Non Renseigné
TCK22131;02/02/2023;AG003;384;Oui;4;45,74;Téléphone;Litige paiement;Oui;Non;Non Renseigné;0;Non Renseigné
TCK22132;27/10/2023;AG001;366;Oui;1,5;53,54;Réseaux Sociaux;Changement d'offre;Non;Non;Oui;8;Non Renseigné
TCK22133;28/08/2023;AG008;402;Oui;4;53,51;Chat;Facturation;Oui;Non;Oui;;Non Renseigné
TCK22134;28/03/2023;AG005;90;Non;1,5;42,08;Téléphone;Relevé compteur;Oui;Non;Oui;;Non Renseigné
TCK22135;17/05/2023;AG008;474;Oui;3;50,91;Téléphone;Relevé compteur;Non;Non;Oui;;Non Renseigné
TCK22136;05/09/2023;AG007;258;Oui;4;53,6;Chat;Demande d'information;Oui;Oui;Non;5;Non Renseigné
TCK22137;15/04/2023;AG007;126;Oui;;21,25;Réseaux Sociaux;Facturation;Oui;Non;Oui;5;Non Renseigné
TCK22138;15/02/2023;AG005;150;Non;2,5;29,75;Téléphone;Réclamation;Oui;Oui;Oui;;Non Renseigné
TCK22139;01/07/2023;AG002;264;Oui;2,5;;Téléphone;Panne compteur;Oui;Non;Oui;;Non Renseigné
TCK22140;22/02/2023;AG007;222;Oui;2;28,67;Téléphone;Litige paiement;Oui;Oui;Oui;;Non Renseigné
TCK22141;24/10/2023;AG008;150;Non;4;59,66;Chat;Relevé compteur;Oui;Non;Oui;10;Non Renseigné
TCK22142;11/06/2023;AG005;222;Oui;3;;Téléphone;Panne compteur;Oui;Non;Oui;10;Non Renseigné
TCK22143;12/08/2023;AG008;228;Non;2;22,03;Email;Facturation;Non;Non;Oui;9;Non Renseigné
TCK22144;04/07/2023;AG008;564;Oui;2,5;21,08;Téléphone;Résiliation;Non;Non;Oui;9;Non Renseigné
TCK22145;14/04/2023;AG006;336;Non;4,5;47,83;Téléphone;Relevé compteur;Non;Non;Oui;9;Non Renseigné
TCK22146;04/12/2023;AG008;324;Oui;3,5;42,84;Email;Changement d'offre;Oui;Non;Oui;;Non Renseigné
TCK22147;14/07/2023;AG003;246;Oui;;31,82;Téléphone;Réclamation;Non;Non;Non Renseigné;8;Non Renseigné
TCK22148;16/08/2023;AG005;330;Oui;3,5;24,52;Email;Résiliation;Non;Non;Oui;;Non Renseigné
TCK22149;12/07/2023;AG007;324;Non;5;;Chat;Changement d'offre;Oui;Oui;Oui;7;Non Renseigné
TCK22150;05/03/2023;AG007;324;Oui;4,5;;Réseaux Sociaux;Litige paiement;Non;Non;Non;9;Non Renseigné
TCK22151;12/10/2023;AG008;252;Non;4;18,24;Chat;Relevé compteur;Oui;Oui;Oui;;Non Renseigné
TCK22152;02/12/2023;AG001;264;Oui;4,5;50,06;Réseaux Sociaux;Réclamation;Oui;Non;Oui;8;Non Renseigné
TCK22153;21/07/2023;AG002;210;Oui;2,5;48,58;Téléphone;Litige paiement;Oui;Non;Non Renseigné;10;Non Renseigné
TCK22154;24/02/2023;AG001;276;Oui;;;Réseaux Sociaux;Relevé compteur;Oui;Non;Oui;;Non Renseigné
TCK22155;17/01/2023;AG008;360;Non;4;15;Email;Panne compteur;Non;Non;Oui;5;Non Renseigné
TCK22156;27/09/2023;AG001;420;Oui;;14,67;Réseaux Sociaux;Demande d'information;Non;Non;Oui;3;Non Renseigné
TCK22157;13/01/2023;AG003;318;Non;5;18,63;Téléphone;Relevé compteur;Oui;Non;Oui;7;Non Renseigné
TCK22158;16/07/2023;AG003;276;Oui;4,5;54,34;Téléphone;Souscription contrat;Non;Non;Oui;8;Non Renseigné
TCK22159;21/03/2023;AG001;252;Oui;4,5;43,53;Téléphone;Résiliation;Oui;Oui;Oui;;Non Renseigné
TCK22160;02/02/2023;AG006;336;Oui;3;54,04;Chat;Réclamation;Oui;Non;Oui;;Non Renseigné
TCK22161;15/09/2023;AG004;234;Oui;4,5;47,88;Réseaux Sociaux;Relevé compteur;Oui;Non;Oui;10;Non Renseigné
TCK22162;03/06/2023;AG008;162;Non;4;36,6;Email;Réclamation;Non;Non;Oui;;Non Renseigné
TCK22163;02/11/2023;AG008;288;Non;4,5;27,84;Email;Relevé compteur;Oui;Non;Oui;;Non Renseigné
TCK22164;03/03/2023;AG005;342;Oui;;55,53;Téléphone;Litige paiement;Non;Non;Oui;5;Facturation incorrecte
TCK22165;29/01/2023;AG003;348;Non;;10,74;Téléphone;Panne compteur;Oui;Non;Oui;5;Non Renseigné
TCK22166;06/06/2023;AG001;228;Non;4;;Réseaux Sociaux;Panne compteur;Non;Oui;Non;7;Non Renseigné
TCK22167;13/12/2023;AG006;306;Oui;2,5;14,06;Email;Facturation;Non;Non;Non;10;Non Renseigné
TCK22168;17/04/2023;AG008;276;Oui;4;41,48;Téléphone;Résiliation;Oui;Non;Oui;8;Non Renseigné
TCK22169;11/04/2023;AG004;252;Non;5;;Téléphone;Résiliation;Non;Non;Oui;6;Non Renseigné
TCK22170;30/03/2023;AG004;264;Oui;2;26,6;Email;Relevé compteur;Oui;Non;Non;10;Non Renseigné
TCK22171;18/03/2023;AG004;288;Oui;;41,22;Téléphone;Réclamation;Oui;Non;Oui;3;Non Renseigné
TCK22172;13/04/2023;AG006;234;Non;4;41,75;Réseaux Sociaux;Litige paiement;Oui;Oui;Non;3;Non Renseigné
TCK22173;10/08/2023;AG007;414;Oui;4;52,81;Téléphone;Souscription contrat;Non;Non;Oui;8;Non Renseigné
TCK22174;21/08/2023;AG002;108;Oui;1;18,49;Chat;Réclamation;Non;Non;Non;9;Non Renseigné
TCK22175;30/12/2023;AG005;264;Oui;5;10,01;Email;Déménagement;Oui;Oui;Non;5;Non Renseigné
TCK22176;10/07/2023;AG006;204;Oui;2,5;22,19;Téléphone;Souscription contrat;Non;Oui;Non;;Non Renseigné
TCK22177;08/08/2023;AG001;306;Non;;24,89;Téléphone;Relevé compteur;Non;Non;Oui;8;Non Renseigné
TCK22178;28/11/2023;AG001;48;Oui;1;;Chat;Facturation;Oui;Non;Oui;4;Non Renseigné
TCK22179;24/12/2023;AG005;402;Oui;4,5;;Chat;Changement d'offre;Oui;Oui;Oui;5;Non Renseigné
TCK22180;29/07/2023;AG005;228;Non;5;16,2;Réseaux Sociaux;Réclamation;Non;Non;Oui;10;Non Renseigné
TCK22181;06/10/2023;AG004;288;Oui;1;34,96;Chat;Déménagement;Non;Oui;Oui;8;Non Renseigné
TCK22182;22/02/2023;AG008;132;Oui;;;Email;Réclamation;Non;Non;Oui;9;Non Renseigné
TCK22183;22/12/2023;AG002;162;Oui;3;13,35;Téléphone;Souscription contrat;Non;Non;Oui;2;Non Renseigné
TCK22184;14/11/2023;AG006;306;Non;2,5;16,08;Email;Réclamation;Oui;Oui;Oui;8;Non Renseigné
TCK22185;07/04/2023;AG002;342;Non;3;13,25;Chat;Déménagement;Oui;Oui;Oui;;Non Renseigné
TCK22186;16/02/2023;AG004;450;Non;2;47,82;Téléphone;Demande d'information;Non;Non;Non;;Non Renseigné
TCK22187;04/05/2023;AG007;198;Oui;4,5;49;Email;Déménagement;Non;Oui;Oui;;Non Renseigné
TCK22188;17/06/2023;AG001;18;Oui;3,5;10,55;Téléphone;Panne compteur;Non;Oui;Oui;3;Non Renseigné
TCK22189;28/03/2023;AG002;180;Oui;;56,33;Chat;Réclamation;Non;Non;Oui;;Non Renseigné
TCK22190;31/05/2023;AG004;132;Non;2;55,98;Téléphone;Souscription contrat;Non;Oui;Oui;;Non Renseigné
TCK22191;19/06/2023;AG001;318;Oui;5;55,75;Chat;Facturation;Oui;Non;Non Renseigné;;Comportement agent
TCK22192;25/07/2023;AG004;306;Oui;;21,55;Téléphone;Demande d'information;Oui;Non;Non Renseigné;7;Non Renseigné
TCK22193;31/10/2023;AG005;306;Oui;;;Téléphone;Réclamation;Non;Oui;Oui;7;Non Renseigné
TCK22194;20/01/2023;AG002;348;Oui;2,5;10,21;Email;Facturation;Oui;Non;Oui;;Non Renseigné
TCK22195;27/11/2023;AG003;228;Non;2,5;11,05;Réseaux Sociaux;Panne compteur;Oui;Non;Oui;;Facturation incorrecte
TCK22196;14/04/2023;AG008;96;Oui;4;44,49;Téléphone;Facturation;Oui;Non;Oui;;Non Renseigné
TCK22197;17/04/2023;AG006;246;Oui;3,5;38,28;Téléphone;Panne compteur;Oui;Non;Non;8;Non Renseigné
TCK22198;01/07/2023;AG003;138;Non;3;49,61;Chat;Panne compteur;Oui;Oui;Oui;;Non Renseigné
TCK22199;25/06/2023;AG001;222;Non;4;30,8;Email;Demande d'information;Non;Non;Oui;0;Non Renseigné
TCK22200;04/06/2023;AG006;264;Non;;14,54;Réseaux Sociaux;Facturation;Non;Non;Oui;;Non Renseigné
TCK22201;09/01/2023;AG008;174;Oui;5;16,45;Chat;Déménagement;Oui;Non;Oui;8;Non Renseigné
TCK22202;03/03/2023;AG007;330;Oui;4;56,23;Réseaux Sociaux;Demande d'information;Non;Oui;Non;;Non Renseigné
TCK22203;02/08/2023;AG004;228;Oui;5;51,31;Réseaux Sociaux;Changement d'offre;Oui;Non;Oui;9;Non Renseigné
TCK22204;26/06/2023;AG002;138;Oui;2,5;37,46;Email;Réclamation;Non;Non;Oui;;Comportement agent
TCK22205;15/02/2023;AG002;174;Non;2;46,09;Téléphone;Relevé compteur;Non;Non;Non;6;Facturation incorrecte
TCK22206;23/06/2023;AG007;282;Non;5;51,61;Email;Souscription contrat;Oui;Non;Non;;Non Renseigné
TCK22207;20/11/2023;AG003;246;Oui;1,5;52,32;Réseaux Sociaux;Relevé compteur;Oui;Non;Oui;5;Non Renseigné
TCK22208;24/04/2023;AG002;300;Oui;1,5;35,55;Chat;Facturation;Non;Non;Oui;9;Non Renseigné
TCK22209;10/01/2023;AG001;282;Non;1;55,69;Téléphone;Litige paiement;Non;Non;Oui;0;Facturation incorrecte
TCK22210;13/07/2023;AG006;162;Non;2;37,41;Téléphone;Relevé compteur;Oui;Oui;Non;5;Non Renseigné
TCK22211;17/02/2023;AG002;204;Non;1;32,65;Email;Changement d'offre;Non;Oui;Oui;;Non Renseigné
TCK22212;29/10/2023;AG008;366;Oui;3,5;14,75;Téléphone;Demande d'information;Non;Non;Oui;;Non Renseigné
TCK22213;13/08/2023;AG003;180;Non;;26,04;Réseaux Sociaux;Relevé compteur;Non;Non;Oui;9;Non Renseigné
TCK22214;02/04/2023;AG005;438;Oui;;17,91;Téléphone;Changement d'offre;Non;Non;Oui;10;Non Renseigné
TCK22215;02/11/2023;AG003;114;Oui;2,5;53,03;Email;Réclamation;Oui;Non;Oui;5;Non Renseigné
TCK22216;01/09/2023;AG007;360;Non;4;33,39;Téléphone;Déménagement;Non;Non;Oui;8;Non Renseigné
TCK22217;03/02/2023;AG005;258;Non;2,5;23,75;Téléphone;Réclamation;Non;Non;Oui;8;Non Renseigné
TCK22218;05/10/2023;AG004;168;Oui;;29,59;Email;Facturation;Oui;Non;Oui;;Non Renseigné
TCK22219;17/04/2023;AG004;276;Oui;4;39,46;Téléphone;Changement d'offre;Oui;Oui;Non Renseigné;;Non Renseigné
TCK22220;18/06/2023;AG007;186;Non;;48,74;Réseaux Sociaux;Demande d'information;Non;Non;Non;9;Non Renseigné
TCK22221;12/07/2023;AG002;210;Non;;57,34;Email;Réclamation;Non;Non;Oui;;Comportement agent
TCK22222;02/06/2023;AG005;228;Oui;4;;Réseaux Sociaux;Facturation;Non;Oui;Oui;;Non Renseigné
TCK22223;03/05/2023;AG007;348;Non;2,5;56,93;Réseaux Sociaux;Demande d'information;Non;Non;Non;2;Non Renseigné
TCK22224;11/10/2023;AG007;390;Oui;2;14;Téléphone;Résiliation;Non;Oui;Oui;;Non Renseigné
TCK22225;27/01/2023;AG002;126;Oui;4,5;22,12;Téléphone;Relevé compteur;Oui;Non;Oui;;Non Renseigné
TCK22226;14/08/2023;AG007;288;Oui;2,5;56,4;Chat;Changement d'offre;Oui;Non;Oui;4;Non Renseigné
TCK22227;05/01/2023;AG001;438;Oui;3;31,44;Réseaux Sociaux;Souscription contrat;Oui;Non;Oui;;Non Renseigné
TCK22228;13/10/2023;AG008;252;Oui;4,5;58,96;Chat;Souscription contrat;Non;Oui;Oui;9;Non Renseigné
TCK22229;28/06/2023;AG007;384;Oui;5;57,99;Téléphone;Changement d'offre;Oui;Non;Oui;6;Non Renseigné
TCK22230;02/02/2023;AG004;354;Oui;4;52,38;Réseaux Sociaux;Relevé compteur;Oui;Non;Non;7;Non Renseigné
TCK22231;04/03/2023;AG004;234;Non;;20,53;Réseaux Sociaux;Réclamation;Oui;Oui;Oui;3;Non Renseigné
TCK22232;16/06/2023;AG005;198;Oui;2,5;51,84;Réseaux Sociaux;Panne compteur;Non;Non;Oui;9;Non Renseigné
TCK22233;10/09/2023;AG006;288;Non;3;18,73;Réseaux Sociaux;Litige paiement;Oui;Non;Oui;8;Non Renseigné
TCK22234;14/02/2023;AG005;252;Oui;0,5;38,85;Téléphone;Panne compteur;Non;Non;Oui;10;Non Renseigné
TCK22235;23/11/2023;AG003;198;Oui;5;52,75;Téléphone;Litige paiement;Non;Non;Oui;9;Non Renseigné
TCK22236;14/02/2023;AG006;264;Oui;3;13,02;Chat;Souscription contrat;Oui;Non;Oui;1;Non Renseigné
TCK22237;03/07/2023;AG006;318;Oui;0,5;47,46;Téléphone;Déménagement;Oui;Non;Oui;6;Non Renseigné
TCK22238;21/06/2023;AG005;90;Oui;5;25,46;Email;Facturation;Non;Non;Oui;3;Non Renseigné
TCK22239;28/02/2023;AG004;498;Non;5;35,12;Chat;Déménagement;Oui;Non;Oui;;Non Renseigné
TCK22240;28/05/2023;AG004;402;Oui;4,5;37,19;Téléphone;Changement d'offre;Oui;Non;Oui;10;Non Renseigné
TCK22241;04/05/2023;AG005;186;Oui;4,5;53,84;Téléphone;Demande d'information;Non;Non;Oui;10;Non Renseigné
TCK22242;28/09/2023;AG003;102;Oui;4;52,55;Réseaux Sociaux;Relevé compteur;Oui;Non;Oui;;Non Renseigné
TCK22243;29/04/2023;AG002;300;Oui;;37,86;Téléphone;Résiliation;Non;Non;Oui;7;Non Renseigné
TCK22244;06/09/2023;AG003;324;Non;3,5;27,89;Téléphone;Demande d'information;Oui;Non;Non;5;Non Renseigné
TCK22245;10/07/2023;AG008;138;Oui;4,5;52,22;Réseaux Sociaux;Litige paiement;Oui;Non;Oui;5;Non Renseigné
TCK22246;31/05/2023;AG008;456;Oui;2,5;14,78;Téléphone;Facturation;Oui;Non;Oui;8;Non Renseigné
TCK22247;04/12/2023;AG008;234;Oui;2;29,8;Réseaux Sociaux;Résiliation;Non;Non;Oui;9;Non Renseigné
TCK22248;16/09/2023;AG004;216;Non;;26,49;Téléphone;Souscription contrat;Oui;Non;Oui;;Non Renseigné
TCK22249;16/09/2023;AG002;186;Oui;5;42,52;Email;Changement d'offre;Oui;Oui;Oui;10;Non Renseigné
TCK22250;06/03/2023;AG002;354;Non;5;35,49;Téléphone;Relevé compteur;Non;Non;Oui;;Non Renseigné
TCK22251;07/10/2023;AG008;360;Oui;3,5;50,54;Email;Souscription contrat;Non;Oui;Non;;Non Renseigné
TCK22252;24/03/2023;AG008;162;Oui;;38,22;Réseaux Sociaux;Déménagement;Non;Non;Non;9;Facturation incorrecte
TCK22253;16/05/2023;AG004;252;Oui;;57,62;Chat;Facturation;Non;Non;Non;8;Non Renseigné
TCK22254;18/04/2023;AG005;312;Oui;;42,34;Email;Demande d'information;Oui;Non;Non;;Non Renseigné
TCK22255;25/06/2023;AG003;420;Non;4;56,53;Chat;Panne compteur;Non;Non;Oui;9;Non Renseigné
TCK22256;04/02/2023;AG004;72;Non;2,5;58,86;Téléphone;Souscription contrat;Non;Oui;Oui;;Non Renseigné
TCK22257;24/05/2023;AG005;186;Oui;;53,17;Réseaux Sociaux;Relevé compteur;Oui;Non;Non;9;Non Renseigné
TCK22258;17/08/2023;AG007;228;Oui;5;30,75;Réseaux Sociaux;Facturation;Non;Non;Oui;;Non Renseigné
TCK22259;01/05/2023;AG004;54;Oui;5;17,45;Téléphone;Panne compteur;Non;Non;Non Renseigné;7;Non Renseigné
TCK22260;08/02/2023;AG002;258;Non;3;53,77;Chat;Litige paiement;Oui;Non;Oui;;Non Renseigné
TCK22261;05/07/2023;AG008;324;Oui;4,5;19,47;Email;Demande d'information;Oui;Non;Oui;;Non Renseigné
TCK22262;02/02/2023;AG002;222;Oui;4,5;48,21;Chat;Facturation;Oui;Non;Non Renseigné;7;Non Renseigné
TCK22263;03/06/2023;AG003;276;Non;4,5;39,05;Email;Relevé compteur;Oui;Oui;Oui;;Non Renseigné
TCK22264;15/10/2023;AG001;216;Oui;4;20,55;Téléphone;Changement d'offre;Non;Non;Non;5;Non Renseigné
TCK22265;21/08/2023;AG007;288;Oui;5;13,72;Réseaux Sociaux;Résiliation;Oui;Oui;Oui;5;Comportement agent
TCK22266;26/11/2023;AG006;366;Non;5;38,31;Téléphone;Déménagement;Oui;Non;Non;5;Non Renseigné
TCK22267;11/02/2023;AG005;114;Oui;4,5;40,61;Téléphone;Demande d'information;Oui;Oui;Oui;;Non Renseigné
TCK22268;10/05/2023;AG007;84;Non;1,5;22,23;Téléphone;Réclamation;Oui;Non;Oui;;Non Renseigné
TCK22269;23/12/2023;AG005;312;Non;2,5;16,85;Chat;Relevé compteur;Non;Non;Oui;;Non Renseigné
TCK22270;18/09/2023;AG005;306;Oui;4,5;19,33;Email;Déménagement;Non;Non;Oui;4;Non Renseigné
TCK22271;27/05/2023;AG008;384;Non;;18,86;Chat;Relevé compteur;Oui;Non;Oui;8;Non Renseigné
TCK22272;21/10/2023;AG008;312;Oui;3,5;;Email;Panne compteur;Oui;Non;Non;0;Non Renseigné
TCK22273;07/02/2023;AG001;330;Non;;42,97;Email;Demande d'information;Oui;Non;Oui;;Non Renseigné
TCK22274;22/03/2023;AG002;108;Non;4;58,97;Téléphone;Relevé compteur;Non;Non;Oui;4;Non Renseigné
TCK22275;31/08/2023;AG003;204;Oui;2,5;49,86;Téléphone;Résiliation;Non;Oui;Oui;5;Non Renseigné
TCK22276;01/10/2023;AG004;360;Non;1;47,95;Téléphone;Facturation;Non;Non;Non;;Non Renseigné
TCK22277;30/06/2023;AG008;222;Non;5;;Email;Changement d'offre;Non;Non;Non;8;Non Renseigné
TCK22278;16/06/2023;AG005;204;Non;;;Chat;Souscription contrat;Non;Non;Oui;8;Non Renseigné
TCK22279;21/04/2023;AG006;84;Oui;1,5;19,3;Téléphone;Réclamation;Non;Non;Non Renseigné;9;Non Renseigné
TCK22280;15/06/2023;AG002;306;Oui;4;23,38;Email;Souscription contrat;Non;Oui;Oui;;Non Renseigné
TCK22281;27/02/2023;AG005;210;Non;3;51;Téléphone;Déménagement;Oui;Non;Oui;8;Non Renseigné
TCK22282;19/03/2023;AG008;420;Non;3,5;49,45;Réseaux Sociaux;Litige paiement;Non;Non;Oui;10;Non Renseigné
TCK22283;10/01/2023;AG005;258;Oui;2;48;Réseaux Sociaux;Changement d'offre;Oui;Non;Oui;;Non Renseigné
TCK22284;18/09/2023;AG003;204;Oui;;39,75;Téléphone;Facturation;Non;Non;Oui;10;Non Renseigné
TCK22285;02/04/2023;AG006;48;Non;3;58,7;Réseaux Sociaux;Souscription contrat;Oui;Non;Oui;2;Non Renseigné
TCK22286;09/09/2023;AG004;330;Oui;2;23,47;Email;Déménagement;Non;Non;Oui;7;Non Renseigné
TCK22287;27/09/2023;AG005;246;Non;4;59,45;Téléphone;Litige paiement;Non;Non;Oui;8;Non Renseigné
TCK22288;08/10/2023;AG004;222;Oui;3,5;40,67;Réseaux Sociaux;Réclamation;Oui;Oui;Oui;10;Non Renseigné
TCK22289;06/06/2023;AG003;486;Oui;;23,63;Email;Résiliation;Oui;Non;Non;;Non Renseigné
TCK22290;08/03/2023;AG002;210;Oui;3,5;15,7;Email;Facturation;Non;Non;Non;5;Non Renseigné
TCK22291;15/09/2023;AG008;234;Oui;3,5;27,38;Téléphone;Facturation;Non;Oui;Oui;9;Non Renseigné
TCK22292;08/05/2023;AG007;330;Non;5;15,13;Chat;Changement d'offre;Oui;Oui;Oui;;Non Renseigné
TCK22293;25/02/2023;AG007;420;Oui;4,5;52,61;Téléphone;Souscription contrat;Non;Non;Oui;;Non Renseigné
TCK22294;12/12/2023;AG008;318;Non;5;43,51;Réseaux Sociaux;Relevé compteur;Non;Oui;Oui;9;Non Renseigné
TCK22295;23/03/2023;AG004;282;Oui;1;18,76;Réseaux Sociaux;Changement d'offre;Non;Non;Oui;6;Non Renseigné
TCK22296;06/01/2023;AG005;504;Non;5;11,41;Téléphone;Déménagement;Non;Non;Oui;8;Non Renseigné
TCK22297;29/09/2023;AG003;228;Oui;4,5;10,75;Email;Demande d'information;Non;Non;Oui;;Non Renseigné
TCK22298;29/10/2023;AG001;228;Oui;4,5;31,48;Email;Changement d'offre;Non;Non;Oui;;Non Renseigné
TCK22299;06/01/2023;AG001;210;Oui;;34,37;Chat;Litige paiement;Non;Oui;Oui;;Non Renseigné
TCK22300;29/07/2023;AG005;312;Non;4,5;;Chat;Souscription contrat;Non;Non;Oui;;Comportement agent
TCK22301;01/02/2023;AG003;180;Oui;2;39,81;Réseaux Sociaux;Demande d'information;Oui;Non;Oui;;Non Renseigné
TCK22302;23/03/2023;AG004;252;Oui;5;17,7;Réseaux Sociaux;Réclamation;Non;Non;Oui;;Non Renseigné
TCK22303;30/11/2023;AG001;192;Non;1;28,84;Téléphone;Panne compteur;Oui;Non;Oui;4;Non Renseigné
TCK22304;21/07/2023;AG001;354;Non;;21,56;Téléphone;Demande d'information;Non;Non;Non;;Non Renseigné
TCK22305;25/11/2023;AG007;498;Non;1,5;27,19;Téléphone;Déménagement;Oui;Non;Non Renseigné;;Non Renseigné
TCK22306;01/05/2023;AG005;378;Non;2,5;47,66;Téléphone;Souscription contrat;Non;Non;Non Renseigné;;Facturation incorrecte
TCK22307;16/08/2023;AG008;306;Oui;4,5;37,67;Téléphone;Facturation;Oui;Non;Non;;Non Renseigné
TCK22308;19/10/2023;AG004;120;Oui;2;53,97;Chat;Relevé compteur;Non;Non;Oui;9;Non Renseigné
TCK22309;18/01/2023;AG008;120;Oui;1,5;11,96;Réseaux Sociaux;Panne compteur;Non;Non;Oui;;Non Renseigné
TCK22310;03/08/2023;AG008;252;Oui;3,5;40,28;Téléphone;Déménagement;Non;Non;Oui;;Non Renseigné
TCK22311;06/01/2023;AG008;276;Oui;3;34,24;Téléphone;Litige paiement;Non;Non;Non;6;Non Renseigné
TCK22312;08/05/2023;AG004;234;Oui;;54,52;Téléphone;Facturation;Non;Oui;Oui;4;Non Renseigné
TCK22313;21/10/2023;AG003;210;Non;;37,5;Email;Changement d'offre;Oui;Non;Oui;9;Non Renseigné
TCK22314;03/08/2023;AG004;192;Non;3,5;45,71;Téléphone;Facturation;Non;Non;Oui;6;Non Renseigné
TCK22315;05/01/2023;AG001;252;Non;1,5;45,14;Chat;Litige paiement;Non;Oui;Oui;;Non Renseigné
TCK22316;22/03/2023;AG005;294;Non;4,5;31,69;Email;Déménagement;Oui;Non;Oui;;Non Renseigné
TCK22317;18/05/2023;AG006;534;Oui;4,5;;Email;Relevé compteur;Non;Non;Oui;9;Non Renseigné
TCK22318;19/06/2023;AG004;114;Oui;5;57,06;Chat;Résiliation;Non;Non;Oui;10;Non Renseigné
TCK22319;19/01/2023;AG006;324;Non;3;;Chat;Déménagement;Non;Oui;Non Renseigné;;Non Renseigné
TCK22320;01/04/2023;AG008;90;Oui;5;32,48;Chat;Demande d'information;Non;Non;Oui;8;Non Renseigné
TCK22321;11/03/2023;AG004;354;Non;;50,28;Chat;Souscription contrat;Non;Oui;Oui;5;Non Renseigné
TCK22322;25/08/2023;AG004;216;Non;2,5;43,98;Chat;Souscription contrat;Oui;Non;Non;;Non Renseigné
TCK22323;27/03/2023;AG007;180;Non;5;25,77;Téléphone;Changement d'offre;Non;Non;Oui;10;Non Renseigné
TCK22324;16/07/2023;AG004;228;Oui;5;;Email;Souscription contrat;Oui;Non;Non;;Non Renseigné
TCK22325;13/10/2023;AG007;300;Oui;3;48,13;Téléphone;Demande d'information;Non;Oui;Oui;1;Non Renseigné
TCK22326;30/04/2023;AG003;288;Oui;5;27,59;Téléphone;Panne compteur;Oui;Oui;Oui;6;Non Renseigné
TCK22327;28/03/2023;AG002;366;Oui;;21,63;Téléphone;Changement d'offre;Oui;Non;Non;9;Non Renseigné
TCK22328;06/08/2023;AG006;288;Oui;2,5;59,58;Réseaux Sociaux;Souscription contrat;Oui;Non;Oui;;Non Renseigné
TCK22329;24/04/2023;AG008;528;Oui;;59,16;Chat;Souscription contrat;Non;Non;Oui;10;Non Renseigné
TCK22330;12/03/2023;AG004;174;Non;4;34,56;Réseaux Sociaux;Demande d'information;Oui;Non;Oui;7;Non Renseigné
TCK22331;30/05/2023;AG007;492;Non;4,5;44,12;Téléphone;Réclamation;Non;Non;Oui;0;Non Renseigné
TCK22332;25/04/2023;AG002;240;Oui;2;;Réseaux Sociaux;Facturation;Non;Non;Oui;0;Non Renseigné
TCK22333;12/11/2023;AG004;198;Oui;5;;Chat;Souscription contrat;Non;Non;Oui;8;Délai de traitement
TCK22334;04/03/2023;AG004;264;Oui;2,5;49,24;Téléphone;Demande d'information;Oui;Non;Oui;5;Non Renseigné
TCK22335;05/01/2023;AG006;120;Non;;34,27;Téléphone;Déménagement;Oui;Non;Oui;9;Non Renseigné
TCK22336;05/09/2023;AG007;204;Oui;;37,51;Téléphone;Relevé compteur;Non;Non;Oui;;Non Renseigné
TCK22337;14/03/2023;AG005;246;Non;5;23,56;Réseaux Sociaux;Résiliation;Oui;Non;Oui;8;Non Renseigné
TCK22338;15/01/2023;AG006;300;Oui;5;15,57;Email;Panne compteur;Non;Non;Oui;;Non Renseigné
TCK22339;13/03/2023;AG007;276;Oui;1;;Chat;Réclamation;Non;Non;Oui;9;Non Renseigné
TCK22340;26/10/2023;AG007;258;Non;4,5;58,43;Email;Résiliation;Oui;Non;Non;;Non Renseigné
TCK22341;07/06/2023;AG007;108;Non;4;48,59;Téléphone;Facturation;Non;Non;Non;;Non Renseigné
TCK22342;03/02/2023;AG004;240;Oui;;;Téléphone;Demande d'information;Non;Non;Oui;;Délai de traitement
TCK22343;07/11/2023;AG003;348;Non;;59,6;Email;Panne compteur;Oui;Non;Oui;8;Non Renseigné
TCK22344;21/09/2023;AG007;390;Non;3;48,81;Chat;Relevé compteur;Oui;Oui;Oui;0;Non Renseigné
TCK22345;22/06/2023;AG003;342;Oui;;36,75;Réseaux Sociaux;Panne compteur;Oui;Oui;Oui;5;Non Renseigné
TCK22346;03/10/2023;AG001;318;Non;5;25,73;Réseaux Sociaux;Panne compteur;Oui;Non;Oui;;Non Renseigné
TCK22347;25/08/2023;AG002;408;Non;2,5;38,06;Chat;Souscription contrat;Non;Oui;Oui;8;Non Renseigné
TCK22348;05/01/2023;AG007;408;Non;5;59,09;Téléphone;Litige paiement;Oui;Non;Oui;;Non Renseigné
TCK22349;01/02/2023;AG007;282;Oui;4;30,55;Téléphone;Déménagement;Oui;Non;Non;9;Non Renseigné
TCK22350;31/01/2023;AG001;234;Oui;5;48,84;Réseaux Sociaux;Réclamation;Oui;Non;Non;7;Comportement agent
TCK22351;08/05/2023;AG001;294;Oui;4;28,57;Téléphone;Litige paiement;Non;Non;Oui;8;Non Renseigné
TCK22352;20/09/2023;AG004;258;Oui;4,5;40,53;Téléphone;Relevé compteur;Non;Non;Oui;8;Non Renseigné
TCK22353;18/03/2023;AG002;228;Oui;4,5;;Email;Souscription contrat;Oui;Non;Non Renseigné;;Non Renseigné
TCK22354;02/01/2023;AG004;162;Non;;29,54;Téléphone;Facturation;Non;Non;Oui;8;Non Renseigné
TCK22355;20/03/2023;AG004;402;Oui;2,5;47,04;Téléphone;Demande d'information;Non;Non;Non;;Non Renseigné
TCK22356;19/03/2023;AG004;450;Non;3;29,46;Email;Souscription contrat;Non;Non;Oui;;Non Renseigné
TCK22357;03/11/2023;AG006;378;Oui;0,5;34,39;Email;Relevé compteur;Non;Non;Oui;1;Non Renseigné
TCK22358;10/07/2023;AG007;90;Oui;5;48,26;Téléphone;Facturation;Non;Non;Oui;9;Non Renseigné
TCK22359;19/08/2023;AG007;198;Oui;3,5;48,2;Email;Réclamation;Oui;Non;Oui;5;Non Renseigné
TCK22360;10/03/2023;AG001;222;Oui;;10,57;Chat;Réclamation;Oui;Non;Non;;Non Renseigné
TCK22361;15/02/2023;AG002;246;Non;3;31,37;Réseaux Sociaux;Panne compteur;Non;Non;Non;;Non Renseigné
TCK22362;03/08/2023;AG003;288;Oui;3,5;33,49;Réseaux Sociaux;Relevé compteur;Oui;Non;Oui;10;Non Renseigné
TCK22363;16/04/2023;AG002;264;Oui;3,5;22,82;Chat;Résiliation;Oui;Non;Oui;;Non Renseigné
TCK22364;19/12/2023;AG003;270;Oui;;39,96;Réseaux Sociaux;Litige paiement;Oui;Non;Oui;;Non Renseigné
TCK22365;01/01/2023;AG002;378;Non;;14,78;Téléphone;Déménagement;Oui;Non;Oui;8;Non Renseigné
TCK22366;09/07/2023;AG003;330;Oui;0,5;39,48;Réseaux Sociaux;Panne compteur;Non;Non;Oui;;Non Renseigné
TCK22367;17/09/2023;AG001;252;Oui;2;27,23;Téléphone;Réclamation;Oui;Non;Oui;;Non Renseigné
TCK22368;01/04/2023;AG006;348;Oui;;23,7;Réseaux Sociaux;Panne compteur;Oui;Non;Oui;6;Non Renseigné
TCK22369;22/03/2023;AG006;294;Oui;4;35,26;Téléphone;Changement d'offre;Non;Oui;Non;;Non Renseigné
TCK22370;28/10/2023;AG006;354;Oui;3,5;43,98;Email;Panne compteur;Non;Non;Oui;;Non Renseigné
TCK22371;14/11/2023;AG006;432;Oui;2;;Téléphone;Déménagement;Non;Non;Oui;4;Délai de traitement
TCK22372;22/04/2023;AG006;126;Oui;;;Téléphone;Résiliation;Non;Non;Oui;;Non Renseigné
TCK22373;26/09/2023;AG006;156;Oui;3,5;44,21;Email;Relevé compteur;Non;Non;Oui;4;Non Renseigné
TCK22374;26/01/2023;AG001;228;Oui;5;19,41;Email;Souscription contrat;Oui;Non;Non Renseigné;6;Non Renseigné
TCK22375;02/02/2023;AG008;120;Non;;10,42;Réseaux Sociaux;Panne compteur;Non;Non;Oui;;Non Renseigné
TCK22376;23/11/2023;AG006;264;Non;4;;Réseaux Sociaux;Changement d'offre;Oui;Non;Oui;;Non Renseigné
TCK22377;22/12/2023;AG006;318;Oui;4,5;58,47;Téléphone;Panne compteur;Non;Non;Oui;1;Non Renseigné
TCK22378;31/05/2023;AG007;300;Non;2,5;20,05;Réseaux Sociaux;Déménagement;Non;Non;Oui;6;Non Renseigné
TCK22379;26/09/2023;AG002;156;Non;5;49,5;Téléphone;Demande d'information;Oui;Non;Oui;;Non Renseigné
TCK22380;15/01/2023;AG005;234;Non;2;55,6;Email;Panne compteur;Non;Non;Oui;;Non Renseigné
TCK22381;16/11/2023;AG005;294;Oui;5;19,73;Chat;Facturation;Non;Non;Non;9;Non Renseigné
TCK22382;13/10/2023;AG004;282;Non;3;;Email;Litige paiement;Oui;Non;Oui;5;Non Renseigné
TCK22383;21/02/2023;AG006;270;Non;4,5;54,12;Email;Résiliation;Oui;Non;Non;;Non Renseigné
TCK22384;04/09/2023;AG007;258;Oui;3;;Chat;Panne compteur;Oui;Non;Oui;;Non Renseigné
TCK22385;30/08/2023;AG003;306;Non;4,5;15,28;Téléphone;Réclamation;Oui;Non;Oui;;Non Renseigné
TCK22386;13/11/2023;AG003;270;Non;;49,66;Téléphone;Résiliation;Non;Non;Oui;8;Erreur technique
TCK22387;20/01/2023;AG001;120;Non;1,5;17,51;Réseaux Sociaux;Facturation;Non;Non;Non;;Non Renseigné
TCK22388;02/03/2023;AG008;132;Non;4,5;27,06;Réseaux Sociaux;Relevé compteur;Non;Non;Oui;10;Non Renseigné
TCK22389;04/11/2023;AG006;396;Non;;43,1;Email;Réclamation;Non;Non;Oui;8;Non Renseigné
TCK22390;11/04/2023;AG004;414;Oui;;17,8;Téléphone;Panne compteur;Non;Non;Non Renseigné;8;Non Renseigné
TCK22391;13/05/2023;AG003;252;Oui;2;;Chat;Demande d'information;Non;Oui;Oui;6;Non Renseigné
TCK22392;06/11/2023;AG003;330;Non;1;52,75;Téléphone;Facturation;Non;Non;Oui;;Non Renseigné
TCK22393;29/12/2023;AG001;150;Non;4,5;22,63;Email;Litige paiement;Non;Non;Oui;;Non Renseigné
TCK22394;10/02/2023;AG008;318;Non;;20,58;Email;Litige paiement;Oui;Non;Non;;Non Renseigné
TCK22395;16/09/2023;AG008;54;Oui;0,5;50,56;Téléphone;Changement d'offre;Non;Non;Oui;8;Non Renseigné
TCK22396;22/12/2023;AG006;216;Oui;4,5;33,19;Téléphone;Résiliation;Non;Non;Non Renseigné;;Non Renseigné
TCK22397;09/07/2023;AG008;312;Oui;4,5;48,74;Téléphone;Panne compteur;Oui;Non;Oui;;Non Renseigné
TCK22398;07/10/2023;AG002;396;Oui;2,5;12,51;Téléphone;Réclamation;Non;Non;Oui;;Non Renseigné
TCK22399;20/11/2023;AG005;114;Oui;;40,43;Email;Résiliation;Oui;Non;Oui;4;Non Renseigné
TCK21649;17/09/2023;AG007;246;Non;4,5;59,1;Email;Demande d'information;Oui;Non;Oui;2;Non Renseigné
TCK21387;04/01/2023;AG006;180;Non;2;37,67;Téléphone;Résiliation;Non;Non;Oui;8;Non Renseigné
TCK21766;01/06/2023;AG006;468;Oui;1,5;19,73;Chat;Demande d'information;Oui;Non;Oui;;Non Renseigné
TCK21805;31/07/2023;AG008;90;Oui;;18,35;Réseaux Sociaux;Relevé compteur;Oui;Non;Oui;7;Non Renseigné
TCK21861;15/11/2023;AG006;366;Oui;3,5;14,53;Réseaux Sociaux;Changement d'offre;Oui;Oui;Oui;;Facturation incorrecte
TCK21504;01/11/2023;AG003;210;Oui;5;17,94;Téléphone;Changement d'offre;Non;Oui;Oui;8;Non Renseigné
TCK20954;14/10/2023;AG002;168;Oui;3,5;43,81;Email;Changement d'offre;Oui;Non;Oui;2;Non Renseigné
TCK20990;17/02/2023;AG005;264;Non;4,5;24,01;Email;Changement d'offre;Oui;Non;Oui;;Non Renseigné
TCK21998;23/03/2023;AG003;492;Oui;4,5;18,28;Téléphone;Panne compteur;Non;Non;Oui;7;Non Renseigné
TCK21066;27/06/2023;AG007;246;Oui;4;;Réseaux Sociaux;Changement d'offre;Non;Oui;Non;5;Non Renseigné
TCK20236;19/05/2023;AG005;114;Oui;2;32,42;Email;Réclamation;Oui;Non;Oui;9;Non Renseigné
TCK22337;14/03/2023;AG005;246;Non;5;23,56;Réseaux Sociaux;Résiliation;Oui;Non;Oui;8;Non Renseigné
TCK21353;05/07/2023;AG006;318;Oui;5;42,69;Téléphone;Facturation;Non;Non;Non;;Non Renseigné
TCK22264;15/10/2023;AG001;216;Oui;4;20,55;Téléphone;Changement d'offre;Non;Non;Non;5;Non Renseigné
TCK20981;29/11/2023;AG008;198;Oui;;25,38;Email;Résiliation;Oui;Non;Oui;5;Non Renseigné
TCK20079;07/12/2023;AG004;234;Non;;38,52;Téléphone;Demande d'information;Oui;Non;Oui;7;Non Renseigné
TCK21719;12/01/2023;AG008;324;Non;5;37,84;Réseaux Sociaux;Résiliation;Oui;Oui;Oui;5;Non Renseigné
TCK20062;27/05/2023;AG002;78;Oui;4;12,35;Email;Résiliation;Non;Oui;Oui;5;Non Renseigné
TCK20209;05/04/2023;AG002;336;Oui;5;33,24;Téléphone;Demande d'information;Oui;Non;Oui;;Délai de traitement
TCK20904;21/12/2023;AG007;174;Non;2,5;26,9;Réseaux Sociaux;Litige paiement;Non;Non;Oui;8;Non Renseigné
