ID_Appel,Date_Appel,Agent,Duree_Traitement_Sec,Statut,Note_Satisfaction,Montant_Facture_EUR,Canal,Sujet,Appel_Traite,Appel_Repris,Conformite,NPS,Reclamation
APP-10000,24/11/2023,Karim Boudiaf,284,Résolu,5.0,35.08,Chat,Panne compteur,Oui,Oui,Conforme,7.0,Non
APP-10001,15/10/2023,Julien Marchand,227,Résolu,4.0,30.15,Téléphone,Souscription contrat,Oui,Non,Conforme,,Non
APP-10002,17/02/2023,Léa Girard,218,Résolu,5.0,10.15,Chat,Panne compteur,,Non,Conforme,,Non
APP-10003,05/07/2023,Yanis Belkacem,218,Résolu,5.0,40.05,telephone,Panne compteur,Oui,Non,Non conforme,7.0,Non
APP-10004,10/12/2023,Fatima Zahra,382,Résolu,5.0,8.76,telephone,Souscription contrat,Oui,Non,Non conforme,,Non
APP-10005,16/06/2023,Marie Lefevre,309,Résolu,4.0,43.89,Chat,Demande d'information,Oui,Non,Non conforme,,Non
APP-10006,13/03/2023,Julien Marchand,197,Non résolu,4.0,14.73,TEL,Résiliation,,Oui,Conforme,,Non
APP-10007,20/03/2023,Sophie Nguyen,288,Résolu,4.0,14.79,Chat,Réclamation,,Non,Conforme,,Non
APP-10008,02/10/2023,Fatima Zahra,261,Résolu,3.0,,TEL,Litige paiement,Oui,Non,Conforme,,Non
APP-10009,17/09/2023,Yanis Belkacem,67,Résolu,,23.98,Téléphone,Déménagement,Oui,Oui,Non conforme,,Non
APP-10010,07/06/2023,Julien Marchand,313,Non résolu,2.0,13.16,Téléphone,Litige paiement,Oui,Oui,Conforme,10.0,Non
APP-10011,07/11/2023,Léa Girard,102,Non résolu,5.0,18.81,Email,Demande d'information,Oui,Non,Conforme,7.0,Non
APP-10012,29/10/2023,Amandine Faure,176,Résolu,5.0,37.05,Téléphone,Demande d'information,Oui,Non,Conforme,7.0,Non
APP-10013,20/10/2023,Yanis Belkacem,47,Non résolu,3.0,15.39,Email,Demande d'information,Oui,Non,Conforme,,Non
APP-10014,20/02/2023,Marie Lefevre,470,Non résolu,3.0,9.72,Email,Souscription contrat,Oui,Non,Conforme,,Non
APP-10015,09/10/2023,Karim Boudiaf,275,Non résolu,,30.48,telephone,Souscription contrat,Oui,Non,Non conforme,,Non
APP-10016,02/01/2023,Léa Girard,185,Résolu,4.0,11.61,Chat,Changement d'offre,Oui,Non,,,Non
APP-10017,10/06/2023,Marie Lefevre,325,Non résolu,4.0,33.32,Chat,Panne compteur,Non,Oui,Conforme,,Non
APP-10018,19/10/2023,Julien Marchand,148,Résolu,5.0,26.32,TEL,Réclamation,Oui,Non,Conforme,9.0,Non
APP-10019,03/06/2023,Nicolas Roux,225,Résolu,4.0,9.27,Téléphone,Panne compteur,Oui,Non,Conforme,8.0,Non
APP-10020,06/05/2023,Thomas Petit,219,Résolu,4.0,32.51,Chat,Facturation,Oui,Non,,5.0,Non
APP-10021,16/05/2023,Karim Boudiaf,275,Résolu,4.0,19.53,TEL,Résiliation,Oui,Non,Conforme,8.0,Non
APP-10022,27/01/2023,Karim Boudiaf,490,Résolu,4.0,14.84,TEL,Souscription contrat,Oui,Non,Conforme,0.0,Non
APP-10023,20/12/2023,Sophie Nguyen,347,Résolu,3.0,43.87,TEL,Demande d'information,Non,Non,Non conforme,,Non
APP-10024,08/05/2023,Karim Boudiaf,259,Non résolu,,42.11,telephone,Souscription contrat,,Non,Non conforme,1.0,Non
APP-10025,20/06/2023,Léa Girard,319,Non résolu,4.0,11.27,Téléphone,Relevé compteur,Non,Non,Conforme,,Non
APP-10026,06/06/2023,Julien Marchand,149,Résolu,4.0,18.04,TEL,Demande d'information,Oui,Non,,10.0,Non
APP-10027,01/03/2023,Fatima Zahra,97,Résolu,2.0,38.66,TEL,Relevé compteur,Oui,Non,Conforme,,Non
APP-10028,29/12/2023,Léa Girard,-118,Résolu,5.0,28.08,telephone,Demande d'information,Oui,Non,Non conforme,,Non
APP-10029,05/03/2023,Fatima Zahra,160,Résolu,5.0,13.21,telephone,Relevé compteur,Oui,Non,Conforme,7.0,Non
APP-10030,27/07/2023,Amandine Faure,292,Résolu,5.0,34.97,TEL,Changement d'offre,Oui,Non,Conforme,,Non
APP-10031,28/03/2023,Karim Boudiaf,319,Résolu,2.0,36.54,telephone,Réclamation,Oui,Non,Conforme,8.0,Non
APP-10032,07/02/2023,Nicolas Roux,221,Résolu,5.0,12.29,telephone,Souscription contrat,Oui,Oui,Conforme,,Non
APP-10033,06/08/2023,Julien Marchand,183,Résolu,2.0,39.93,Téléphone,Changement d'offre,Oui,Non,Conforme,,Non
APP-10034,15/08/2023,Yanis Belkacem,104,Résolu,,10.35,telephone,Changement d'offre,Oui,Non,Non conforme,8.0,Non
APP-10035,06/09/2023,Julien Marchand,338,Résolu,4.0,19.51,Chat,Panne compteur,Oui,Non,Conforme,,Non
APP-10036,28/07/2023,Thomas Petit,346,Résolu,4.0,31.59,Chat,Facturation,Non,Non,Conforme,0.0,Non
APP-10037,19/07/2023,Léa Girard,159,Non résolu,,40.83,TEL,Relevé compteur,Oui,Non,Conforme,,Non
APP-10038,28/08/2023,Sophie Nguyen,146,Non résolu,5.0,34.39,Téléphone,Relevé compteur,Oui,Non,Conforme,9.0,Non
APP-10039,17/06/2023,Thomas Petit,233,Non résolu,5.0,36.15,Téléphone,Changement d'offre,Oui,Non,,8.0,Non
APP-10040,30/11/2023,Marie Lefevre,374,Résolu,1.0,26.27,telephone,Changement d'offre,Oui,Non,Conforme,,Non
APP-10041,27/03/2023,Yanis Belkacem,270,Résolu,5.0,27.34,Téléphone,Déménagement,Oui,Non,Conforme,,Non
APP-10042,12/04/2023,Karim Boudiaf,204,Résolu,5.0,11.99,Chat,Panne compteur,Oui,Non,Conforme,10.0,Non
APP-10043,05/02/2023,Amandine Faure,234,Résolu,4.0,9.16,TEL,Changement d'offre,Oui,Non,Conforme,,Non
APP-10044,03/10/2023,Nicolas Roux,112,Résolu,4.0,26.82,Téléphone,Réclamation,Non,Non,Conforme,,Non
APP-10045,15/01/2023,Nicolas Roux,333,Résolu,5.0,41.58,Chat,Réclamation,Oui,Non,Conforme,8.0,Non
APP-10046,12/10/2023,Julien Marchand,191,Résolu,5.0,35.96,telephone,Relevé compteur,Oui,Non,Conforme,10.0,Non
APP-10047,06/08/2023,Amandine Faure,105,Résolu,3.0,16.47,telephone,Demande d'information,Oui,Non,Conforme,7.0,Non
APP-10048,05/09/2023,Fatima Zahra,220,Résolu,4.0,13.97,telephone,Réclamation,Oui,Non,Conforme,10.0,Non
APP-10049,28/01/2023,Amandine Faure,201,Résolu,5.0,42.4,Téléphone,Déménagement,Oui,Non,Conforme,,Non
APP-10050,02/09/2023,Karim Boudiaf,285,Résolu,5.0,40.24,telephone,Déménagement,Non,Oui,Conforme,,Non
APP-10051,02/11/2023,Yanis Belkacem,344,Résolu,4.0,37.74,Email,Réclamation,Oui,Oui,,5.0,Non
APP-10052,17/11/2023,Julien Marchand,363,Résolu,5.0,41.16,Email,Changement d'offre,Oui,Non,Conforme,8.0,Non
APP-10053,21/08/2023,Karim Boudiaf,255,Non résolu,5.0,19.77,telephone,Relevé compteur,Oui,Non,Conforme,8.0,Non
APP-10054,31/01/2023,Sophie Nguyen,216,Non résolu,,23.8,Email,Réclamation,Oui,Non,Conforme,10.0,Oui
APP-10055,21/01/2023,Léa Girard,206,Résolu,3.0,38.27,Chat,Déménagement,Non,Non,Conforme,8.0,Non
APP-10056,31/03/2023,Nicolas Roux,1,Résolu,,16.22,Email,Panne compteur,Oui,Non,Conforme,5.0,Non
APP-10057,30/07/2023,Nicolas Roux,271,Non résolu,5.0,12.44,TEL,Réclamation,Oui,Non,Conforme,10.0,Non
APP-10058,03/12/2023,Amandine Faure,280,Résolu,5.0,19.96,Email,Facturation,Oui,Non,Non conforme,9.0,Non
APP-10059,04/03/2023,Marie Lefevre,225,Résolu,3.0,27.2,Chat,Relevé compteur,Oui,Non,Non conforme,10.0,Non
APP-10060,20/03/2023,Nicolas Roux,155,Non résolu,4.0,43.96,Email,Résiliation,Oui,Oui,Conforme,,Non
APP-10061,11/03/2023,Karim Boudiaf,366,Résolu,,43.61,Téléphone,Réclamation,Oui,Non,Conforme,,Non
APP-10062,17/08/2023,Amandine Faure,238,Non résolu,4.0,19.13,telephone,Résiliation,Oui,Non,Conforme,3.0,Non
APP-10063,28/12/2023,Léa Girard,89,Non résolu,,18.54,Téléphone,Souscription contrat,Oui,Non,Non conforme,,Non
APP-10064,27/09/2023,Nicolas Roux,249,Non résolu,,26.6,TEL,Demande d'information,Oui,Non,Conforme,8.0,Non
APP-10065,01/10/2023,Léa Girard,201,Non résolu,4.0,9.9,Chat,Panne compteur,Oui,Non,Conforme,7.0,Non
APP-10066,20/02/2023,Karim Boudiaf,282,Non résolu,1.0,16.86,TEL,Demande d'information,Oui,Oui,Conforme,,Non
APP-10067,29/03/2023,Sophie Nguyen,216,Résolu,3.0,13.36,telephone,Résiliation,Oui,Non,Conforme,0.0,Non
APP-10068,28/05/2023,Amandine Faure,270,Résolu,5.0,16.96,Email,Réclamation,Oui,Non,,,Non
APP-10069,15/07/2023,Yanis Belkacem,239,Résolu,1.0,32.87,Email,Réclamation,Oui,Non,Conforme,,Non
APP-10070,12/09/2023,Fatima Zahra,170,Non résolu,3.0,34.94,TEL,Souscription contrat,Oui,Non,Conforme,8.0,Non
APP-10071,24/10/2023,Thomas Petit,309,Résolu,5.0,21.61,telephone,Litige paiement,Non,Non,Conforme,8.0,Non
APP-10072,04/09/2023,Fatima Zahra,366,Résolu,,27.82,telephone,Relevé compteur,Non,Non,Conforme,,Oui
APP-10073,02/10/2023,Karim Boudiaf,365,Résolu,5.0,11.34,TEL,Panne compteur,Oui,Non,Conforme,,Non
APP-10074,09/11/2023,Julien Marchand,195,Résolu,5.0,14.9,Téléphone,Souscription contrat,Oui,Oui,,6.0,Non
APP-10075,03/10/2023,Sophie Nguyen,323,Non résolu,5.0,9.51,Chat,Souscription contrat,Non,Non,Non conforme,,Non
APP-10076,24/05/2023,Marie Lefevre,393,Résolu,3.0,8.61,TEL,Litige paiement,Non,Non,Conforme,8.0,Non
APP-10077,21/08/2023,Karim Boudiaf,318,Résolu,1.0,26.95,telephone,Souscription contrat,Oui,Non,Non conforme,,Non
APP-10078,30/04/2023,Thomas Petit,298,Résolu,4.0,14.45,telephone,Litige paiement,Oui,Non,Conforme,1.0,Oui
APP-10079,02/05/2023,Yanis Belkacem,129,Résolu,5.0,33.56,Téléphone,Changement d'offre,Oui,Non,Conforme,9.0,Non
APP-10080,11/11/2023,Marie Lefevre,295,Résolu,4.0,13.09,Téléphone,Facturation,,Non,Conforme,5.0,Non
APP-10081,16/08/2023,Karim Boudiaf,225,Résolu,3.0,20.62,Chat,Litige paiement,Oui,Non,Conforme,8.0,Non
APP-10082,09/08/2023,Karim Boudiaf,207,Résolu,,32.42,telephone,Relevé compteur,Oui,Non,Conforme,9.0,Non
APP-10083,18/02/2023,Thomas Petit,290,Résolu,3.0,38.24,Téléphone,Panne compteur,Oui,Oui,Conforme,,Non
APP-10084,12/10/2023,Marie Lefevre,362,Résolu,3.0,16.95,Email,Facturation,Non,Non,Conforme,,Non
APP-10085,03/12/2023,Nicolas Roux,468,Non résolu,4.0,11.44,Chat,Résiliation,Oui,Non,,,Non
APP-10086,26/11/2023,Amandine Faure,110,Non résolu,4.0,20.92,TEL,Demande d'information,Oui,Non,Conforme,,Oui
APP-10087,21/11/2023,Marie Lefevre,347,Résolu,4.0,34.86,TEL,Demande d'information,Oui,Non,Conforme,3.0,Non
APP-10088,13/11/2023,Marie Lefevre,295,Résolu,4.0,11.11,TEL,Résiliation,Oui,Oui,Conforme,8.0,Non
APP-10089,07/09/2023,Amandine Faure,349,Résolu,5.0,,TEL,Résiliation,Oui,Non,Conforme,6.0,Non
APP-10090,09/08/2023,Sophie Nguyen,266,Résolu,5.0,8.19,TEL,Panne compteur,Oui,Non,Conforme,9.0,Non
APP-10091,10/06/2023,Yanis Belkacem,175,Résolu,4.0,13.95,TEL,Souscription contrat,Oui,Non,Non conforme,,Non
APP-10092,24/02/2023,Julien Marchand,407,Résolu,,32.12,telephone,Demande d'information,Oui,Oui,Conforme,10.0,Non
APP-10093,28/06/2023,Thomas Petit,282,Non résolu,3.0,16.3,telephone,Souscription contrat,Oui,Non,Conforme,7.0,Non
APP-10094,10/09/2023,Nicolas Roux,152,Résolu,,20.04,Chat,Demande d'information,Non,Non,Conforme,4.0,Non
APP-10095,05/06/2023,Fatima Zahra,310,Résolu,4.0,35.62,TEL,Réclamation,Oui,Non,Non conforme,,Non
APP-10096,25/08/2023,Yanis Belkacem,326,Non résolu,4.0,32.33,telephone,Demande d'information,Oui,Non,,9.0,Non
APP-10097,25/06/2023,Karim Boudiaf,277,Résolu,4.0,29.03,Chat,Déménagement,Oui,Non,Conforme,9.0,Non
APP-10098,03/11/2023,Marie Lefevre,217,Résolu,2.0,17.81,TEL,Réclamation,Oui,Non,Non conforme,,Non
APP-10099,26/10/2023,Sophie Nguyen,172,Résolu,5.0,17.03,Téléphone,Réclamation,Oui,Non,Conforme,6.0,Non
APP-10100,17/12/2023,Amandine Faure,233,Résolu,1.0,41.01,telephone,Demande d'information,Non,Non,Conforme,6.0,Non
APP-10101,21/02/2023,Amandine Faure,270,Non résolu,1.0,31.35,Chat,Souscription contrat,Oui,Non,Conforme,,Non
APP-10102,26/03/2023,Nicolas Roux,241,Non résolu,,29.35,Email,Résiliation,Oui,Non,Non conforme,10.0,Non
APP-10103,08/07/2023,Yanis Belkacem,370,Résolu,4.0,26.22,telephone,Résiliation,Oui,Oui,Conforme,,Non
APP-10104,11/10/2023,Karim Boudiaf,296,Résolu,2.0,18.39,Email,Litige paiement,Oui,Non,,7.0,Non
APP-10105,28/06/2023,Marie Lefevre,162,Résolu,4.0,8.9,telephone,Facturation,Oui,Oui,Conforme,8.0,Non
APP-10106,20/01/2023,Fatima Zahra,143,Non résolu,5.0,42.8,Chat,Facturation,Non,Oui,Conforme,6.0,Non
APP-10107,08/11/2023,Amandine Faure,283,Résolu,3.0,43.3,Chat,Changement d'offre,Oui,Non,Conforme,10.0,Non
APP-10108,22/10/2023,Julien Marchand,219,Résolu,4.0,8.57,telephone,Panne compteur,Oui,Non,,10.0,Non
APP-10109,17/09/2023,Amandine Faure,304,Résolu,4.0,42.35,Téléphone,Demande d'information,Oui,Non,Conforme,,Non
APP-10110,20/06/2023,Sophie Nguyen,282,Non résolu,3.0,43.65,Email,Changement d'offre,Oui,Non,Conforme,,Non
APP-10111,31/05/2023,Julien Marchand,233,Résolu,,39.56,Chat,Changement d'offre,Oui,Non,Conforme,8.0,Non
APP-10112,02/12/2023,Thomas Petit,163,Résolu,4.0,39.49,Email,Demande d'information,,Non,Conforme,,Non
APP-10113,12/02/2023,Léa Girard,103,Non résolu,5.0,19.73,Téléphone,Demande d'information,Oui,Non,Conforme,9.0,Non
APP-10114,29/06/2023,Nicolas Roux,259,Résolu,,42.64,Téléphone,Panne compteur,Oui,Non,Conforme,,Non
APP-10115,16/01/2023,Sophie Nguyen,127,Résolu,3.0,33.75,TEL,Demande d'information,Oui,Non,Conforme,,Non
APP-10116,10/07/2023,Nicolas Roux,160,Résolu,4.0,30.76,telephone,Panne compteur,Oui,Non,Conforme,,Non
APP-10117,14/05/2023,Nicolas Roux,253,Résolu,,44.63,telephone,Panne compteur,Oui,Non,Conforme,5.0,Non
APP-10118,13/06/2023,Thomas Petit,245,Résolu,4.0,40.46,telephone,Demande d'information,Oui,Oui,Conforme,6.0,Non
APP-10119,14/01/2023,Thomas Petit,137,Non résolu,5.0,35.41,Téléphone,Panne compteur,Oui,Non,Conforme,10.0,Non
APP-10120,22/10/2023,Karim Boudiaf,337,Résolu,4.0,21.3,telephone,Litige paiement,Oui,Non,,9.0,Non
APP-10121,29/01/2023,Karim Boudiaf,334,Résolu,,18.86,Chat,Réclamation,Oui,Non,Conforme,,Non
APP-10122,05/06/2023,Yanis Belkacem,286,Résolu,,40.08,Chat,Déménagement,Oui,Non,Conforme,,Non
APP-10123,25/11/2023,Yanis Belkacem,286,Résolu,5.0,41.79,Chat,Réclamation,Oui,Non,Conforme,,Non
APP-10124,21/08/2023,Karim Boudiaf,286,Résolu,4.0,37.54,telephone,Demande d'information,Non,Non,,8.0,Non
APP-10125,09/07/2023,Amandine Faure,586,Résolu,4.0,32.05,Téléphone,Facturation,Oui,Non,Conforme,8.0,Non
APP-10126,23/03/2023,Thomas Petit,325,Résolu,3.0,40.93,Email,Changement d'offre,Non,Non,Conforme,9.0,Non
APP-10127,04/05/2023,Julien Marchand,298,Résolu,5.0,20.51,Email,Réclamation,Oui,Non,Conforme,,Non
APP-10128,26/07/2023,Thomas Petit,170,Résolu,4.0,29.4,Email,Litige paiement,Oui,Non,Non conforme,,Non
APP-10129,07/03/2023,Karim Boudiaf,218,Résolu,,9.33,telephone,Déménagement,Oui,Non,Conforme,6.0,Non
APP-10130,31/08/2023,Amandine Faure,448,Résolu,4.0,18.6,telephone,Relevé compteur,,Non,Conforme,8.0,Non
APP-10131,30/09/2023,Nicolas Roux,71,Non résolu,4.0,29.86,Email,Déménagement,Oui,Non,Non conforme,,Non
APP-10132,16/05/2023,Yanis Belkacem,197,Résolu,3.0,12.7,Chat,Relevé compteur,Oui,Non,Conforme,,Non
APP-10133,10/01/2023,Nicolas Roux,338,Résolu,4.0,27.32,Email,Facturation,Oui,Non,Conforme,,Non
APP-10134,12/07/2023,Thomas Petit,175,Résolu,5.0,31.05,TEL,Déménagement,Oui,Non,Conforme,8.0,Non
APP-10135,02/06/2023,Fatima Zahra,301,Résolu,4.0,11.16,TEL,Réclamation,Oui,Non,Conforme,,Non
APP-10136,16/03/2023,Fatima Zahra,244,Résolu,,28.0,Email,Résiliation,Oui,Non,,,Non
APP-10137,12/11/2023,Yanis Belkacem,181,Non résolu,3.0,31.58,Téléphone,Relevé compteur,Oui,Non,Conforme,6.0,Non
APP-10138,22/03/2023,Léa Girard,57,Résolu,5.0,37.42,TEL,Demande d'information,Oui,Oui,Conforme,,Non
APP-10139,20/01/2023,Sophie Nguyen,256,Non résolu,1.0,18.02,Email,Souscription contrat,Non,Non,Non conforme,,Oui
APP-10140,18/10/2023,Yanis Belkacem,168,Résolu,,8.94,Email,Souscription contrat,Non,Non,Conforme,6.0,Non
APP-10141,23/08/2023,Fatima Zahra,229,Résolu,4.0,43.62,telephone,Souscription contrat,Oui,Non,Conforme,9.0,Non
APP-10142,25/07/2023,Karim Boudiaf,285,Résolu,3.0,23.13,telephone,Changement d'offre,Oui,Non,Conforme,,Oui
APP-10143,01/12/2023,Thomas Petit,317,Résolu,4.0,14.41,Chat,Réclamation,Oui,Non,,9.0,Non
APP-10144,10/03/2023,Nicolas Roux,197,Résolu,4.0,28.32,Email,Litige paiement,Oui,Non,Conforme,,Non
APP-10145,11/02/2023,Amandine Faure,181,Résolu,5.0,34.44,Chat,Litige paiement,Oui,Non,Conforme,,Non
APP-10146,15/12/2023,Julien Marchand,126,Non résolu,4.0,43.33,telephone,Litige paiement,Oui,Non,Conforme,,Non
APP-10147,12/01/2023,Léa Girard,6440,Résolu,2.0,35.3,Téléphone,Litige paiement,,Non,Conforme,,Non
APP-10148,29/07/2023,Sophie Nguyen,430,,5.0,23.53,Email,Changement d'offre,Non,Non,Conforme,,Non
APP-10149,04/10/2023,Sophie Nguyen,332,Résolu,5.0,17.17,telephone,Facturation,Oui,Non,Conforme,,Non
APP-10150,14/07/2023,Julien Marchand,354,Résolu,,8.53,Téléphone,Facturation,Oui,Non,Conforme,,Oui
APP-10151,16/04/2023,Karim Boudiaf,176,Résolu,5.0,12.29,Téléphone,Relevé compteur,Oui,Non,Conforme,,Non
APP-10152,29/05/2023,Julien Marchand,279,Résolu,5.0,25.54,TEL,Résiliation,Oui,Oui,Conforme,7.0,Non
APP-10153,01/02/2023,Amandine Faure,309,Non résolu,5.0,11.62,Email,Facturation,,Non,Conforme,,Non
APP-10154,02/08/2023,Léa Girard,-51,Non résolu,4.0,14.41,TEL,Souscription contrat,Oui,Non,Conforme,,Non
APP-10155,10/03/2023,Léa Girard,147,Résolu,,24.05,Téléphone,Litige paiement,Oui,Non,Conforme,,Non
APP-10156,07/02/2023,Julien Marchand,386,Résolu,3.0,31.5,TEL,Réclamation,Non,Oui,,,Non
APP-10157,03/09/2023,Julien Marchand,111,Résolu,3.0,9.68,TEL,Relevé compteur,Oui,Non,Conforme,8.0,Non
APP-10158,27/08/2023,Karim Boudiaf,369,Non résolu,4.0,26.62,TEL,Relevé compteur,Oui,Non,Conforme,0.0,Non
APP-10159,27/10/2023,Yanis Belkacem,110,Résolu,3.0,39.69,telephone,Changement d'offre,Oui,Non,Conforme,,Non
APP-10160,25/11/2023,Nicolas Roux,151,Résolu,3.0,10.61,telephone,Litige paiement,,Non,Conforme,,Non
APP-10161,09/12/2023,Marie Lefevre,281,Non résolu,3.0,31.77,Téléphone,Résiliation,Oui,Non,Conforme,,Non
APP-10162,05/09/2023,Nicolas Roux,246,Résolu,1.0,42.79,Chat,Réclamation,Oui,Non,Conforme,,Non
APP-10163,24/02/2023,Karim Boudiaf,205,Résolu,3.0,29.29,Email,Panne compteur,Oui,Non,Conforme,,Non
APP-10164,17/12/2023,Karim Boudiaf,382,Non résolu,2.0,24.96,Chat,Changement d'offre,Oui,Oui,Conforme,10.0,Non
APP-10165,19/06/2023,Yanis Belkacem,128,Non résolu,,28.19,Chat,Changement d'offre,Oui,Non,Conforme,8.0,Non
APP-10166,03/12/2023,Marie Lefevre,226,Résolu,3.0,43.56,Email,Panne compteur,Oui,Non,Conforme,,Non
APP-10167,04/10/2023,Thomas Petit,292,Non résolu,5.0,41.5,TEL,Facturation,Oui,Non,Conforme,,Non
APP-10168,01/11/2023,Léa Girard,265,Résolu,5.0,10.63,telephone,Demande d'information,Oui,Non,Conforme,,Non
APP-10169,13/11/2023,Fatima Zahra,183,Résolu,3.0,19.8,telephone,Relevé compteur,Oui,Oui,Conforme,8.0,Non
APP-10170,19/05/2023,Karim Boudiaf,186,Résolu,5.0,12.37,Téléphone,Panne compteur,Oui,Oui,Conforme,8.0,Non
APP-10171,30/05/2023,Léa Girard,316,Non résolu,,33.78,Chat,Litige paiement,Oui,Non,Conforme,8.0,Non
APP-10172,02/02/2023,Sophie Nguyen,320,Résolu,2.0,35.2,telephone,Changement d'offre,Oui,Non,Conforme,8.0,Non
APP-10173,20/06/2023,Yanis Belkacem,267,Résolu,4.0,37.73,Chat,Souscription contrat,Oui,Non,Conforme,10.0,Non
APP-10174,23/07/2023,Thomas Petit,165,Résolu,5.0,35.77,Email,Réclamation,Oui,Non,Conforme,,Non
APP-10175,07/10/2023,Sophie Nguyen,189,,4.0,37.85,Email,Réclamation,Oui,Oui,Non conforme,,Non
APP-10176,13/03/2023,Fatima Zahra,238,Non résolu,5.0,21.76,Chat,Changement d'offre,Oui,Non,Non conforme,,Non
APP-10177,19/01/2023,Thomas Petit,250,Résolu,,36.73,telephone,Demande d'information,Oui,Non,Conforme,,Non
APP-10178,19/06/2023,Léa Girard,289,Résolu,5.0,39.76,Chat,Résiliation,Oui,Non,Conforme,,Non
APP-10179,26/06/2023,Marie Lefevre,221,Non résolu,2.0,23.87,telephone,Demande d'information,Oui,Non,Conforme,10.0,Non
APP-10180,13/08/2023,Nicolas Roux,314,Non résolu,2.0,11.82,Téléphone,Souscription contrat,Non,Non,Conforme,,Non
APP-10181,07/08/2023,Nicolas Roux,313,Résolu,5.0,41.39,Téléphone,Déménagement,Non,Non,Conforme,0.0,Non
APP-10182,23/05/2023,Karim Boudiaf,357,Résolu,4.0,19.84,Téléphone,Réclamation,Oui,Non,,8.0,Non
APP-10183,20/07/2023,Yanis Belkacem,241,Résolu,3.0,41.13,TEL,Déménagement,Oui,Non,Conforme,7.0,Non
APP-10184,11/07/2023,Sophie Nguyen,269,Résolu,4.0,43.17,Chat,Souscription contrat,Oui,Non,Conforme,8.0,Non
APP-10185,28/01/2023,Thomas Petit,228,Résolu,4.0,29.22,Email,Relevé compteur,Oui,Non,Non conforme,10.0,Non
APP-10186,16/01/2023,Julien Marchand,166,Résolu,3.0,18.85,Email,Litige paiement,Oui,Non,Conforme,10.0,Non
APP-10187,05/10/2023,Marie Lefevre,428,Résolu,4.0,20.16,telephone,Réclamation,Non,Oui,Conforme,,Non
APP-10188,02/03/2023,Julien Marchand,344,Résolu,5.0,37.29,Email,Souscription contrat,Oui,Non,Non conforme,,Non
APP-10189,30/09/2023,Fatima Zahra,311,,4.0,37.22,Chat,Panne compteur,Oui,Non,Conforme,3.0,Non
APP-10190,02/12/2023,Sophie Nguyen,238,Résolu,4.0,10.13,Email,Changement d'offre,Oui,Non,Conforme,9.0,Non
APP-10191,17/02/2023,Léa Girard,159,Non résolu,4.0,28.33,TEL,Déménagement,Oui,Non,Conforme,,Non
APP-10192,07/12/2023,Thomas Petit,327,Résolu,,20.98,Email,Réclamation,Oui,Non,Conforme,6.0,Non
APP-10193,25/06/2023,Marie Lefevre,226,Non résolu,1.0,12.33,telephone,Changement d'offre,Oui,Non,Conforme,,Non
APP-10194,29/11/2023,Fatima Zahra,277,Résolu,5.0,30.87,TEL,Souscription contrat,Oui,Non,Conforme,,Non
APP-10195,16/02/2023,Karim Boudiaf,-189,Résolu,3.0,11.74,Téléphone,Facturation,Oui,Non,,9.0,Non
APP-10196,06/02/2023,Julien Marchand,262,Résolu,4.0,10.69,telephone,Relevé compteur,Oui,Non,Conforme,,Non
APP-10197,29/09/2023,Yanis Belkacem,-194,Résolu,5.0,38.41,telephone,Relevé compteur,Oui,Non,Conforme,,Non
APP-10198,05/03/2023,Yanis Belkacem,197,Résolu,5.0,11.14,Téléphone,Résiliation,Oui,Non,Conforme,,Non
APP-10199,04/12/2023,Fatima Zahra,260,Résolu,4.0,44.51,telephone,Changement d'offre,Oui,Non,Conforme,4.0,Non
APP-10200,07/01/2023,Thomas Petit,109,Non résolu,5.0,38.07,telephone,Changement d'offre,Non,Non,Conforme,4.0,Non
APP-10201,21/01/2023,Marie Lefevre,113,Résolu,5.0,43.05,Email,Relevé compteur,Oui,Non,Conforme,8.0,Non
APP-10202,19/09/2023,Julien Marchand,175,Résolu,5.0,36.75,Téléphone,Réclamation,Oui,Non,Non conforme,3.0,Non
APP-10203,11/08/2023,Karim Boudiaf,220,Résolu,5.0,28.66,Téléphone,Facturation,Oui,Non,Conforme,,Non
APP-10204,13/05/2023,Sophie Nguyen,317,Non résolu,5.0,12.11,Téléphone,Demande d'information,Oui,Non,Conforme,,Non
APP-10205,09/02/2023,Nicolas Roux,225,Résolu,5.0,26.23,TEL,Panne compteur,Non,Non,Conforme,,Oui
APP-10206,07/01/2023,Julien Marchand,238,Non résolu,3.0,10.08,Téléphone,Litige paiement,Oui,Non,Conforme,7.0,Non
APP-10207,13/06/2023,Fatima Zahra,214,Résolu,5.0,12.4,telephone,Litige paiement,,Non,Conforme,10.0,Non
APP-10208,09/06/2023,Thomas Petit,269,Résolu,4.0,35.6,Chat,Résiliation,Oui,Non,Conforme,,Non
APP-10209,07/10/2023,Julien Marchand,165,Résolu,5.0,29.58,Téléphone,Demande d'information,Oui,Non,Non conforme,,Non
APP-10210,29/09/2023,Julien Marchand,230,,3.0,18.57,Téléphone,Résiliation,Non,Non,Conforme,9.0,Non
APP-10211,13/02/2023,Yanis Belkacem,276,Non résolu,2.0,40.14,Email,Souscription contrat,Oui,Non,Conforme,,Non
APP-10212,17/06/2023,Thomas Petit,260,Non résolu,3.0,10.73,Téléphone,Souscription contrat,Oui,Non,Conforme,6.0,Non
APP-10213,17/04/2023,Nicolas Roux,241,Résolu,3.0,28.49,Chat,Facturation,Oui,Non,Conforme,,Non
APP-10214,22/07/2023,Amandine Faure,242,Non résolu,3.0,31.29,Email,Litige paiement,Oui,Non,Conforme,,Non
APP-10215,07/01/2023,Marie Lefevre,284,Résolu,5.0,33.74,Téléphone,Déménagement,Oui,Non,Conforme,,Non
APP-10216,27/11/2023,Nicolas Roux,433,Non résolu,5.0,29.62,Email,Facturation,Oui,Non,Non conforme,9.0,Oui
APP-10217,16/12/2023,Léa Girard,170,Résolu,4.0,41.34,Téléphone,Déménagement,Oui,Non,Conforme,9.0,Non
APP-10218,01/02/2023,Karim Boudiaf,437,Résolu,,18.26,Chat,Facturation,,Non,Conforme,10.0,Non
APP-10219,17/10/2023,Amandine Faure,167,Résolu,5.0,,TEL,Facturation,Oui,Non,Conforme,,Non
APP-10220,23/03/2023,Karim Boudiaf,225,Résolu,5.0,21.07,telephone,Déménagement,Oui,Non,Conforme,,Non
APP-10221,01/04/2023,Julien Marchand,118,Résolu,,,TEL,Déménagement,Oui,Non,Conforme,,Non
APP-10222,10/09/2023,Amandine Faure,171,Résolu,3.0,44.05,Chat,Changement d'offre,Oui,Non,Conforme,6.0,Non
APP-10223,15/06/2023,Marie Lefevre,253,Non résolu,5.0,44.49,TEL,Panne compteur,Oui,Non,Conforme,5.0,Non
APP-10224,11/03/2023,Sophie Nguyen,270,Résolu,4.0,19.45,Chat,Déménagement,Oui,Non,Conforme,7.0,Non
APP-10225,19/12/2023,Fatima Zahra,408,Non résolu,,38.11,Chat,Facturation,Oui,Non,Non conforme,,Non
APP-10226,23/02/2023,Nicolas Roux,159,Résolu,,41.7,Téléphone,Demande d'information,Oui,Non,Conforme,4.0,Non
APP-10227,25/02/2023,Marie Lefevre,284,Résolu,3.0,38.43,Email,Demande d'information,Oui,Oui,Conforme,,Non
APP-10228,18/12/2023,Julien Marchand,121,Non résolu,4.0,42.51,Téléphone,Panne compteur,Oui,Non,Conforme,4.0,Non
APP-10229,17/02/2023,Thomas Petit,404,Résolu,1.0,40.04,telephone,Déménagement,Non,Non,Conforme,7.0,Non
APP-10230,23/12/2023,Amandine Faure,346,Résolu,4.0,44.53,Téléphone,Relevé compteur,Oui,Non,Conforme,9.0,Non
APP-10231,31/05/2023,Yanis Belkacem,197,Résolu,5.0,13.57,Email,Panne compteur,Oui,Non,Conforme,,Non
APP-10232,06/10/2023,Léa Girard,85,Résolu,4.0,43.89,Email,Réclamation,Oui,Non,Conforme,,Non
APP-10233,13/02/2023,Thomas Petit,361,Non résolu,3.0,39.16,Email,Litige paiement,Oui,Non,Non conforme,10.0,Non
APP-10234,01/09/2023,Fatima Zahra,229,Non résolu,4.0,23.35,Chat,Déménagement,Oui,Non,Conforme,,Non
APP-10235,19/04/2023,Julien Marchand,351,,4.0,18.12,telephone,Déménagement,Oui,Non,Non conforme,4.0,Non
APP-10236,23/07/2023,Amandine Faure,240,Résolu,,36.45,Chat,Déménagement,Oui,Non,Conforme,6.0,Non
APP-10237,21/02/2023,Karim Boudiaf,244,Résolu,4.0,42.96,Email,Réclamation,Oui,Non,Conforme,2.0,Non
APP-10238,15/03/2023,Yanis Belkacem,199,Résolu,,24.67,telephone,Facturation,Oui,Non,Non conforme,1.0,Non
APP-10239,05/06/2023,Fatima Zahra,296,Résolu,2.0,12.78,telephone,Réclamation,,Non,Non conforme,8.0,Non
APP-10240,27/11/2023,Karim Boudiaf,250,Non résolu,5.0,16.46,TEL,Facturation,Oui,Non,Conforme,10.0,Non
APP-10241,26/09/2023,Yanis Belkacem,286,Non résolu,5.0,32.85,Email,Facturation,Non,Non,Conforme,,Non
APP-10242,22/11/2023,Karim Boudiaf,101,Résolu,4.0,12.2,Email,Déménagement,Oui,Non,Non conforme,8.0,Non
APP-10243,16/02/2023,Fatima Zahra,354,Non résolu,5.0,32.85,telephone,Résiliation,Oui,Non,Conforme,1.0,Non
APP-10244,16/12/2023,Marie Lefevre,379,Résolu,5.0,27.25,Chat,Réclamation,Oui,Non,Conforme,,Non
APP-10245,24/08/2023,Fatima Zahra,250,Résolu,5.0,39.53,Téléphone,Litige paiement,,Non,Non conforme,,Non
APP-10246,25/05/2023,Fatima Zahra,425,Résolu,4.0,40.44,TEL,Réclamation,Oui,Non,Conforme,7.0,Non
APP-10247,04/05/2023,Marie Lefevre,397,Résolu,5.0,22.93,Téléphone,Changement d'offre,,Non,Conforme,9.0,Non
APP-10248,29/12/2023,Yanis Belkacem,298,Non résolu,5.0,34.05,Email,Demande d'information,Oui,Non,Non conforme,,Non
APP-10249,19/02/2023,Nicolas Roux,363,Non résolu,5.0,15.88,TEL,Panne compteur,Oui,Non,Non conforme,9.0,Non
APP-10250,10/07/2023,Fatima Zahra,335,Résolu,2.0,22.51,Chat,Déménagement,Oui,Non,Conforme,,Non
APP-10251,02/06/2023,Léa Girard,81,Résolu,3.0,24.19,Chat,Changement d'offre,Oui,Non,Conforme,5.0,Non
APP-10252,01/04/2023,Thomas Petit,4300,Résolu,5.0,27.02,telephone,Changement d'offre,Oui,Non,Conforme,9.0,Non
APP-10253,08/08/2023,Nicolas Roux,304,Résolu,4.0,,TEL,Litige paiement,Oui,Non,Conforme,8.0,Non
APP-10254,26/06/2023,Fatima Zahra,196,Résolu,3.0,31.02,TEL,Réclamation,Oui,Non,Conforme,9.0,Non
APP-10255,10/03/2023,Thomas Petit,360,Non résolu,3.0,39.91,Email,Facturation,Oui,Non,Conforme,,Non
APP-10256,28/03/2023,Karim Boudiaf,238,Résolu,,17.56,Chat,Déménagement,Oui,Non,Conforme,,Oui
APP-10257,20/12/2023,Karim Boudiaf,311,Résolu,4.0,24.99,Téléphone,Réclamation,Oui,Oui,Conforme,,Non
APP-10258,03/08/2023,Karim Boudiaf,239,Résolu,5.0,20.16,Chat,Résiliation,Oui,Non,,8.0,Non
APP-10259,24/03/2023,Marie Lefevre,276,Résolu,4.0,31.44,Téléphone,Panne compteur,Non,Non,Conforme,6.0,Non
APP-10260,19/09/2023,Karim Boudiaf,228,Résolu,3.0,12.77,TEL,Réclamation,Oui,Oui,Conforme,2.0,Non
APP-10261,13/12/2023,Thomas Petit,233,Non résolu,,,telephone,Souscription contrat,Oui,Non,,8.0,Non
APP-10262,10/07/2023,Thomas Petit,272,,4.0,14.73,Email,Relevé compteur,Oui,Non,Conforme,,Non
APP-10263,23/03/2023,Karim Boudiaf,155,Non résolu,5.0,20.79,Email,Demande d'information,Oui,Non,Non conforme,,Non
APP-10264,05/09/2023,Nicolas Roux,234,Résolu,4.0,32.7,Chat,Déménagement,Oui,Non,,,Non
APP-10265,19/12/2023,Yanis Belkacem,325,Résolu,4.0,14.38,Email,Souscription contrat,Oui,Non,,3.0,Non
APP-10266,22/03/2023,Amandine Faure,192,Non résolu,2.0,14.55,telephone,Demande d'information,,Oui,Conforme,,Non
APP-10267,01/05/2023,Karim Boudiaf,168,Résolu,5.0,11.28,Téléphone,Changement d'offre,Oui,Oui,Conforme,2.0,Non
APP-10268,16/02/2023,Yanis Belkacem,230,Non résolu,5.0,15.63,Email,Demande d'information,Oui,Oui,Conforme,9.0,Non
APP-10269,14/11/2023,Yanis Belkacem,146,Non résolu,2.0,21.48,telephone,Facturation,Oui,Non,,8.0,Non
APP-10270,26/12/2023,Karim Boudiaf,416,Résolu,5.0,9.45,Téléphone,Réclamation,Oui,Non,,9.0,Non
APP-10271,08/04/2023,Thomas Petit,243,Non résolu,5.0,37.58,Email,Changement d'offre,Oui,Non,Conforme,10.0,Non
APP-10272,25/01/2023,Amandine Faure,177,Résolu,4.0,40.32,telephone,Déménagement,Oui,Non,Conforme,,Non
APP-10273,14/06/2023,Amandine Faure,259,Résolu,5.0,42.07,Email,Demande d'information,,Non,Conforme,9.0,Non
APP-10274,20/09/2023,Fatima Zahra,229,Résolu,5.0,37.83,telephone,Résiliation,Oui,Non,Conforme,,Non
APP-10275,30/12/2023,Sophie Nguyen,220,Résolu,2.0,35.69,Email,Déménagement,Oui,Non,Conforme,,Non
APP-10276,27/05/2023,Léa Girard,192,Résolu,3.0,21.71,telephone,Réclamation,Oui,Non,Conforme,8.0,Non
APP-10277,20/12/2023,Fatima Zahra,188,Résolu,4.0,25.93,Chat,Résiliation,Oui,Non,Conforme,,Non
APP-10278,28/05/2023,Marie Lefevre,103,,,25.11,Chat,Facturation,Oui,Non,Conforme,,Non
APP-10279,26/04/2023,Thomas Petit,363,Résolu,5.0,35.66,TEL,Changement d'offre,Oui,Non,Conforme,7.0,Non
APP-10280,13/07/2023,Marie Lefevre,291,Résolu,5.0,26.93,TEL,Changement d'offre,Oui,Non,Conforme,8.0,Non
APP-10281,17/11/2023,Yanis Belkacem,268,Non résolu,5.0,27.69,TEL,Litige paiement,Oui,Non,Conforme,10.0,Non
APP-10282,02/10/2023,Léa Girard,228,Résolu,4.0,27.71,telephone,Déménagement,Oui,Non,Non conforme,,Oui
APP-10283,09/12/2023,Thomas Petit,154,Résolu,5.0,16.97,TEL,Relevé compteur,Non,Non,Conforme,10.0,Non
APP-10284,22/09/2023,Thomas Petit,171,Résolu,4.0,8.74,TEL,Litige paiement,Oui,Oui,,,Non
APP-10285,17/11/2023,Karim Boudiaf,111,Résolu,5.0,19.92,telephone,Litige paiement,Oui,Non,Conforme,9.0,Non
APP-10286,06/02/2023,Sophie Nguyen,181,Résolu,2.0,12.43,TEL,Litige paiement,Oui,Non,Non conforme,9.0,Non
APP-10287,27/07/2023,Léa Girard,142,Résolu,1.0,40.95,Téléphone,Déménagement,Oui,Non,Conforme,10.0,Non
APP-10288,18/12/2023,Fatima Zahra,391,Non résolu,4.0,37.2,Téléphone,Changement d'offre,Oui,Non,Conforme,,Non
APP-10289,01/06/2023,Sophie Nguyen,319,,,26.44,Téléphone,Litige paiement,Non,Oui,Conforme,,Non
APP-10290,08/10/2023,Karim Boudiaf,246,Non résolu,4.0,29.71,Chat,Souscription contrat,Oui,Non,Non conforme,7.0,Non
APP-10291,18/10/2023,Marie Lefevre,162,,4.0,35.58,TEL,Panne compteur,Oui,Non,Conforme,,Non
APP-10292,10/12/2023,Julien Marchand,146,Non résolu,4.0,18.5,Chat,Réclamation,Oui,Non,Conforme,,Non
APP-10293,28/03/2023,Marie Lefevre,222,Non résolu,5.0,21.43,TEL,Souscription contrat,Oui,Non,Conforme,9.0,Non
APP-10294,07/09/2023,Amandine Faure,323,Résolu,4.0,21.18,Chat,Résiliation,Oui,Non,Conforme,4.0,Oui
APP-10295,17/09/2023,Marie Lefevre,411,Non résolu,3.0,44.5,TEL,Litige paiement,Non,Non,Conforme,6.0,Non
APP-10296,29/10/2023,Fatima Zahra,114,Résolu,4.0,,telephone,Déménagement,Oui,Non,Conforme,6.0,Non
APP-10297,17/10/2023,Sophie Nguyen,290,Résolu,3.0,11.77,Téléphone,Réclamation,Oui,Oui,Conforme,,Non
APP-10298,29/08/2023,Nicolas Roux,198,Résolu,2.0,13.95,TEL,Réclamation,Oui,Non,Conforme,9.0,Non
APP-10299,09/02/2023,Amandine Faure,183,Résolu,4.0,14.9,TEL,Changement d'offre,Oui,Non,Conforme,,Non
APP-10300,28/04/2023,Karim Boudiaf,165,Résolu,3.0,41.18,Téléphone,Résiliation,Oui,Non,Conforme,,Non
APP-10301,30/10/2023,Sophie Nguyen,190,Résolu,3.0,10.97,telephone,Litige paiement,Oui,Non,Conforme,8.0,Non
APP-10302,27/07/2023,Yanis Belkacem,14,Non résolu,5.0,44.35,Téléphone,Résiliation,Oui,Non,Non conforme,7.0,Non
APP-10303,04/11/2023,Sophie Nguyen,301,Résolu,5.0,12.15,TEL,Changement d'offre,Oui,Oui,Conforme,6.0,Oui
APP-10304,25/09/2023,Amandine Faure,275,Résolu,3.0,40.02,Chat,Facturation,Non,Non,Conforme,5.0,Non
APP-10305,05/11/2023,Amandine Faure,232,Non résolu,5.0,38.23,TEL,Facturation,Oui,Non,,10.0,Non
APP-10306,29/06/2023,Yanis Belkacem,174,Non résolu,5.0,32.74,TEL,Changement d'offre,Oui,Non,Conforme,,Non
APP-10307,12/05/2023,Julien Marchand,-192,Résolu,4.0,42.39,Email,Résiliation,Oui,Non,Conforme,6.0,Non
APP-10308,10/05/2023,Fatima Zahra,423,Résolu,4.0,18.36,telephone,Relevé compteur,Oui,Non,Conforme,,Non
APP-10309,07/06/2023,Yanis Belkacem,385,Non résolu,5.0,36.47,telephone,Changement d'offre,Oui,Non,Conforme,10.0,Non
APP-10310,09/10/2023,Yanis Belkacem,189,Résolu,,,Téléphone,Souscription contrat,Oui,Non,Conforme,8.0,Non
APP-10311,08/11/2023,Marie Lefevre,149,Résolu,5.0,23.74,Chat,Facturation,Non,Non,Conforme,9.0,Non
APP-10312,03/12/2023,Amandine Faure,93,Résolu,4.0,12.25,telephone,Facturation,Oui,Non,,5.0,Non
APP-10313,24/07/2023,Thomas Petit,244,Résolu,1.0,30.59,Téléphone,Litige paiement,Oui,Non,Non conforme,8.0,Non
APP-10314,22/05/2023,Julien Marchand,297,Non résolu,5.0,13.71,Email,Litige paiement,Oui,Oui,Conforme,,Non
APP-10315,12/05/2023,Amandine Faure,90,Résolu,,25.8,telephone,Demande d'information,Non,Non,Conforme,,Oui
APP-10316,01/03/2023,Fatima Zahra,181,,5.0,20.45,TEL,Relevé compteur,Non,Non,Conforme,,Non
APP-10317,17/02/2023,Léa Girard,244,Résolu,,12.97,TEL,Résiliation,Non,Non,,,Non
APP-10318,13/09/2023,Julien Marchand,330,Résolu,3.0,17.42,Chat,Demande d'information,Oui,Oui,Non conforme,,Non
APP-10319,11/11/2023,Marie Lefevre,188,Résolu,4.0,33.22,Email,Déménagement,Non,Non,,,Non
APP-10320,24/04/2023,Yanis Belkacem,287,Résolu,,25.45,TEL,Relevé compteur,Non,Non,Conforme,6.0,Non
APP-10321,11/06/2023,Marie Lefevre,369,Résolu,4.0,23.24,TEL,Souscription contrat,Oui,Non,Conforme,,Non
APP-10322,13/09/2023,Léa Girard,291,Résolu,5.0,38.73,telephone,Déménagement,Oui,Non,Conforme,5.0,Non
APP-10323,01/05/2023,Amandine Faure,221,Résolu,,43.71,Téléphone,Souscription contrat,Oui,Oui,Non conforme,,Non
APP-10324,11/06/2023,Nicolas Roux,273,Résolu,4.0,42.72,Téléphone,Résiliation,Oui,Non,Conforme,9.0,Non
APP-10325,04/07/2023,Thomas Petit,185,Résolu,1.0,14.71,Chat,Résiliation,Oui,Non,Conforme,,Non
APP-10326,16/06/2023,Amandine Faure,247,Non résolu,4.0,29.26,telephone,Souscription contrat,Oui,Non,Conforme,,Non
APP-10327,06/02/2023,Karim Boudiaf,225,Résolu,4.0,39.15,Email,Réclamation,Non,Non,,,Non
APP-10328,19/08/2023,Léa Girard,270,Résolu,3.0,15.46,Téléphone,Résiliation,Oui,Oui,Conforme,,Non
APP-10329,14/01/2023,Léa Girard,202,Résolu,5.0,14.06,Email,Réclamation,Oui,Non,Conforme,6.0,Non
APP-10330,29/03/2023,Marie Lefevre,275,Non résolu,,32.61,Chat,Réclamation,Oui,Oui,,10.0,Non
APP-10331,22/08/2023,Yanis Belkacem,202,Résolu,,27.35,telephone,Panne compteur,Oui,Non,Conforme,8.0,Oui
APP-10332,11/03/2023,Thomas Petit,318,Résolu,4.0,22.52,TEL,Facturation,Oui,Non,Conforme,,Non
APP-10333,07/04/2023,Léa Girard,210,Résolu,5.0,38.21,Email,Résiliation,Oui,Non,Conforme,,Non
APP-10334,22/12/2023,Fatima Zahra,56,Non résolu,4.0,25.12,telephone,Souscription contrat,Oui,Non,Conforme,8.0,Non
APP-10335,07/04/2023,Thomas Petit,149,Résolu,3.0,19.15,TEL,Souscription contrat,Oui,Non,Conforme,6.0,Non
APP-10336,25/06/2023,Léa Girard,241,,4.0,16.59,TEL,Panne compteur,Oui,Non,Conforme,,Non
APP-10337,29/08/2023,Sophie Nguyen,390,Non résolu,5.0,41.28,telephone,Relevé compteur,Oui,Non,Conforme,2.0,Non
APP-10338,18/02/2023,Amandine Faure,314,Résolu,,41.54,telephone,Facturation,Oui,Non,Conforme,10.0,Non
APP-10339,04/07/2023,Marie Lefevre,40,Résolu,5.0,31.1,telephone,Réclamation,Oui,Non,Conforme,,Non
APP-10340,20/12/2023,Nicolas Roux,106,Non résolu,3.0,13.15,Chat,Demande d'information,Non,Non,Conforme,3.0,Non
APP-10341,26/12/2023,Amandine Faure,342,Résolu,,37.38,TEL,Changement d'offre,Oui,Oui,Conforme,,Non
APP-10342,21/01/2023,Nicolas Roux,296,Résolu,4.0,41.07,Chat,Demande d'information,Oui,Non,Non conforme,,Non
APP-10343,24/03/2023,Karim Boudiaf,444,Non résolu,5.0,37.18,Chat,Relevé compteur,Oui,Non,Conforme,9.0,Non
APP-10344,14/06/2023,Karim Boudiaf,198,Résolu,4.0,17.19,Chat,Souscription contrat,Oui,Non,Conforme,6.0,Non
APP-10345,04/02/2023,Marie Lefevre,163,Non résolu,3.0,35.53,Téléphone,Facturation,Oui,Non,Conforme,10.0,Non
APP-10346,12/05/2023,Marie Lefevre,246,Résolu,,36.21,Email,Panne compteur,Oui,Non,Conforme,,Non
APP-10347,08/07/2023,Marie Lefevre,197,Résolu,2.0,40.44,telephone,Litige paiement,Oui,Non,Conforme,7.0,Non
APP-10348,08/05/2023,Yanis Belkacem,333,Non résolu,4.0,12.09,Chat,Demande d'information,Oui,Non,Conforme,5.0,Non
APP-10349,09/10/2023,Léa Girard,194,Résolu,5.0,39.32,TEL,Litige paiement,,Non,Conforme,,Non
APP-10350,15/06/2023,Yanis Belkacem,215,Résolu,5.0,37.5,TEL,Changement d'offre,Oui,Non,Conforme,,Non
APP-10351,23/09/2023,Sophie Nguyen,151,Résolu,3.0,13.55,Téléphone,Réclamation,Non,Non,Conforme,,Non
APP-10352,24/08/2023,Thomas Petit,308,Non résolu,3.0,34.64,TEL,Panne compteur,Oui,Non,Conforme,4.0,Non
APP-10353,05/09/2023,Sophie Nguyen,157,Non résolu,5.0,31.72,TEL,Facturation,Oui,Non,Conforme,3.0,Non
APP-10354,28/06/2023,Léa Girard,277,Non résolu,3.0,17.32,Chat,Facturation,Oui,Non,Conforme,10.0,Non
APP-10355,17/10/2023,Sophie Nguyen,408,Résolu,5.0,20.79,Email,Déménagement,Oui,Oui,Conforme,,Non
APP-10356,22/06/2023,Karim Boudiaf,79,Résolu,4.0,25.09,Email,Souscription contrat,Oui,Non,Conforme,9.0,Non
APP-10357,15/10/2023,Yanis Belkacem,374,Résolu,4.0,43.05,Chat,Panne compteur,Oui,Non,Conforme,7.0,Non
APP-10358,02/12/2023,Marie Lefevre,265,Résolu,5.0,26.72,Chat,Souscription contrat,Oui,Non,Conforme,,Non
APP-10359,13/02/2023,Karim Boudiaf,138,Résolu,3.0,30.62,TEL,Facturation,Oui,Non,Conforme,10.0,Non
APP-10360,03/10/2023,Julien Marchand,249,Résolu,4.0,33.78,telephone,Facturation,Oui,Non,Conforme,8.0,Non
APP-10361,13/04/2023,Yanis Belkacem,305,Non résolu,2.0,42.13,TEL,Panne compteur,Oui,Non,Conforme,7.0,Non
APP-10362,30/12/2023,Karim Boudiaf,168,Résolu,2.0,29.32,Email,Litige paiement,Non,Oui,Conforme,10.0,Non
APP-10363,21/07/2023,Sophie Nguyen,282,Résolu,4.0,30.45,Chat,Réclamation,Oui,Non,Non conforme,,Non
APP-10364,16/01/2023,Amandine Faure,383,Résolu,4.0,42.57,Email,Litige paiement,Non,Non,Conforme,7.0,Non
APP-10365,20/03/2023,Léa Girard,193,Résolu,5.0,42.25,telephone,Déménagement,Oui,Non,Non conforme,8.0,Non
APP-10366,26/09/2023,Sophie Nguyen,150,Non résolu,5.0,44.44,telephone,Demande d'information,Oui,Non,Conforme,7.0,Non
APP-10367,16/03/2023,Marie Lefevre,228,Résolu,4.0,39.04,TEL,Souscription contrat,Oui,Oui,Conforme,,Non
APP-10368,17/05/2023,Yanis Belkacem,245,Résolu,5.0,29.88,Email,Souscription contrat,Oui,Non,Conforme,9.0,Non
APP-10369,09/09/2023,Nicolas Roux,338,Résolu,5.0,,TEL,Relevé compteur,Oui,Non,Conforme,7.0,Non
APP-10370,13/08/2023,Yanis Belkacem,187,Résolu,3.0,20.4,Téléphone,Déménagement,Oui,Non,Conforme,,Non
APP-10371,01/11/2023,Amandine Faure,227,Non résolu,4.0,37.71,Téléphone,Résiliation,Oui,Non,Conforme,,Non
APP-10372,19/11/2023,Marie Lefevre,316,Non résolu,5.0,42.03,telephone,Relevé compteur,Oui,Non,Conforme,,Non
APP-10373,27/11/2023,Nicolas Roux,31,Résolu,5.0,20.81,Chat,Souscription contrat,Oui,Non,Conforme,9.0,Non
APP-10374,14/04/2023,Nicolas Roux,354,Résolu,5.0,24.73,Téléphone,Panne compteur,Oui,Non,Conforme,10.0,Non
APP-10375,19/09/2023,Yanis Belkacem,166,Résolu,5.0,16.31,Chat,Souscription contrat,Oui,Oui,Conforme,3.0,Non
APP-10376,17/08/2023,Fatima Zahra,138,Résolu,3.0,14.53,TEL,Facturation,Oui,Non,Conforme,0.0,Non
APP-10377,02/05/2023,Julien Marchand,226,Résolu,2.0,26.44,telephone,Litige paiement,Oui,Non,Non conforme,7.0,Non
APP-10378,29/01/2023,Thomas Petit,312,Résolu,5.0,21.41,Téléphone,Facturation,Oui,Non,Conforme,8.0,Non
APP-10379,25/12/2023,Yanis Belkacem,225,,5.0,29.48,Téléphone,Panne compteur,Oui,Non,Non conforme,,Non
APP-10380,09/10/2023,Karim Boudiaf,148,Résolu,4.0,43.56,Chat,Résiliation,Oui,Non,Conforme,,Non
APP-10381,14/02/2023,Nicolas Roux,286,Non résolu,5.0,13.5,TEL,Réclamation,Oui,Non,Conforme,6.0,Non
APP-10382,24/09/2023,Nicolas Roux,168,Résolu,5.0,44.88,Téléphone,Panne compteur,Oui,Non,Conforme,,Non
APP-10383,01/08/2023,Léa Girard,225,Non résolu,3.0,26.58,TEL,Réclamation,Oui,Non,Conforme,8.0,Oui
APP-10384,18/12/2023,Thomas Petit,179,Résolu,1.0,35.75,TEL,Demande d'information,Non,Non,Conforme,2.0,Non
APP-10385,21/03/2023,Nicolas Roux,253,Résolu,5.0,15.77,Téléphone,Litige paiement,Oui,Non,Conforme,10.0,Non
APP-10386,17/12/2023,Thomas Petit,229,Résolu,,15.06,Téléphone,Demande d'information,,Non,Non conforme,,Non
APP-10387,01/11/2023,Karim Boudiaf,253,Non résolu,4.0,9.35,Email,Panne compteur,Oui,Non,Conforme,,Non
APP-10388,04/06/2023,Sophie Nguyen,471,Non résolu,,10.43,Téléphone,Changement d'offre,Non,Non,Conforme,10.0,Non
APP-10389,08/06/2023,Thomas Petit,140,Non résolu,,36.69,telephone,Résiliation,Oui,Non,Conforme,10.0,Oui
APP-10390,23/01/2023,Yanis Belkacem,364,Non résolu,2.0,24.31,TEL,Facturation,Oui,Non,Non conforme,8.0,Non
APP-10391,22/05/2023,Amandine Faure,0,Résolu,3.0,22.83,Téléphone,Déménagement,Oui,Oui,Conforme,10.0,Non
APP-10392,27/12/2023,Fatima Zahra,134,Résolu,,14.73,Téléphone,Souscription contrat,Oui,Non,Conforme,9.0,Non
APP-10393,20/07/2023,Sophie Nguyen,258,Résolu,5.0,39.89,TEL,Réclamation,Oui,Non,Conforme,,Non
APP-10394,27/08/2023,Yanis Belkacem,226,Non résolu,4.0,18.02,Email,Changement d'offre,Oui,Non,Non conforme,,Non
APP-10395,20/07/2023,Sophie Nguyen,287,Non résolu,,31.83,Téléphone,Panne compteur,Oui,Non,Conforme,7.0,Non
APP-10396,06/11/2023,Yanis Belkacem,207,Non résolu,5.0,13.78,Téléphone,Réclamation,Oui,Non,Conforme,,Non
APP-10397,04/09/2023,Léa Girard,233,Résolu,4.0,34.49,Chat,Demande d'information,Oui,Non,Conforme,4.0,Non
APP-10398,21/10/2023,Nicolas Roux,231,Résolu,2.0,16.21,TEL,Relevé compteur,Oui,Oui,Non conforme,,Non
APP-10399,11/09/2023,Marie Lefevre,242,Non résolu,,16.55,Téléphone,Souscription contrat,Oui,Non,Conforme,,Non
APP-10400,16/04/2023,Thomas Petit,248,Résolu,,14.61,TEL,Panne compteur,Oui,Non,Conforme,,Non
APP-10401,01/02/2023,Thomas Petit,228,Résolu,5.0,32.15,Téléphone,Réclamation,Non,Non,Conforme,9.0,Non
APP-10402,15/07/2023,Léa Girard,208,Résolu,4.0,17.0,Email,Demande d'information,Oui,Non,,,Non
APP-10403,06/02/2023,Marie Lefevre,219,Résolu,,34.72,telephone,Relevé compteur,Non,Non,Conforme,,Non
APP-10404,21/08/2023,Amandine Faure,261,Résolu,3.0,22.7,Téléphone,Déménagement,Oui,Non,Conforme,8.0,Non
APP-10405,23/10/2023,Thomas Petit,262,Résolu,4.0,32.72,Téléphone,Souscription contrat,Oui,Non,Non conforme,,Non
APP-10406,22/09/2023,Karim Boudiaf,180,Résolu,5.0,41.16,Téléphone,Litige paiement,Oui,Non,Conforme,8.0,Non
APP-10407,29/08/2023,Nicolas Roux,155,Non résolu,4.0,8.48,TEL,Réclamation,Oui,Non,Conforme,8.0,Non
APP-10408,14/05/2023,Marie Lefevre,89,Résolu,5.0,41.03,Chat,Facturation,Oui,Oui,Conforme,,Non
APP-10409,09/03/2023,Yanis Belkacem,398,Résolu,2.0,38.25,Chat,Souscription contrat,Oui,Non,Conforme,,Non
APP-10410,03/04/2023,Amandine Faure,128,Résolu,3.0,22.05,telephone,Changement d'offre,Oui,Non,Conforme,,Non
APP-10411,27/03/2023,Julien Marchand,166,Résolu,4.0,29.84,Téléphone,Souscription contrat,Oui,Non,Conforme,,Non
APP-10412,30/04/2023,Léa Girard,308,Résolu,4.0,23.15,TEL,Changement d'offre,Oui,Non,Conforme,,Non
APP-10413,30/09/2023,Thomas Petit,112,Non résolu,5.0,28.43,TEL,Panne compteur,Oui,Non,Conforme,,Non
APP-10414,11/12/2023,Yanis Belkacem,82,Résolu,,43.09,Téléphone,Facturation,Oui,Oui,Conforme,5.0,Non
APP-10415,23/04/2023,Fatima Zahra,190,Résolu,2.0,36.25,telephone,Déménagement,Oui,Non,Conforme,,Non
APP-10416,03/12/2023,Yanis Belkacem,327,Résolu,3.0,37.59,Téléphone,Changement d'offre,Non,Non,Conforme,,Non
APP-10417,15/06/2023,Fatima Zahra,237,Non résolu,4.0,23.73,Téléphone,Réclamation,Non,Non,Conforme,10.0,Non
APP-10418,09/11/2023,Léa Girard,433,Résolu,5.0,17.54,Téléphone,Changement d'offre,Oui,Oui,Conforme,,Non
APP-10419,17/08/2023,Marie Lefevre,300,Résolu,,13.16,TEL,Souscription contrat,Oui,Non,Conforme,10.0,Non
APP-10420,09/09/2023,Nicolas Roux,124,Non résolu,5.0,18.08,Téléphone,Relevé compteur,Non,Non,Conforme,,Non
APP-10421,03/07/2023,Thomas Petit,249,Résolu,,8.68,Chat,Demande d'information,Oui,Non,Conforme,,Non
APP-10422,21/01/2023,Léa Girard,93,Résolu,2.0,28.5,Email,Panne compteur,Non,Non,Conforme,2.0,Oui
APP-10423,31/10/2023,Julien Marchand,289,Résolu,4.0,32.1,Email,Facturation,Oui,Oui,Non conforme,3.0,Non
APP-10424,01/12/2023,Amandine Faure,197,Non résolu,3.0,8.41,Téléphone,Facturation,Oui,Non,Conforme,,Non
APP-10425,05/05/2023,Sophie Nguyen,287,Non résolu,5.0,13.06,Chat,Souscription contrat,Oui,Oui,Non conforme,6.0,Non
APP-10426,12/11/2023,Julien Marchand,385,Résolu,5.0,32.61,Email,Demande d'information,Oui,Non,Conforme,8.0,Non
APP-10427,20/04/2023,Marie Lefevre,381,Résolu,3.0,14.49,TEL,Litige paiement,Oui,Non,Conforme,6.0,Non
APP-10428,20/11/2023,Yanis Belkacem,225,Non résolu,2.0,,Téléphone,Déménagement,Non,Non,Non conforme,,Non
APP-10429,16/04/2023,Sophie Nguyen,312,Résolu,,22.18,Téléphone,Déménagement,Oui,Non,,,Non
APP-10430,28/06/2023,Léa Girard,-183,Résolu,4.0,14.15,TEL,Litige paiement,Oui,Non,Conforme,7.0,Non
APP-10431,27/02/2023,Sophie Nguyen,242,Résolu,3.0,35.31,Téléphone,Facturation,Oui,Non,Conforme,8.0,Non
APP-10432,21/08/2023,Marie Lefevre,256,Résolu,3.0,,Chat,Panne compteur,Oui,Non,Conforme,,Non
APP-10433,13/12/2023,Thomas Petit,172,Résolu,3.0,17.08,telephone,Relevé compteur,Non,Oui,Conforme,3.0,Non
APP-10434,21/04/2023,Yanis Belkacem,102,Résolu,5.0,21.16,TEL,Résiliation,Oui,Oui,Conforme,8.0,Non
APP-10435,27/08/2023,Nicolas Roux,168,Résolu,4.0,34.6,Chat,Souscription contrat,Oui,Non,Conforme,9.0,Non
APP-10436,21/04/2023,Yanis Belkacem,291,Résolu,4.0,25.61,telephone,Demande d'information,Oui,Non,Non conforme,,Non
APP-10437,03/01/2023,Léa Girard,82,Résolu,5.0,32.56,Chat,Relevé compteur,Oui,Non,Non conforme,9.0,Non
APP-10438,13/10/2023,Marie Lefevre,248,Résolu,4.0,15.95,Téléphone,Facturation,Oui,Non,Conforme,,Non
APP-10439,13/01/2023,Nicolas Roux,256,Non résolu,3.0,9.15,Email,Facturation,Non,Oui,Non conforme,8.0,Oui
APP-10440,07/08/2023,Fatima Zahra,294,Résolu,3.0,9.9,Chat,Demande d'information,Oui,Oui,,,Non
APP-10441,26/02/2023,Léa Girard,103,Résolu,3.0,26.37,Téléphone,Litige paiement,Oui,Non,,7.0,Non
APP-10442,02/09/2023,Yanis Belkacem,87,Non résolu,5.0,36.52,TEL,Litige paiement,Oui,Non,Conforme,8.0,Non
APP-10443,27/09/2023,Karim Boudiaf,328,Non résolu,,11.94,TEL,Panne compteur,Oui,Non,Conforme,9.0,Non
APP-10444,09/02/2023,Karim Boudiaf,256,Résolu,3.0,26.33,Téléphone,Réclamation,Oui,Non,,10.0,Non
APP-10445,27/11/2023,Marie Lefevre,209,Non résolu,3.0,33.47,TEL,Relevé compteur,Oui,Non,Non conforme,10.0,Non
APP-10446,29/09/2023,Amandine Faure,99,Résolu,5.0,38.31,TEL,Résiliation,Oui,Non,Conforme,3.0,Non
APP-10447,22/08/2023,Sophie Nguyen,203,Résolu,3.0,37.58,telephone,Souscription contrat,Oui,Oui,Conforme,6.0,Non
APP-10448,05/04/2023,Julien Marchand,142,Résolu,4.0,29.84,Chat,Souscription contrat,Oui,Oui,Conforme,,Non
APP-10449,23/08/2023,Thomas Petit,323,Résolu,4.0,21.36,TEL,Changement d'offre,Non,Non,Conforme,,Non
APP-10450,17/10/2023,Nicolas Roux,121,Résolu,1.0,28.05,Téléphone,Réclamation,Oui,Non,Conforme,8.0,Non
APP-10451,08/11/2023,Julien Marchand,219,Non résolu,4.0,,Chat,Changement d'offre,Oui,Non,,9.0,Non
APP-10452,05/11/2023,Yanis Belkacem,274,Résolu,4.0,37.84,Email,Demande d'information,Oui,Oui,Conforme,8.0,Non
APP-10453,15/10/2023,Karim Boudiaf,294,Non résolu,4.0,32.37,telephone,Relevé compteur,Oui,Non,Non conforme,,Non
APP-10454,05/06/2023,Nicolas Roux,315,Résolu,,17.24,Email,Panne compteur,Oui,Non,Conforme,7.0,Non
APP-10455,18/10/2023,Sophie Nguyen,281,Résolu,4.0,26.11,TEL,Déménagement,Oui,Non,Conforme,1.0,Oui
APP-10456,15/05/2023,Fatima Zahra,278,Résolu,5.0,14.68,Email,Souscription contrat,Oui,Non,Conforme,6.0,Non
APP-10457,04/02/2023,Yanis Belkacem,258,Résolu,,29.01,Email,Panne compteur,Oui,Non,Conforme,8.0,Non
APP-10458,16/03/2023,Thomas Petit,142,Résolu,2.0,42.2,TEL,Facturation,Oui,Non,,10.0,Non
APP-10459,04/04/2023,Karim Boudiaf,334,Résolu,4.0,43.93,TEL,Réclamation,Oui,Non,Conforme,,Non
APP-10460,07/01/2023,Sophie Nguyen,236,Résolu,4.0,39.9,Téléphone,Résiliation,Oui,Non,Conforme,,Non
APP-10461,27/09/2023,Amandine Faure,301,Non résolu,4.0,39.25,Téléphone,Souscription contrat,Non,Non,Conforme,9.0,Non
APP-10462,02/11/2023,Amandine Faure,324,Non résolu,1.0,9.37,telephone,Souscription contrat,Non,Oui,Conforme,6.0,Non
APP-10463,10/02/2023,Léa Girard,193,Résolu,5.0,30.06,Téléphone,Résiliation,Oui,Non,Conforme,3.0,Non
APP-10464,10/05/2023,Marie Lefevre,200,Non résolu,5.0,10.85,telephone,Déménagement,Non,Non,Conforme,5.0,Non
APP-10465,23/05/2023,Yanis Belkacem,212,Résolu,5.0,33.76,Chat,Panne compteur,Oui,Non,Conforme,7.0,Non
APP-10466,25/05/2023,Sophie Nguyen,353,,2.0,10.42,Chat,Changement d'offre,Oui,Non,Conforme,,Non
APP-10467,01/07/2023,Léa Girard,159,Résolu,5.0,19.67,Email,Panne compteur,Oui,Non,Conforme,8.0,Non
APP-10468,12/02/2023,Thomas Petit,370,Résolu,5.0,19.79,Email,Résiliation,Oui,Non,Non conforme,7.0,Non
APP-10469,01/09/2023,Thomas Petit,257,Résolu,2.0,31.16,Téléphone,Panne compteur,Oui,Non,Conforme,5.0,Non
APP-10470,28/03/2023,Karim Boudiaf,264,Résolu,5.0,16.62,telephone,Relevé compteur,Oui,Non,Conforme,,Non
APP-10471,26/11/2023,Léa Girard,320,,,8.9,telephone,Changement d'offre,Oui,Non,Conforme,,Non
APP-10472,20/02/2023,Marie Lefevre,247,Résolu,3.0,42.75,TEL,Souscription contrat,Oui,Non,Conforme,,Non
APP-10473,10/09/2023,Nicolas Roux,335,Résolu,4.0,37.55,Chat,Litige paiement,Oui,Non,,,Non
APP-10474,19/08/2023,Thomas Petit,193,Résolu,3.0,25.76,TEL,Souscription contrat,Oui,Oui,Conforme,10.0,Non
APP-10475,12/12/2023,Nicolas Roux,366,Résolu,4.0,31.22,Chat,Facturation,Oui,Non,,,Non
APP-10476,26/05/2023,Thomas Petit,199,Résolu,4.0,23.59,Chat,Facturation,Oui,Non,Conforme,9.0,Non
APP-10477,30/07/2023,Thomas Petit,370,Résolu,4.0,35.29,Téléphone,Réclamation,Oui,Non,Conforme,2.0,Non
APP-10478,05/08/2023,Yanis Belkacem,202,Résolu,4.0,,TEL,Relevé compteur,Oui,Non,Conforme,10.0,Non
APP-10479,16/04/2023,Thomas Petit,214,Résolu,3.0,21.12,Email,Résiliation,Oui,Non,Non conforme,,Non
APP-10480,28/05/2023,Fatima Zahra,149,Résolu,3.0,16.64,Téléphone,Déménagement,Oui,Non,Conforme,,Non
APP-10481,18/04/2023,Thomas Petit,145,Résolu,5.0,9.56,Chat,Demande d'information,Oui,Non,Conforme,9.0,Non
APP-10482,03/04/2023,Marie Lefevre,65,Résolu,4.0,33.15,Email,Réclamation,Non,Non,Conforme,,Non
APP-10483,17/10/2023,Marie Lefevre,131,Résolu,3.0,16.08,TEL,Relevé compteur,Oui,Non,Non conforme,,Non
APP-10484,17/05/2023,Fatima Zahra,225,Résolu,4.0,40.53,telephone,Facturation,Oui,Non,Conforme,,Non
APP-10485,28/11/2023,Marie Lefevre,165,Résolu,5.0,42.96,Chat,Souscription contrat,Oui,Oui,Conforme,,Non
APP-10486,12/02/2023,Thomas Petit,447,Non résolu,4.0,14.18,Téléphone,Relevé compteur,Non,Non,Conforme,6.0,Non
APP-10487,03/03/2023,Amandine Faure,180,Non résolu,4.0,44.67,Téléphone,Résiliation,Oui,Non,Conforme,,Non
APP-10488,01/05/2023,Léa Girard,345,Résolu,4.0,26.97,Chat,Facturation,Oui,Non,,8.0,Non
APP-10489,16/12/2023,Julien Marchand,385,Non résolu,4.0,16.53,TEL,Facturation,Oui,Non,Conforme,,Non
APP-10490,28/01/2023,Julien Marchand,193,Résolu,5.0,14.9,Téléphone,Litige paiement,Non,Non,Conforme,,Non
APP-10491,11/05/2023,Fatima Zahra,186,Résolu,3.0,36.84,Email,Demande d'information,Non,Non,Conforme,2.0,Non
APP-10492,09/09/2023,Nicolas Roux,195,Résolu,4.0,43.86,Téléphone,Souscription contrat,Oui,Non,Conforme,,Non
APP-10493,17/06/2023,Nicolas Roux,224,Résolu,3.0,40.7,telephone,Facturation,Oui,Non,Conforme,5.0,Non
APP-10494,22/09/2023,Sophie Nguyen,206,Non résolu,4.0,36.05,telephone,Réclamation,Oui,Non,Conforme,8.0,Non
APP-10495,08/07/2023,Sophie Nguyen,134,Non résolu,5.0,,Téléphone,Litige paiement,Oui,Non,Non conforme,,Non
APP-10496,26/12/2023,Sophie Nguyen,165,Résolu,3.0,38.19,telephone,Déménagement,Oui,Non,Conforme,,Non
APP-10497,11/12/2023,Nicolas Roux,282,Résolu,,16.3,TEL,Changement d'offre,Oui,Non,Conforme,7.0,Non
APP-10498,13/12/2023,Julien Marchand,258,Résolu,4.0,29.94,Chat,Changement d'offre,Non,Non,Conforme,9.0,Oui
APP-10499,10/03/2023,Thomas Petit,103,Résolu,4.0,29.46,Chat,Réclamation,Oui,Non,Conforme,,Non
APP-10500,01/07/2023,Yanis Belkacem,184,Résolu,5.0,40.88,TEL,Litige paiement,Oui,Non,Conforme,9.0,Non
APP-10501,14/10/2023,Marie Lefevre,205,Résolu,,43.36,telephone,Panne compteur,Oui,Non,Conforme,6.0,Non
APP-10502,07/03/2023,Nicolas Roux,265,Non résolu,,32.24,TEL,Déménagement,Oui,Non,Conforme,9.0,Non
APP-10503,09/09/2023,Sophie Nguyen,270,Résolu,4.0,28.38,Téléphone,Résiliation,Oui,Non,Conforme,10.0,Non
APP-10504,11/09/2023,Marie Lefevre,224,Résolu,4.0,21.79,telephone,Panne compteur,Oui,Non,Conforme,,Non
APP-10505,20/05/2023,Yanis Belkacem,168,Résolu,,17.61,Chat,Souscription contrat,Oui,Oui,Conforme,,Non
APP-10506,14/01/2023,Fatima Zahra,237,Résolu,5.0,11.0,TEL,Souscription contrat,Oui,Non,Conforme,10.0,Non
APP-10507,18/05/2023,Yanis Belkacem,401,Résolu,5.0,16.15,Chat,Souscription contrat,Oui,Oui,Conforme,8.0,Non
APP-10508,06/02/2023,Amandine Faure,193,Résolu,3.0,39.49,Email,Panne compteur,Oui,Non,Conforme,9.0,Non
APP-10509,01/12/2023,Sophie Nguyen,260,Résolu,5.0,26.32,Chat,Souscription contrat,Oui,Oui,Conforme,7.0,Non
APP-10510,18/07/2023,Nicolas Roux,467,Résolu,4.0,38.51,telephone,Relevé compteur,Oui,Oui,Conforme,,Non
APP-10511,28/11/2023,Sophie Nguyen,192,Résolu,2.0,20.87,Téléphone,Changement d'offre,Oui,Non,Conforme,8.0,Non
APP-10512,07/08/2023,Fatima Zahra,301,Non résolu,4.0,17.88,Email,Panne compteur,Oui,Non,Non conforme,8.0,Non
APP-10513,15/09/2023,Marie Lefevre,406,Résolu,3.0,40.51,Téléphone,Relevé compteur,Non,Non,Conforme,9.0,Non
APP-10514,16/11/2023,Fatima Zahra,293,Non résolu,3.0,39.47,Chat,Réclamation,Non,Oui,Conforme,0.0,Non
APP-10515,29/03/2023,Nicolas Roux,339,Résolu,5.0,40.09,TEL,Déménagement,Oui,Non,Conforme,,Non
APP-10516,04/06/2023,Karim Boudiaf,313,Résolu,1.0,33.81,Téléphone,Résiliation,Oui,Oui,Conforme,,Non
APP-10517,03/10/2023,Julien Marchand,285,Résolu,4.0,33.17,telephone,Changement d'offre,Non,Non,Non conforme,,Non
APP-10518,19/10/2023,Léa Girard,364,Résolu,5.0,13.87,Email,Déménagement,Oui,Non,Conforme,10.0,Non
APP-10519,30/10/2023,Yanis Belkacem,298,Non résolu,3.0,40.59,Téléphone,Relevé compteur,Oui,Non,Conforme,,Non
APP-10520,01/03/2023,Nicolas Roux,224,Résolu,4.0,20.4,telephone,Changement d'offre,Oui,Non,Conforme,,Non
APP-10521,05/11/2023,Nicolas Roux,253,Non résolu,,35.51,TEL,Changement d'offre,Oui,Non,Conforme,8.0,Non
APP-10522,08/12/2023,Nicolas Roux,273,Résolu,2.0,38.79,Email,Réclamation,Oui,Non,,8.0,Non
APP-10523,13/12/2023,Sophie Nguyen,204,Résolu,5.0,26.78,Téléphone,Déménagement,Oui,Non,Conforme,,Non
APP-10524,24/01/2023,Amandine Faure,257,Résolu,4.0,31.38,Téléphone,Changement d'offre,Oui,Non,Conforme,,Non
APP-10525,09/11/2023,Karim Boudiaf,244,Résolu,5.0,17.61,TEL,Souscription contrat,Oui,Non,Conforme,10.0,Non
APP-10526,20/03/2023,Thomas Petit,298,Non résolu,4.0,36.85,Téléphone,Résiliation,Oui,Non,Conforme,7.0,Non
APP-10527,01/08/2023,Thomas Petit,434,Non résolu,4.0,11.96,telephone,Relevé compteur,Oui,Non,Conforme,,Non
APP-10528,05/07/2023,Marie Lefevre,262,Non résolu,4.0,43.63,TEL,Demande d'information,Oui,Non,Conforme,9.0,Oui
APP-10529,25/11/2023,Sophie Nguyen,381,Résolu,5.0,20.65,Chat,Réclamation,Oui,Non,Conforme,,Non
APP-10530,10/06/2023,Thomas Petit,-294,Résolu,,11.79,Email,Résiliation,Non,Non,Conforme,9.0,Non
APP-10531,29/11/2023,Léa Girard,256,Résolu,5.0,42.68,telephone,Litige paiement,,Non,Conforme,,Non
APP-10532,22/11/2023,Sophie Nguyen,199,Résolu,3.0,19.14,TEL,Relevé compteur,,Oui,Conforme,9.0,Non
APP-10533,01/07/2023,Karim Boudiaf,257,Résolu,4.0,34.2,Email,Demande d'information,,Non,,,Non
APP-10534,18/11/2023,Amandine Faure,251,Résolu,5.0,20.8,Chat,Souscription contrat,Oui,Non,Conforme,8.0,Non
APP-10535,04/07/2023,Nicolas Roux,176,Non résolu,2.0,30.97,telephone,Changement d'offre,Oui,Oui,Conforme,9.0,Non
APP-10536,22/07/2023,Fatima Zahra,189,,5.0,36.06,Email,Souscription contrat,Oui,Oui,Conforme,6.0,Non
APP-10537,28/09/2023,Karim Boudiaf,273,Résolu,3.0,8.91,Téléphone,Déménagement,Non,Oui,Conforme,8.0,Non
APP-10538,02/03/2023,Thomas Petit,380,Résolu,1.0,33.28,Chat,Relevé compteur,Oui,Non,Non conforme,7.0,Non
APP-10539,08/09/2023,Marie Lefevre,234,Non résolu,4.0,24.5,Chat,Changement d'offre,Non,Non,Conforme,,Non
APP-10540,12/03/2023,Amandine Faure,109,Résolu,3.0,14.05,Téléphone,Déménagement,Oui,Non,Conforme,9.0,Non
APP-10541,10/12/2023,Nicolas Roux,42,Non résolu,5.0,37.41,TEL,Litige paiement,Oui,Non,Conforme,,Non
APP-10542,28/01/2023,Yanis Belkacem,148,Résolu,1.0,11.05,Chat,Souscription contrat,Non,Non,Conforme,,Non
APP-10543,24/10/2023,Nicolas Roux,303,Résolu,5.0,33.18,Téléphone,Demande d'information,Oui,Non,Non conforme,8.0,Non
APP-10544,28/02/2023,Karim Boudiaf,124,Résolu,5.0,43.18,Email,Souscription contrat,Oui,Non,Conforme,,Non
APP-10545,20/02/2023,Thomas Petit,318,Résolu,,13.59,Téléphone,Résiliation,Oui,Non,Conforme,10.0,Non
APP-10546,28/02/2023,Fatima Zahra,298,Résolu,4.0,23.53,telephone,Facturation,Oui,Non,Conforme,8.0,Non
APP-10547,06/03/2023,Fatima Zahra,231,Non résolu,4.0,31.63,telephone,Demande d'information,Oui,Non,Conforme,,Non
APP-10548,12/10/2023,Nicolas Roux,102,,5.0,44.41,telephone,Facturation,Oui,Non,Conforme,8.0,Non
APP-10549,29/06/2023,Julien Marchand,177,Résolu,5.0,23.15,TEL,Panne compteur,Oui,Oui,Conforme,,Non
APP-10550,10/08/2023,Julien Marchand,218,Résolu,5.0,15.88,TEL,Changement d'offre,Oui,Non,Conforme,7.0,Non
APP-10551,18/06/2023,Marie Lefevre,271,Non résolu,5.0,,Téléphone,Souscription contrat,Oui,Non,Conforme,,Non
APP-10552,29/11/2023,Karim Boudiaf,246,Non résolu,4.0,21.64,Email,Déménagement,Oui,Non,Conforme,,Oui
APP-10553,25/08/2023,Thomas Petit,219,Résolu,1.0,39.98,TEL,Résiliation,Oui,Non,Conforme,,Non
APP-10554,10/09/2023,Thomas Petit,285,Non résolu,5.0,,Email,Panne compteur,Non,Non,Conforme,,Non
APP-10555,17/10/2023,Yanis Belkacem,237,Résolu,2.0,14.86,Chat,Résiliation,Non,Non,Conforme,,Oui
APP-10556,21/12/2023,Amandine Faure,270,Non résolu,1.0,36.52,Téléphone,Demande d'information,Oui,Non,Conforme,,Non
APP-10557,05/07/2023,Amandine Faure,281,Résolu,4.0,39.26,Email,Demande d'information,Oui,Non,Conforme,,Oui
APP-10558,26/04/2023,Léa Girard,297,Résolu,4.0,12.86,Téléphone,Facturation,Oui,Non,Conforme,,Non
APP-10559,09/05/2023,Julien Marchand,359,Résolu,2.0,9.2,telephone,Panne compteur,Oui,Non,Conforme,,Non
APP-10560,13/02/2023,Marie Lefevre,257,Non résolu,5.0,37.47,Téléphone,Changement d'offre,Oui,Non,Conforme,5.0,Oui
APP-10561,27/01/2023,Fatima Zahra,303,Résolu,4.0,25.82,Chat,Facturation,Oui,Non,Conforme,,Non
APP-10562,30/11/2023,Marie Lefevre,179,Résolu,2.0,15.42,Téléphone,Déménagement,Oui,Non,Conforme,,Non
APP-10563,04/08/2023,Nicolas Roux,402,Résolu,5.0,26.19,TEL,Déménagement,Oui,Non,Conforme,8.0,Non
APP-10564,16/03/2023,Sophie Nguyen,251,Résolu,,17.95,telephone,Facturation,Oui,Non,Conforme,3.0,Non
APP-10565,13/04/2023,Julien Marchand,178,Résolu,5.0,37.51,Chat,Demande d'information,Non,Non,Conforme,8.0,Non
APP-10566,23/02/2023,Nicolas Roux,199,Résolu,,8.43,telephone,Changement d'offre,Oui,Non,Conforme,,Non
APP-10567,12/07/2023,Julien Marchand,69,Résolu,1.0,10.68,Chat,Panne compteur,Oui,Non,Conforme,,Non
APP-10568,16/01/2023,Julien Marchand,199,Non résolu,5.0,30.2,Chat,Résiliation,Oui,Oui,Non conforme,,Oui
APP-10569,13/12/2023,Sophie Nguyen,21,Résolu,,18.79,telephone,Demande d'information,Oui,Non,,,Non
APP-10570,11/08/2023,Karim Boudiaf,310,Résolu,3.0,36.85,TEL,Demande d'information,Oui,Non,Conforme,3.0,Non
APP-10571,07/04/2023,Amandine Faure,278,Résolu,5.0,9.47,telephone,Litige paiement,Non,Non,Conforme,5.0,Non
APP-10572,06/12/2023,Yanis Belkacem,152,Non résolu,5.0,16.96,Email,Litige paiement,Oui,Non,Conforme,,Non
APP-10573,11/09/2023,Nicolas Roux,235,Non résolu,5.0,44.51,telephone,Résiliation,Oui,Non,Conforme,9.0,Non
APP-10574,22/03/2023,Thomas Petit,239,Non résolu,4.0,30.87,telephone,Déménagement,Oui,Non,Conforme,9.0,Non
APP-10575,08/07/2023,Nicolas Roux,135,Résolu,3.0,33.99,TEL,Panne compteur,Oui,Non,Conforme,4.0,Non
APP-10576,27/04/2023,Karim Boudiaf,220,Résolu,4.0,20.08,TEL,Réclamation,Oui,Non,Non conforme,7.0,Non
APP-10577,12/03/2023,Amandine Faure,242,Résolu,5.0,27.16,Email,Relevé compteur,Oui,Non,Conforme,,Non
APP-10578,18/03/2023,Léa Girard,217,Résolu,3.0,9.23,Chat,Changement d'offre,Oui,Non,Non conforme,8.0,Non
APP-10579,24/12/2023,Léa Girard,178,Résolu,4.0,10.91,telephone,Réclamation,Non,Oui,Non conforme,,Non
APP-10580,03/08/2023,Léa Girard,149,Non résolu,5.0,29.0,Téléphone,Déménagement,Oui,Non,Conforme,,Non
APP-10581,19/11/2023,Yanis Belkacem,214,Résolu,4.0,33.51,Téléphone,Litige paiement,Oui,Non,Conforme,,Non
APP-10582,05/06/2023,Karim Boudiaf,188,Résolu,5.0,14.2,Téléphone,Souscription contrat,Oui,Non,Conforme,7.0,Non
APP-10583,26/09/2023,Karim Boudiaf,291,Résolu,4.0,11.87,Email,Souscription contrat,,Oui,Conforme,,Non
APP-10584,16/04/2023,Sophie Nguyen,365,Non résolu,5.0,9.17,Chat,Réclamation,Oui,Non,Conforme,8.0,Oui
APP-10585,15/03/2023,Nicolas Roux,323,Non résolu,4.0,42.64,Email,Changement d'offre,Oui,Oui,Conforme,,Non
APP-10586,27/06/2023,Fatima Zahra,245,Non résolu,4.0,34.24,Chat,Relevé compteur,Oui,Non,Conforme,,Non
APP-10587,23/01/2023,Julien Marchand,181,Non résolu,5.0,40.23,Téléphone,Résiliation,Non,Non,Conforme,6.0,Non
APP-10588,23/02/2023,Amandine Faure,320,Résolu,3.0,20.56,Email,Facturation,Oui,Non,Conforme,9.0,Non
APP-10589,10/04/2023,Léa Girard,297,Non résolu,3.0,38.15,Email,Changement d'offre,Oui,Oui,Conforme,,Non
APP-10590,30/08/2023,Fatima Zahra,358,Résolu,2.0,24.74,Chat,Relevé compteur,Oui,Non,Conforme,8.0,Non
APP-10591,02/04/2023,Julien Marchand,257,Résolu,4.0,31.81,Chat,Panne compteur,Oui,Non,Conforme,0.0,Non
APP-10592,14/04/2023,Julien Marchand,396,Résolu,4.0,11.02,TEL,Résiliation,Oui,Oui,,5.0,Non
APP-10593,07/12/2023,Sophie Nguyen,257,Résolu,5.0,10.23,telephone,Déménagement,Oui,Non,,6.0,Non
APP-10594,02/07/2023,Thomas Petit,181,Résolu,4.0,40.26,Téléphone,Réclamation,Oui,Non,Conforme,7.0,Non
APP-10595,03/11/2023,Nicolas Roux,196,Résolu,,16.11,telephone,Réclamation,Non,Non,,,Non
APP-10596,22/12/2023,Sophie Nguyen,287,Non résolu,4.0,32.37,Email,Panne compteur,Oui,Non,Conforme,9.0,Non
APP-10597,30/04/2023,Amandine Faure,188,Résolu,5.0,26.43,TEL,Résiliation,Oui,Non,Conforme,3.0,Non
APP-10598,01/06/2023,Julien Marchand,395,Résolu,,16.45,Email,Demande d'information,Oui,Non,Non conforme,2.0,Non
APP-10599,01/08/2023,Fatima Zahra,279,Non résolu,4.0,44.86,Téléphone,Résiliation,Oui,Non,Conforme,,Non
APP-10600,04/04/2023,Nicolas Roux,243,Résolu,,15.38,telephone,Résiliation,Oui,Non,Conforme,,Non
APP-10601,17/09/2023,Karim Boudiaf,250,Résolu,3.0,33.17,Chat,Résiliation,Oui,Non,,7.0,Non
APP-10602,04/09/2023,Karim Boudiaf,216,Résolu,4.0,40.13,Chat,Relevé compteur,Oui,Non,Non conforme,0.0,Non
APP-10603,12/02/2023,Fatima Zahra,89,Non résolu,3.0,34.91,Email,Réclamation,Oui,Non,Conforme,6.0,Non
APP-10604,21/03/2023,Julien Marchand,-196,Non résolu,4.0,20.8,Email,Relevé compteur,,Non,Conforme,,Non
APP-10605,29/07/2023,Marie Lefevre,381,Non résolu,3.0,21.73,TEL,Demande d'information,Oui,Non,Conforme,,Non
APP-10606,06/08/2023,Julien Marchand,260,Non résolu,5.0,24.23,telephone,Réclamation,Oui,Non,Conforme,8.0,Non
APP-10607,06/12/2023,Sophie Nguyen,334,Résolu,,34.83,Chat,Panne compteur,Oui,Non,Conforme,,Non
APP-10608,04/06/2023,Amandine Faure,337,Résolu,4.0,41.33,Téléphone,Panne compteur,Oui,Non,Conforme,6.0,Non
APP-10609,23/07/2023,Fatima Zahra,-236,Résolu,2.0,23.6,Email,Litige paiement,Oui,Non,Conforme,7.0,Non
APP-10610,10/03/2023,Julien Marchand,298,Résolu,5.0,41.76,telephone,Facturation,Oui,Non,Conforme,,Non
APP-10611,14/08/2023,Yanis Belkacem,98,Résolu,2.0,15.79,Téléphone,Demande d'information,Oui,Non,Conforme,,Oui
APP-10612,17/05/2023,Marie Lefevre,372,Résolu,3.0,35.13,Email,Déménagement,Oui,Non,Conforme,10.0,Non
APP-10613,06/11/2023,Léa Girard,364,Résolu,4.0,12.87,TEL,Relevé compteur,Oui,Oui,Conforme,8.0,Non
APP-10614,22/08/2023,Léa Girard,284,Résolu,5.0,14.65,TEL,Résiliation,Oui,Non,Conforme,10.0,Non
APP-10615,07/04/2023,Marie Lefevre,263,Non résolu,1.0,16.79,Téléphone,Demande d'information,Oui,Non,Conforme,,Non
APP-10616,28/06/2023,Léa Girard,237,Résolu,5.0,17.15,Téléphone,Relevé compteur,Oui,Non,Conforme,10.0,Non
APP-10617,16/09/2023,Marie Lefevre,345,Résolu,5.0,40.22,Email,Souscription contrat,Non,Non,Conforme,10.0,Non
APP-10618,29/03/2023,Karim Boudiaf,309,Résolu,,21.29,Email,Réclamation,Oui,Non,Conforme,,Non
APP-10619,11/03/2023,Amandine Faure,-16,Non résolu,4.0,29.94,Chat,Déménagement,Oui,Non,Non conforme,,Non
APP-10620,01/12/2023,Amandine Faure,207,Résolu,3.0,43.87,Téléphone,Panne compteur,Oui,Non,Conforme,,Non
APP-10621,07/03/2023,Thomas Petit,139,Résolu,2.0,17.55,Email,Relevé compteur,Oui,Non,Conforme,,Non
APP-10622,05/11/2023,Yanis Belkacem,123,Résolu,4.0,36.62,TEL,Résiliation,Oui,Non,Conforme,6.0,Non
APP-10623,26/12/2023,Marie Lefevre,344,,3.0,12.84,Chat,Changement d'offre,Oui,Non,Conforme,,Non
APP-10624,20/06/2023,Sophie Nguyen,235,Non résolu,5.0,16.73,Téléphone,Souscription contrat,Non,Non,Conforme,,Non
APP-10625,23/03/2023,Marie Lefevre,282,Résolu,,10.72,Email,Panne compteur,Oui,Non,Conforme,7.0,Non
APP-10626,21/07/2023,Karim Boudiaf,246,Résolu,5.0,20.47,TEL,Changement d'offre,Oui,Non,Conforme,10.0,Non
APP-10627,18/04/2023,Julien Marchand,124,Résolu,4.0,38.67,Téléphone,Souscription contrat,Oui,Non,Conforme,7.0,Non
APP-10628,02/07/2023,Nicolas Roux,99,,5.0,30.83,telephone,Relevé compteur,Oui,Oui,Conforme,8.0,Non
APP-10629,30/03/2023,Léa Girard,201,Résolu,2.0,34.15,Email,Réclamation,Oui,Non,Conforme,6.0,Non
APP-10630,25/11/2023,Amandine Faure,208,,4.0,9.36,Téléphone,Déménagement,Oui,Non,Conforme,9.0,Non
APP-10631,20/02/2023,Thomas Petit,208,Non résolu,3.0,35.25,Téléphone,Relevé compteur,Oui,Non,Non conforme,10.0,Non
APP-10632,27/10/2023,Amandine Faure,211,Résolu,5.0,39.23,Téléphone,Souscription contrat,Non,Non,Conforme,9.0,Non
APP-10633,21/01/2023,Sophie Nguyen,426,Résolu,3.0,37.81,Téléphone,Panne compteur,Oui,Non,Conforme,9.0,Non
APP-10634,01/01/2023,Julien Marchand,332,Résolu,5.0,15.62,Email,Souscription contrat,Oui,Non,Conforme,,Non
APP-10635,03/10/2023,Amandine Faure,261,Non résolu,3.0,12.14,TEL,Résiliation,Non,Non,Conforme,8.0,Non
APP-10636,15/11/2023,Léa Girard,233,Résolu,,27.65,Téléphone,Réclamation,Oui,Non,Conforme,7.0,Non
APP-10637,18/05/2023,Julien Marchand,236,Résolu,4.0,42.65,telephone,Demande d'information,,Non,Conforme,,Non
APP-10638,05/03/2023,Amandine Faure,305,Résolu,5.0,19.7,TEL,Réclamation,Oui,Non,Conforme,5.0,Non
APP-10639,24/04/2023,Léa Girard,232,Résolu,4.0,26.77,Chat,Changement d'offre,Oui,Non,Conforme,8.0,Non
APP-10640,20/02/2023,Marie Lefevre,322,Résolu,4.0,24.83,Chat,Litige paiement,Oui,Non,Conforme,6.0,Oui
APP-10641,20/09/2023,Sophie Nguyen,271,Résolu,4.0,27.08,TEL,Résiliation,Oui,Non,Conforme,9.0,Non
APP-10642,28/08/2023,Amandine Faure,427,Résolu,5.0,13.17,telephone,Réclamation,Oui,Oui,Conforme,,Non
APP-10643,21/11/2023,Karim Boudiaf,227,Résolu,5.0,9.11,TEL,Litige paiement,Non,Non,Conforme,,Non
APP-10644,11/03/2023,Nicolas Roux,339,Résolu,4.0,15.47,Téléphone,Déménagement,Oui,Non,Conforme,9.0,Non
APP-10645,26/06/2023,Julien Marchand,146,Non résolu,,32.92,Chat,Facturation,Oui,Non,Conforme,,Non
APP-10646,26/04/2023,Sophie Nguyen,183,Résolu,,40.12,Email,Souscription contrat,Oui,Oui,Non conforme,8.0,Non
APP-10647,02/03/2023,Fatima Zahra,412,Résolu,5.0,14.55,telephone,Réclamation,Non,Non,Conforme,,Non
APP-10648,13/11/2023,Nicolas Roux,318,Résolu,4.0,42.95,TEL,Souscription contrat,Oui,Oui,Conforme,7.0,Non
APP-10649,20/03/2023,Léa Girard,284,Résolu,5.0,33.28,Email,Demande d'information,Oui,Non,Conforme,,Non
APP-10650,13/08/2023,Nicolas Roux,456,Résolu,4.0,40.15,telephone,Panne compteur,Oui,Oui,Conforme,,Non
APP-10651,24/03/2023,Julien Marchand,234,,2.0,29.11,Email,Souscription contrat,Oui,Non,Non conforme,10.0,Non
APP-10652,19/07/2023,Sophie Nguyen,339,Résolu,3.0,15.98,telephone,Facturation,Oui,Non,,,Non
APP-10653,29/05/2023,Fatima Zahra,346,Résolu,3.0,32.38,telephone,Réclamation,Oui,Non,,8.0,Non
APP-10654,12/04/2023,Nicolas Roux,387,Non résolu,4.0,11.94,Chat,Souscription contrat,Oui,Oui,Conforme,,Non
APP-10655,07/08/2023,Marie Lefevre,136,Résolu,4.0,32.34,telephone,Résiliation,Oui,Non,Conforme,,Non
APP-10656,18/05/2023,Thomas Petit,234,Résolu,4.0,40.22,Téléphone,Facturation,Oui,Non,Conforme,10.0,Non
APP-10657,21/02/2023,Léa Girard,269,Résolu,4.0,36.95,Téléphone,Litige paiement,Oui,Oui,Conforme,,Non
APP-10658,29/10/2023,Amandine Faure,385,Résolu,5.0,40.51,Téléphone,Souscription contrat,Oui,Non,Conforme,,Non
APP-10659,08/04/2023,Julien Marchand,280,Résolu,5.0,22.95,Email,Résiliation,Oui,Non,Conforme,9.0,Non
APP-10660,14/10/2023,Thomas Petit,347,Non résolu,,37.89,Email,Litige paiement,Non,Non,Conforme,,Non
APP-10661,08/03/2023,Fatima Zahra,129,Non résolu,5.0,36.2,Email,Changement d'offre,Oui,Non,,7.0,Non
APP-10662,16/07/2023,Amandine Faure,213,Résolu,3.0,38.26,telephone,Déménagement,Oui,Non,Non conforme,9.0,Non
APP-10663,26/09/2023,Fatima Zahra,363,Non résolu,5.0,12.45,Téléphone,Litige paiement,Oui,Oui,Conforme,,Non
APP-10664,19/05/2023,Marie Lefevre,224,Non résolu,4.0,,TEL,Déménagement,,Non,,,Non
APP-10665,10/03/2023,Léa Girard,241,,5.0,,TEL,Résiliation,Oui,Non,Conforme,0.0,Non
APP-10666,26/10/2023,Karim Boudiaf,141,Non résolu,3.0,22.66,Chat,Litige paiement,Oui,Non,Conforme,7.0,Non
APP-10667,22/07/2023,Sophie Nguyen,110,Résolu,3.0,33.73,Email,Souscription contrat,Oui,Non,Conforme,,Non
APP-10668,03/04/2023,Fatima Zahra,150,Résolu,4.0,16.79,Téléphone,Souscription contrat,Oui,Non,Non conforme,,Non
APP-10669,27/09/2023,Sophie Nguyen,46,Résolu,4.0,,Téléphone,Facturation,Oui,Non,Conforme,,Non
APP-10670,05/01/2023,Karim Boudiaf,123,Non résolu,2.0,10.71,Chat,Changement d'offre,Oui,Non,Conforme,8.0,Non
APP-10671,17/05/2023,Amandine Faure,185,Résolu,4.0,30.33,Email,Souscription contrat,Oui,Non,Conforme,9.0,Non
APP-10672,27/05/2023,Julien Marchand,338,Résolu,5.0,25.15,Email,Souscription contrat,,Non,,8.0,Non
APP-10673,20/06/2023,Karim Boudiaf,378,Résolu,1.0,22.05,Email,Litige paiement,Oui,Non,Conforme,,Non
APP-10674,16/11/2023,Fatima Zahra,245,Non résolu,5.0,25.73,Téléphone,Facturation,Non,Non,Conforme,6.0,Non
APP-10675,17/08/2023,Nicolas Roux,341,Résolu,5.0,8.95,TEL,Souscription contrat,Oui,Non,Conforme,9.0,Non
APP-10676,31/07/2023,Yanis Belkacem,135,Non résolu,5.0,22.76,Email,Litige paiement,Oui,Non,Conforme,,Non
APP-10677,25/10/2023,Léa Girard,102,Non résolu,3.0,29.47,TEL,Facturation,Oui,Non,Conforme,10.0,Non
APP-10678,26/02/2023,Marie Lefevre,449,Non résolu,5.0,36.3,Email,Souscription contrat,Oui,Non,,9.0,Non
APP-10679,25/04/2023,Marie Lefevre,305,Résolu,3.0,38.08,Email,Demande d'information,Oui,Oui,Conforme,10.0,Non
APP-10680,22/03/2023,Marie Lefevre,217,Résolu,1.0,42.3,Email,Souscription contrat,Oui,Non,Conforme,10.0,Non
APP-10681,29/08/2023,Léa Girard,275,Résolu,1.0,10.23,Téléphone,Facturation,Oui,Non,Conforme,9.0,Non
APP-10682,21/08/2023,Amandine Faure,222,Résolu,4.0,11.75,telephone,Réclamation,,Non,,6.0,Non
APP-10683,13/11/2023,Marie Lefevre,289,Non résolu,5.0,25.98,Email,Changement d'offre,Oui,Non,Non conforme,7.0,Non
APP-10684,28/11/2023,Léa Girard,161,Résolu,5.0,19.37,Téléphone,Résiliation,Oui,Non,Conforme,,Non
APP-10685,08/06/2023,Julien Marchand,151,Résolu,4.0,37.71,Chat,Facturation,Oui,Non,Conforme,8.0,Non
APP-10686,05/01/2023,Thomas Petit,67,Résolu,4.0,30.58,TEL,Souscription contrat,Oui,Oui,Conforme,,Non
APP-10687,18/03/2023,Marie Lefevre,275,Résolu,5.0,34.5,telephone,Changement d'offre,Oui,Non,,7.0,Non
APP-10688,15/12/2023,Sophie Nguyen,185,,4.0,12.51,Chat,Demande d'information,Oui,Oui,Conforme,,Non
APP-10689,21/01/2023,Léa Girard,97,Résolu,,14.7,Email,Panne compteur,Oui,Oui,Non conforme,10.0,Non
APP-10690,14/02/2023,Nicolas Roux,152,Non résolu,3.0,27.43,TEL,Demande d'information,Oui,Non,Conforme,8.0,Non
APP-10691,12/05/2023,Nicolas Roux,289,Résolu,5.0,34.23,TEL,Relevé compteur,Oui,Non,Conforme,9.0,Non
APP-10692,16/11/2023,Thomas Petit,254,Résolu,4.0,17.49,Téléphone,Déménagement,,Oui,Non conforme,,Non
APP-10693,21/03/2023,Karim Boudiaf,155,Résolu,2.0,43.63,Email,Panne compteur,Oui,Non,Conforme,,Non
APP-10694,03/04/2023,Karim Boudiaf,365,Non résolu,3.0,28.36,TEL,Demande d'information,,Non,Conforme,10.0,Non
APP-10695,20/01/2023,Amandine Faure,233,Résolu,4.0,9.61,Chat,Relevé compteur,Oui,Non,Non conforme,,Non
APP-10696,19/04/2023,Marie Lefevre,282,Résolu,5.0,30.26,Téléphone,Réclamation,Oui,Non,Conforme,,Non
APP-10697,09/12/2023,Fatima Zahra,252,Non résolu,4.0,38.31,TEL,Souscription contrat,Oui,Non,Conforme,10.0,Non
APP-10698,23/12/2023,Léa Girard,214,Résolu,1.0,15.85,Chat,Résiliation,Oui,Non,Conforme,8.0,Non
APP-10699,12/06/2023,Marie Lefevre,276,Résolu,,30.61,Email,Réclamation,Oui,Oui,Conforme,,Non
APP-10700,19/08/2023,Yanis Belkacem,343,,4.0,41.3,telephone,Déménagement,Oui,Non,,,Non
APP-10701,08/01/2023,Thomas Petit,212,Non résolu,4.0,21.08,Email,Changement d'offre,Oui,Non,Non conforme,9.0,Non
APP-10702,21/06/2023,Karim Boudiaf,307,Résolu,5.0,18.17,Email,Relevé compteur,Oui,Non,Conforme,,Non
APP-10703,20/02/2023,Karim Boudiaf,176,Résolu,5.0,38.44,Email,Déménagement,Non,Oui,Conforme,,Non
APP-10704,29/05/2023,Léa Girard,403,Résolu,2.0,11.53,Téléphone,Demande d'information,Non,Non,Conforme,,Non
APP-10705,22/07/2023,Marie Lefevre,165,Résolu,4.0,31.08,TEL,Relevé compteur,Oui,Oui,Non conforme,2.0,Oui
APP-10706,11/07/2023,Amandine Faure,440,Résolu,,14.22,telephone,Litige paiement,,Non,Conforme,,Non
APP-10707,23/10/2023,Léa Girard,128,,3.0,35.26,Chat,Souscription contrat,Oui,Oui,Non conforme,10.0,Non
APP-10708,20/07/2023,Fatima Zahra,208,Résolu,2.0,,Téléphone,Déménagement,Oui,Non,Conforme,,Non
APP-10709,13/01/2023,Sophie Nguyen,280,Non résolu,3.0,11.54,telephone,Réclamation,Oui,Non,Conforme,,Non
APP-10710,14/05/2023,Marie Lefevre,243,Résolu,5.0,30.46,Téléphone,Panne compteur,Oui,Non,Conforme,8.0,Non
APP-10711,17/02/2023,Karim Boudiaf,226,Non résolu,4.0,28.23,Téléphone,Relevé compteur,Oui,Non,Conforme,,Non
APP-10712,10/06/2023,Nicolas Roux,189,Résolu,3.0,30.0,Chat,Facturation,Oui,Non,Conforme,,Non
APP-10713,03/01/2023,Sophie Nguyen,116,Résolu,5.0,26.38,Chat,Litige paiement,Oui,Non,Conforme,,Non
APP-10714,12/03/2023,Julien Marchand,167,Résolu,4.0,23.84,Téléphone,Demande d'information,Oui,Non,Conforme,,Non
APP-10715,24/07/2023,Julien Marchand,387,Non résolu,5.0,34.55,Téléphone,Déménagement,Oui,Non,Conforme,7.0,Non
APP-10716,10/08/2023,Nicolas Roux,291,Non résolu,5.0,18.14,Email,Résiliation,Oui,Non,Conforme,4.0,Non
APP-10717,18/01/2023,Amandine Faure,386,Résolu,,10.94,Chat,Demande d'information,Oui,Oui,Non conforme,9.0,Non
APP-10718,06/05/2023,Karim Boudiaf,187,Résolu,4.0,,Téléphone,Demande d'information,Oui,Non,Conforme,7.0,Non
APP-10719,26/05/2023,Yanis Belkacem,148,Résolu,5.0,16.39,Téléphone,Déménagement,Non,Non,Conforme,8.0,Non
APP-10720,11/04/2023,Marie Lefevre,187,,4.0,27.21,telephone,Déménagement,Oui,Non,Conforme,8.0,Non
APP-10721,22/10/2023,Marie Lefevre,222,Non résolu,4.0,10.5,Chat,Facturation,Oui,Oui,Conforme,,Non
APP-10722,04/06/2023,Fatima Zahra,184,Résolu,5.0,27.98,Téléphone,Relevé compteur,Oui,Non,Conforme,,Non
APP-10723,11/07/2023,Yanis Belkacem,303,Non résolu,3.0,40.56,Email,Résiliation,Oui,Non,Non conforme,9.0,Non
APP-10724,03/01/2023,Marie Lefevre,281,Résolu,,20.0,TEL,Déménagement,Oui,Non,Conforme,,Non
APP-10725,03/03/2023,Sophie Nguyen,430,Résolu,5.0,20.32,Email,Panne compteur,Oui,Non,Conforme,10.0,Non
APP-10726,05/09/2023,Julien Marchand,302,Non résolu,4.0,35.03,telephone,Résiliation,Oui,Oui,Conforme,7.0,Non
APP-10727,28/08/2023,Léa Girard,415,Résolu,5.0,25.21,TEL,Réclamation,Oui,Non,Non conforme,5.0,Non
APP-10728,06/07/2023,Léa Girard,248,Résolu,5.0,43.43,TEL,Relevé compteur,Oui,Non,Non conforme,,Non
APP-10729,24/02/2023,Karim Boudiaf,178,Résolu,1.0,14.49,Email,Demande d'information,Oui,Non,Conforme,9.0,Non
APP-10730,15/09/2023,Léa Girard,150,Résolu,2.0,27.83,Email,Résiliation,Oui,Non,Conforme,10.0,Non
APP-10731,10/08/2023,Karim Boudiaf,296,,3.0,11.58,Téléphone,Déménagement,Oui,Oui,Conforme,7.0,Non
APP-10732,27/07/2023,Léa Girard,382,Non résolu,5.0,20.86,telephone,Résiliation,Oui,Non,Conforme,,Non
APP-10733,15/09/2023,Yanis Belkacem,212,Non résolu,3.0,32.6,Téléphone,Souscription contrat,Oui,Non,Conforme,0.0,Non
APP-10734,21/06/2023,Marie Lefevre,191,Résolu,5.0,13.64,Chat,Demande d'information,Non,Non,Conforme,8.0,Non
APP-10735,09/01/2023,Yanis Belkacem,113,Résolu,4.0,44.72,Téléphone,Panne compteur,Oui,Non,Conforme,,Non
APP-10736,12/05/2023,Nicolas Roux,246,Non résolu,4.0,39.16,Chat,Déménagement,Oui,Non,Conforme,,Non
APP-10737,30/07/2023,Julien Marchand,310,Résolu,3.0,27.28,Email,Demande d'information,Oui,Oui,Non conforme,9.0,Non
APP-10738,21/05/2023,Amandine Faure,172,,4.0,35.95,TEL,Demande d'information,Oui,Non,,8.0,Non
APP-10739,24/09/2023,Thomas Petit,260,Non résolu,5.0,12.73,TEL,Réclamation,Oui,Oui,Non conforme,6.0,Non
APP-10740,25/09/2023,Fatima Zahra,285,Résolu,4.0,34.22,Téléphone,Changement d'offre,Oui,Non,Conforme,3.0,Non
APP-10741,09/08/2023,Thomas Petit,5840,Résolu,4.0,9.34,Chat,Litige paiement,Oui,Oui,Conforme,,Non
APP-10742,27/10/2023,Karim Boudiaf,143,Non résolu,3.0,21.33,Email,Relevé compteur,Oui,Non,Non conforme,,Non
APP-10743,30/03/2023,Yanis Belkacem,159,Non résolu,3.0,11.24,TEL,Souscription contrat,Oui,Non,Conforme,8.0,Non
APP-10744,25/08/2023,Amandine Faure,247,Non résolu,2.0,19.3,TEL,Litige paiement,Non,Non,Conforme,9.0,Non
APP-10745,30/07/2023,Nicolas Roux,303,,4.0,22.69,Chat,Réclamation,Oui,Non,Conforme,,Non
APP-10746,31/05/2023,Marie Lefevre,434,Résolu,1.0,27.08,Chat,Changement d'offre,Oui,Oui,Conforme,,Non
APP-10747,01/11/2023,Karim Boudiaf,138,Résolu,,42.02,Chat,Litige paiement,Oui,Oui,Conforme,6.0,Non
APP-10748,11/09/2023,Sophie Nguyen,262,Non résolu,4.0,39.5,Téléphone,Changement d'offre,Oui,Non,Conforme,6.0,Non
APP-10749,24/09/2023,Karim Boudiaf,239,Résolu,4.0,15.71,Téléphone,Réclamation,Oui,Non,Non conforme,,Non
APP-10750,10/11/2023,Nicolas Roux,200,Résolu,5.0,40.49,telephone,Souscription contrat,Oui,Non,Conforme,10.0,Non
APP-10751,21/02/2023,Yanis Belkacem,344,Résolu,5.0,40.12,Email,Relevé compteur,Oui,Non,Conforme,9.0,Non
APP-10752,18/01/2023,Yanis Belkacem,291,Résolu,3.0,19.27,Email,Réclamation,Oui,Non,Conforme,,Non
APP-10753,28/12/2023,Amandine Faure,293,Résolu,4.0,10.99,TEL,Changement d'offre,Oui,Non,Conforme,,Non
APP-10754,21/07/2023,Karim Boudiaf,133,Résolu,4.0,33.71,Chat,Litige paiement,Oui,Non,Conforme,8.0,Non
APP-10755,28/06/2023,Yanis Belkacem,208,Résolu,5.0,20.81,Téléphone,Panne compteur,Oui,Non,Conforme,7.0,Non
APP-10756,02/05/2023,Karim Boudiaf,244,Non résolu,5.0,38.43,Téléphone,Facturation,Oui,Oui,Non conforme,4.0,Non
APP-10757,07/11/2023,Marie Lefevre,255,Résolu,4.0,12.9,Chat,Litige paiement,Oui,Non,Conforme,8.0,Non
APP-10758,24/03/2023,Léa Girard,461,Résolu,5.0,36.3,Téléphone,Résiliation,Oui,Oui,Conforme,,Non
APP-10759,06/02/2023,Thomas Petit,212,Non résolu,5.0,14.47,telephone,Déménagement,Oui,Non,Conforme,,Non
APP-10760,04/02/2023,Nicolas Roux,12,Résolu,2.0,13.42,TEL,Panne compteur,Oui,Non,Conforme,8.0,Non
APP-10761,29/05/2023,Fatima Zahra,245,Non résolu,3.0,21.6,Chat,Déménagement,Oui,Non,Conforme,8.0,Non
APP-10762,07/10/2023,Karim Boudiaf,285,,5.0,24.0,Email,Réclamation,Oui,Non,Conforme,7.0,Non
APP-10763,18/06/2023,Marie Lefevre,244,Non résolu,,19.54,Téléphone,Demande d'information,,Non,Conforme,,Oui
APP-10764,10/10/2023,Nicolas Roux,-19,Résolu,1.0,11.91,TEL,Relevé compteur,Oui,Non,Non conforme,7.0,Non
APP-10765,14/01/2023,Julien Marchand,266,Résolu,5.0,31.71,Téléphone,Relevé compteur,Oui,Non,Conforme,9.0,Non
APP-10766,13/08/2023,Karim Boudiaf,288,Résolu,3.0,32.06,Téléphone,Résiliation,Oui,Non,Conforme,,Non
APP-10767,02/10/2023,Yanis Belkacem,124,Non résolu,3.0,13.62,Téléphone,Souscription contrat,Oui,Non,Conforme,,Non
APP-10768,30/05/2023,Sophie Nguyen,178,Résolu,2.0,44.81,Chat,Résiliation,Oui,Non,Conforme,,Non
APP-10769,04/06/2023,Thomas Petit,234,Résolu,4.0,10.14,Chat,Litige paiement,Oui,Non,Conforme,,Non
APP-10770,10/02/2023,Julien Marchand,189,Résolu,4.0,12.49,Téléphone,Demande d'information,Oui,Non,Conforme,7.0,Non
APP-10771,21/08/2023,Karim Boudiaf,203,Résolu,5.0,19.22,Téléphone,Facturation,Oui,Non,Conforme,,Non
APP-10772,23/01/2023,Julien Marchand,267,Résolu,2.0,10.3,Chat,Demande d'information,Non,Non,Conforme,8.0,Non
APP-10773,15/05/2023,Yanis Belkacem,183,Non résolu,5.0,26.85,Téléphone,Panne compteur,Oui,Non,,8.0,Non
APP-10774,01/10/2023,Nicolas Roux,101,Non résolu,4.0,31.08,Email,Résiliation,Oui,Oui,Non conforme,,Non
APP-10775,08/05/2023,Amandine Faure,322,Résolu,4.0,27.5,TEL,Déménagement,Oui,Non,Conforme,,Non
APP-10776,16/08/2023,Nicolas Roux,146,Résolu,4.0,40.8,Chat,Résiliation,Oui,Non,Conforme,,Non
APP-10777,02/02/2023,Nicolas Roux,221,Résolu,,24.64,telephone,Souscription contrat,Non,Non,Conforme,,Non
APP-10778,17/09/2023,Nicolas Roux,194,Non résolu,2.0,23.32,TEL,Réclamation,Oui,Non,Non conforme,10.0,Oui
APP-10779,01/05/2023,Thomas Petit,134,Résolu,2.0,38.62,Chat,Demande d'information,Oui,Non,Conforme,9.0,Non
APP-10780,13/01/2023,Thomas Petit,319,,,8.41,TEL,Déménagement,Oui,Non,Conforme,6.0,Non
APP-10781,24/02/2023,Yanis Belkacem,308,Non résolu,5.0,23.4,TEL,Résiliation,Oui,Non,Conforme,6.0,Non
APP-10782,29/11/2023,Karim Boudiaf,204,,5.0,17.61,Chat,Relevé compteur,Oui,Oui,Non conforme,,Non
APP-10783,04/12/2023,Amandine Faure,238,Résolu,5.0,36.13,TEL,Résiliation,Oui,Non,Conforme,8.0,Non
APP-10784,21/12/2023,Julien Marchand,249,Résolu,2.0,15.96,Téléphone,Demande d'information,Oui,Non,Conforme,9.0,Non
APP-10785,06/03/2023,Amandine Faure,139,Résolu,5.0,8.45,TEL,Demande d'information,Oui,Oui,Conforme,,Non
APP-10786,20/11/2023,Julien Marchand,150,Résolu,3.0,28.27,Chat,Changement d'offre,Oui,Oui,Conforme,9.0,Non
APP-10787,07/02/2023,Sophie Nguyen,237,Résolu,4.0,24.81,Chat,Résiliation,Oui,Oui,Non conforme,,Non
APP-10788,12/11/2023,Karim Boudiaf,132,Non résolu,4.0,20.01,Email,Changement d'offre,Oui,Non,Conforme,,Non
APP-10789,29/10/2023,Amandine Faure,236,Résolu,4.0,35.28,Email,Demande d'information,Oui,Non,Conforme,,Non
APP-10790,02/06/2023,Nicolas Roux,32,Non résolu,5.0,22.6,Email,Réclamation,Oui,Non,Conforme,6.0,Non
APP-10791,18/04/2023,Léa Girard,199,Résolu,2.0,25.0,Téléphone,Réclamation,Oui,Non,Non conforme,8.0,Non
APP-10792,07/11/2023,Karim Boudiaf,265,Résolu,3.0,43.35,telephone,Facturation,Oui,Oui,Non conforme,10.0,Non
APP-10793,08/09/2023,Marie Lefevre,258,Non résolu,4.0,37.12,telephone,Changement d'offre,Oui,Oui,Conforme,,Non
APP-10794,10/08/2023,Nicolas Roux,342,,5.0,24.19,TEL,Panne compteur,Oui,Non,Conforme,6.0,Non
APP-10795,21/08/2023,Amandine Faure,139,Résolu,,17.42,Téléphone,Litige paiement,Oui,Non,Conforme,,Non
APP-10796,21/11/2023,Marie Lefevre,232,Non résolu,3.0,31.58,Email,Souscription contrat,Oui,Non,Conforme,6.0,Non
APP-10797,15/02/2023,Amandine Faure,322,Résolu,2.0,32.4,telephone,Souscription contrat,Oui,Non,Conforme,,Non
APP-10798,28/06/2023,Nicolas Roux,264,Non résolu,5.0,30.72,Email,Changement d'offre,Oui,Non,Conforme,10.0,Non
APP-10799,27/02/2023,Fatima Zahra,311,Résolu,4.0,10.47,TEL,Panne compteur,Oui,Non,Conforme,,Non
APP-10800,08/09/2023,Yanis Belkacem,132,Résolu,4.0,35.29,Email,Facturation,Oui,Non,Conforme,9.0,Non
APP-10801,06/08/2023,Léa Girard,245,Résolu,3.0,26.95,Téléphone,Réclamation,Oui,Non,Non conforme,10.0,Non
APP-10802,26/02/2023,Yanis Belkacem,219,Résolu,,,Email,Panne compteur,Oui,Non,Conforme,,Non
APP-10803,26/01/2023,Amandine Faure,248,,5.0,11.14,telephone,Réclamation,Oui,Non,Conforme,7.0,Non
APP-10804,07/01/2023,Marie Lefevre,207,Résolu,4.0,10.64,Téléphone,Souscription contrat,Oui,Oui,Conforme,,Non
APP-10805,05/03/2023,Léa Girard,256,Non résolu,4.0,8.45,Téléphone,Litige paiement,Oui,Non,Conforme,0.0,Non
APP-10806,06/11/2023,Sophie Nguyen,118,Résolu,5.0,20.94,TEL,Relevé compteur,Oui,Oui,Conforme,7.0,Non
APP-10807,02/12/2023,Yanis Belkacem,152,Résolu,,36.66,Email,Réclamation,Non,Non,Conforme,0.0,Non
APP-10808,21/07/2023,Thomas Petit,145,Résolu,5.0,,telephone,Changement d'offre,Oui,Non,Conforme,8.0,Non
APP-10809,12/02/2023,Karim Boudiaf,288,Non résolu,5.0,14.44,Email,Déménagement,Oui,Non,Non conforme,,Oui
APP-10810,10/09/2023,Fatima Zahra,265,Non résolu,1.0,36.28,Chat,Relevé compteur,Non,Non,Conforme,,Non
APP-10811,13/09/2023,Thomas Petit,176,Résolu,4.0,17.81,Téléphone,Panne compteur,Oui,Oui,Conforme,0.0,Non
APP-10812,04/03/2023,Sophie Nguyen,294,Résolu,,22.13,Chat,Changement d'offre,Oui,Non,Conforme,0.0,Non
APP-10813,31/05/2023,Fatima Zahra,358,Résolu,5.0,15.61,Chat,Résiliation,Oui,Non,Conforme,,Non
APP-10814,18/04/2023,Thomas Petit,265,Non résolu,3.0,36.66,Email,Facturation,Oui,Non,Conforme,,Oui
APP-10815,26/12/2023,Julien Marchand,156,Résolu,2.0,31.82,Chat,Souscription contrat,Oui,Non,Non conforme,8.0,Oui
APP-10816,09/04/2023,Fatima Zahra,187,Résolu,5.0,43.83,Email,Réclamation,Oui,Non,Conforme,,Non
APP-10817,21/04/2023,Fatima Zahra,243,Résolu,4.0,37.55,Email,Demande d'information,Oui,Non,Conforme,,Non
APP-10818,12/11/2023,Nicolas Roux,7420,Résolu,3.0,35.68,Chat,Souscription contrat,Oui,Non,Conforme,4.0,Non
APP-10819,12/03/2023,Amandine Faure,401,Résolu,4.0,38.04,telephone,Litige paiement,Oui,Non,Conforme,8.0,Non
APP-10820,12/06/2023,Amandine Faure,163,Résolu,3.0,20.52,TEL,Souscription contrat,Oui,Non,Conforme,,Non
APP-10821,13/10/2023,Léa Girard,272,Non résolu,5.0,42.34,TEL,Relevé compteur,Oui,Non,,,Non
APP-10822,02/04/2023,Marie Lefevre,186,Résolu,5.0,23.99,TEL,Réclamation,Oui,Oui,Conforme,,Non
APP-10823,23/07/2023,Marie Lefevre,124,Résolu,2.0,24.26,Téléphone,Changement d'offre,,Non,Conforme,10.0,Non
APP-10824,07/10/2023,Karim Boudiaf,292,Non résolu,3.0,16.91,telephone,Panne compteur,Oui,Non,Conforme,,Oui
APP-10825,19/02/2023,Amandine Faure,253,Résolu,5.0,12.5,TEL,Souscription contrat,Non,Non,,10.0,Non
APP-10826,26/07/2023,Léa Girard,258,Résolu,5.0,31.9,TEL,Panne compteur,Oui,Oui,Conforme,,Non
APP-10827,22/11/2023,Marie Lefevre,225,Résolu,4.0,18.58,Téléphone,Déménagement,Non,Oui,Non conforme,7.0,Non
APP-10828,12/06/2023,Yanis Belkacem,267,Résolu,1.0,39.32,Email,Panne compteur,Non,Non,Conforme,,Non
APP-10829,08/04/2023,Sophie Nguyen,263,Résolu,4.0,42.0,Email,Résiliation,Oui,Non,Conforme,,Non
APP-10830,14/08/2023,Fatima Zahra,315,Résolu,5.0,25.04,telephone,Facturation,Non,Non,Conforme,,Non
APP-10831,11/08/2023,Thomas Petit,166,Résolu,4.0,39.15,Chat,Réclamation,Oui,Non,Conforme,10.0,Non
APP-10832,01/03/2023,Amandine Faure,319,Résolu,5.0,32.28,Email,Déménagement,Non,Non,Conforme,8.0,Non
APP-10833,23/03/2023,Léa Girard,306,Non résolu,3.0,14.56,telephone,Changement d'offre,Oui,Non,Conforme,,Non
APP-10834,22/12/2023,Léa Girard,269,Résolu,5.0,42.68,Email,Relevé compteur,Oui,Non,Non conforme,,Non
APP-10835,17/09/2023,Karim Boudiaf,242,,4.0,,Chat,Souscription contrat,Non,Non,,,Non
APP-10836,18/10/2023,Sophie Nguyen,275,,,38.26,telephone,Demande d'information,Oui,Non,Conforme,6.0,Non
APP-10837,04/06/2023,Fatima Zahra,181,Résolu,2.0,15.9,Chat,Demande d'information,Oui,Non,Conforme,10.0,Non
APP-10838,19/04/2023,Nicolas Roux,351,Non résolu,5.0,35.11,telephone,Demande d'information,Oui,Oui,Conforme,,Non
APP-10839,06/08/2023,Yanis Belkacem,241,Résolu,5.0,28.06,telephone,Déménagement,Oui,Non,Conforme,10.0,Oui
APP-10840,03/11/2023,Léa Girard,261,Résolu,3.0,19.01,Email,Panne compteur,Oui,Non,Conforme,8.0,Non
APP-10841,04/09/2023,Marie Lefevre,474,Résolu,4.0,28.91,Téléphone,Changement d'offre,Oui,Non,Conforme,,Non
APP-10842,07/01/2023,Sophie Nguyen,307,Résolu,4.0,31.54,Email,Relevé compteur,Oui,Non,Conforme,,Non
APP-10843,19/08/2023,Amandine Faure,274,Résolu,4.0,36.16,telephone,Relevé compteur,Oui,Non,Conforme,6.0,Non
APP-10844,29/12/2023,Yanis Belkacem,227,Résolu,,8.35,Email,Réclamation,Oui,Non,Conforme,3.0,Non
APP-10845,09/07/2023,Fatima Zahra,129,Non résolu,1.0,17.13,TEL,Demande d'information,Oui,Non,Conforme,2.0,Non
APP-10846,19/01/2023,Amandine Faure,221,Résolu,2.0,37.6,Email,Relevé compteur,Non,Non,Conforme,,Non
APP-10847,26/09/2023,Yanis Belkacem,163,Résolu,3.0,15.55,Téléphone,Relevé compteur,Oui,Non,Conforme,,Non
APP-10848,25/07/2023,Marie Lefevre,390,Non résolu,5.0,30.79,Email,Panne compteur,Oui,Non,,,Non
APP-10849,05/05/2023,Marie Lefevre,275,Non résolu,4.0,14.96,telephone,Réclamation,Oui,Oui,Conforme,7.0,Non
APP-10850,03/01/2023,Léa Girard,347,Résolu,4.0,28.51,TEL,Panne compteur,Oui,Oui,Conforme,4.0,Non
APP-10851,31/12/2023,Yanis Belkacem,185,Résolu,4.0,8.19,Chat,Facturation,Oui,Non,Non conforme,6.0,Non
APP-10852,13/09/2023,Julien Marchand,169,Résolu,4.0,43.45,Chat,Panne compteur,Oui,Non,Conforme,7.0,Non
APP-10853,09/07/2023,Fatima Zahra,298,Résolu,1.0,21.61,telephone,Déménagement,Oui,Non,,1.0,Non
APP-10854,12/10/2023,Nicolas Roux,160,Résolu,4.0,19.31,Téléphone,Panne compteur,Oui,Non,Conforme,8.0,Non
APP-10855,25/07/2023,Amandine Faure,200,Résolu,5.0,40.44,TEL,Panne compteur,Oui,Non,Conforme,,Non
APP-10856,30/09/2023,Léa Girard,395,Non résolu,4.0,40.79,telephone,Souscription contrat,Oui,Oui,Non conforme,,Non
APP-10857,16/12/2023,Karim Boudiaf,204,,4.0,29.94,Chat,Résiliation,Oui,Non,,,Non
APP-10858,12/01/2023,Thomas Petit,112,Résolu,5.0,33.74,Téléphone,Déménagement,Non,Non,Conforme,,Non
APP-10859,24/03/2023,Nicolas Roux,81,Résolu,,8.12,TEL,Souscription contrat,Oui,Non,Conforme,10.0,Non
APP-10860,05/11/2023,Nicolas Roux,102,,4.0,37.39,Chat,Demande d'information,Non,Non,Conforme,,Non
APP-10861,17/01/2023,Léa Girard,353,Non résolu,2.0,11.44,TEL,Litige paiement,Oui,Non,Conforme,10.0,Oui
APP-10862,04/09/2023,Marie Lefevre,190,Non résolu,5.0,31.77,Chat,Changement d'offre,Oui,Oui,Conforme,8.0,Non
APP-10863,27/02/2023,Sophie Nguyen,470,Résolu,3.0,10.4,TEL,Panne compteur,Oui,Non,Conforme,,Non
APP-10864,14/05/2023,Thomas Petit,378,Non résolu,5.0,28.74,Chat,Facturation,Oui,Oui,Conforme,7.0,Non
APP-10865,05/07/2023,Fatima Zahra,420,Résolu,4.0,30.33,TEL,Souscription contrat,Oui,Non,Conforme,8.0,Non
APP-10866,23/11/2023,Julien Marchand,332,Résolu,5.0,17.98,Chat,Litige paiement,Oui,Non,Conforme,8.0,Non
APP-10867,14/09/2023,Thomas Petit,293,Non résolu,5.0,38.53,Email,Souscription contrat,Oui,Non,Conforme,4.0,Non
APP-10868,16/04/2023,Julien Marchand,166,Non résolu,2.0,10.17,Email,Changement d'offre,Oui,Non,Conforme,,Non
APP-10869,26/09/2023,Julien Marchand,239,Résolu,5.0,20.37,Chat,Panne compteur,Oui,Non,Non conforme,10.0,Non
APP-10870,29/01/2023,Nicolas Roux,302,Résolu,5.0,37.18,telephone,Résiliation,Oui,Non,Conforme,,Non
APP-10871,16/02/2023,Julien Marchand,325,Non résolu,3.0,27.14,telephone,Résiliation,Oui,Non,Conforme,5.0,Non
APP-10872,27/01/2023,Thomas Petit,137,Résolu,4.0,20.14,Téléphone,Litige paiement,Oui,Non,Conforme,0.0,Non
APP-10873,27/02/2023,Nicolas Roux,222,Non résolu,5.0,24.06,Téléphone,Réclamation,Oui,Non,Conforme,7.0,Non
APP-10874,21/09/2023,Fatima Zahra,232,Non résolu,3.0,30.13,Chat,Litige paiement,Oui,Non,,,Non
APP-10875,13/06/2023,Amandine Faure,229,Résolu,4.0,35.22,Email,Demande d'information,Oui,Non,Conforme,,Non
APP-10876,20/04/2023,Fatima Zahra,147,Résolu,2.0,31.54,Chat,Résiliation,Oui,Non,Conforme,,Non
APP-10877,22/03/2023,Yanis Belkacem,406,Résolu,4.0,37.07,Email,Réclamation,Oui,Non,,,Non
APP-10878,06/06/2023,Thomas Petit,219,Résolu,4.0,39.07,Email,Facturation,Oui,Non,,8.0,Non
APP-10879,22/08/2023,Fatima Zahra,153,Résolu,5.0,22.2,TEL,Facturation,Oui,Non,Conforme,,Non
APP-10880,21/04/2023,Yanis Belkacem,409,Résolu,3.0,14.83,Email,Déménagement,Oui,Non,Conforme,,Non
APP-10881,28/12/2023,Nicolas Roux,378,Résolu,2.0,21.4,TEL,Réclamation,Oui,Non,Conforme,10.0,Non
APP-10882,07/02/2023,Thomas Petit,252,Non résolu,,19.05,Chat,Résiliation,Oui,Non,Conforme,10.0,Non
APP-10883,13/10/2023,Amandine Faure,80,Résolu,5.0,42.81,TEL,Demande d'information,Non,Non,Non conforme,7.0,Non
APP-10884,24/08/2023,Thomas Petit,198,Non résolu,3.0,40.29,Téléphone,Souscription contrat,Oui,Non,Conforme,10.0,Oui
APP-10885,28/09/2023,Marie Lefevre,96,Résolu,4.0,39.15,Chat,Demande d'information,Oui,Non,Conforme,,Non
APP-10886,17/10/2023,Karim Boudiaf,286,Résolu,5.0,24.95,Téléphone,Déménagement,Non,Non,,,Non
APP-10887,09/08/2023,Fatima Zahra,192,,3.0,25.87,telephone,Déménagement,Oui,Non,Conforme,,Non
APP-10888,11/01/2023,Léa Girard,237,Non résolu,1.0,24.16,Email,Souscription contrat,Oui,Non,Conforme,8.0,Non
APP-10889,07/12/2023,Julien Marchand,399,Résolu,,34.99,telephone,Résiliation,Oui,Non,Conforme,1.0,Non
APP-10890,21/01/2023,Sophie Nguyen,185,Résolu,4.0,30.58,telephone,Résiliation,Oui,Non,Conforme,,Non
APP-10891,01/07/2023,Marie Lefevre,282,Résolu,5.0,13.01,Email,Résiliation,Oui,Non,Conforme,7.0,Non
APP-10892,05/03/2023,Karim Boudiaf,308,Résolu,4.0,43.39,telephone,Panne compteur,Non,Non,Conforme,,Non
APP-10893,18/04/2023,Karim Boudiaf,350,Résolu,2.0,10.55,Téléphone,Relevé compteur,Oui,Non,Non conforme,8.0,Non
APP-10894,03/02/2023,Léa Girard,230,Résolu,5.0,17.68,Email,Changement d'offre,Oui,Non,Conforme,,Non
APP-10895,08/05/2023,Sophie Nguyen,221,Résolu,5.0,17.14,Téléphone,Déménagement,Oui,Non,Conforme,9.0,Non
APP-10896,22/03/2023,Léa Girard,219,,5.0,18.06,telephone,Demande d'information,Non,Oui,Conforme,10.0,Non
APP-10897,17/11/2023,Thomas Petit,273,Résolu,5.0,36.1,Email,Facturation,Oui,Oui,Conforme,10.0,Non
APP-10898,26/09/2023,Sophie Nguyen,374,Non résolu,2.0,10.42,Téléphone,Changement d'offre,Oui,Non,Non conforme,9.0,Non
APP-10899,23/11/2023,Marie Lefevre,215,Non résolu,3.0,26.04,TEL,Déménagement,Oui,Oui,Conforme,,Non
APP-10900,06/03/2023,Julien Marchand,21,Résolu,5.0,20.85,Email,Réclamation,Non,Oui,Conforme,7.0,Non
APP-10901,18/06/2023,Nicolas Roux,319,Résolu,,41.29,telephone,Demande d'information,Oui,Non,Conforme,,Non
APP-10902,17/07/2023,Marie Lefevre,246,Résolu,5.0,42.66,telephone,Souscription contrat,Oui,Oui,Conforme,,Non
APP-10903,23/10/2023,Léa Girard,286,Résolu,5.0,9.93,TEL,Litige paiement,Non,Non,Non conforme,8.0,Non
APP-10904,07/09/2023,Amandine Faure,99,Non résolu,5.0,35.04,TEL,Relevé compteur,Oui,Non,Conforme,7.0,Non
APP-10905,26/02/2023,Karim Boudiaf,192,Non résolu,4.0,44.31,Téléphone,Litige paiement,Oui,Non,Non conforme,10.0,Non
APP-10906,15/12/2023,Julien Marchand,311,Non résolu,4.0,15.33,Chat,Litige paiement,Oui,Non,Conforme,7.0,Non
APP-10907,29/09/2023,Sophie Nguyen,127,Résolu,5.0,28.92,telephone,Litige paiement,Non,Non,Non conforme,8.0,Non
APP-10908,25/07/2023,Fatima Zahra,281,Résolu,4.0,30.52,TEL,Facturation,Oui,Non,Conforme,7.0,Non
APP-10909,01/11/2023,Karim Boudiaf,236,Résolu,5.0,20.93,telephone,Relevé compteur,Oui,Non,Conforme,7.0,Non
APP-10910,06/02/2023,Julien Marchand,173,Non résolu,3.0,39.47,telephone,Résiliation,Oui,Non,Conforme,0.0,Non
APP-10911,09/06/2023,Amandine Faure,167,Résolu,5.0,28.77,Téléphone,Litige paiement,Oui,Non,Conforme,,Non
APP-10912,24/06/2023,Fatima Zahra,148,Non résolu,3.0,39.83,Email,Déménagement,Oui,Non,Non conforme,10.0,Non
APP-10913,25/09/2023,Karim Boudiaf,245,,,34.74,Email,Relevé compteur,Oui,Non,Non conforme,8.0,Non
APP-10914,22/05/2023,Fatima Zahra,255,Résolu,3.0,28.11,Téléphone,Panne compteur,Oui,Non,Conforme,7.0,Non
APP-10915,17/05/2023,Karim Boudiaf,206,Résolu,5.0,11.02,Chat,Litige paiement,Non,Non,Conforme,5.0,Non
APP-10916,26/11/2023,Karim Boudiaf,143,Non résolu,4.0,14.13,Chat,Relevé compteur,Oui,Non,Conforme,,Non
APP-10917,24/08/2023,Yanis Belkacem,-22,Résolu,5.0,42.99,Email,Facturation,Oui,Non,Conforme,8.0,Non
APP-10918,31/07/2023,Marie Lefevre,279,Résolu,5.0,25.1,telephone,Réclamation,Oui,Oui,Conforme,,Non
APP-10919,24/03/2023,Julien Marchand,321,Résolu,5.0,23.24,telephone,Changement d'offre,Non,Non,Conforme,,Non
APP-10920,27/04/2023,Thomas Petit,295,Non résolu,5.0,10.3,Email,Souscription contrat,Oui,Non,Non conforme,10.0,Non
APP-10921,13/08/2023,Thomas Petit,425,Résolu,2.0,26.96,Chat,Litige paiement,Oui,Non,Conforme,,Non
APP-10922,17/02/2023,Karim Boudiaf,223,Résolu,5.0,9.92,TEL,Litige paiement,Oui,Oui,Conforme,,Non
APP-10923,31/05/2023,Yanis Belkacem,363,,4.0,37.09,Chat,Souscription contrat,Oui,Non,Conforme,,Non
APP-10924,06/05/2023,Julien Marchand,181,Résolu,4.0,14.09,Chat,Changement d'offre,Oui,Non,Conforme,,Non
APP-10925,23/09/2023,Yanis Belkacem,168,Non résolu,4.0,20.22,TEL,Réclamation,Oui,Non,Non conforme,7.0,Non
APP-10926,09/02/2023,Sophie Nguyen,251,Non résolu,5.0,15.58,Téléphone,Litige paiement,Oui,Non,Conforme,,Non
APP-10927,28/06/2023,Amandine Faure,386,Résolu,5.0,40.48,Email,Changement d'offre,Oui,Oui,,1.0,Non
APP-10928,29/11/2023,Marie Lefevre,213,Non résolu,2.0,44.44,TEL,Déménagement,Oui,Non,Conforme,,Non
APP-10929,10/03/2023,Léa Girard,99,Résolu,5.0,36.56,Chat,Litige paiement,Non,Oui,Conforme,,Non
APP-10930,04/01/2023,Yanis Belkacem,319,Résolu,5.0,27.93,Téléphone,Litige paiement,Oui,Non,Conforme,,Non
APP-10931,02/04/2023,Sophie Nguyen,232,Non résolu,4.0,26.42,Email,Déménagement,Oui,Non,Non conforme,9.0,Non
APP-10932,25/06/2023,Sophie Nguyen,266,Non résolu,,38.42,telephone,Réclamation,Oui,Non,,,Non
APP-10933,18/02/2023,Amandine Faure,172,Résolu,5.0,22.08,Téléphone,Souscription contrat,Oui,Non,Conforme,8.0,Non
APP-10934,18/10/2023,Yanis Belkacem,250,Résolu,5.0,18.62,Chat,Résiliation,,Oui,Conforme,6.0,Non
APP-10935,01/04/2023,Nicolas Roux,110,Résolu,3.0,37.34,Téléphone,Déménagement,Oui,Non,,,Non
APP-10936,09/06/2023,Fatima Zahra,408,Résolu,3.0,37.52,telephone,Déménagement,Oui,Non,Conforme,9.0,Non
APP-10937,19/07/2023,Nicolas Roux,337,Résolu,3.0,22.65,Email,Résiliation,Oui,Oui,Conforme,,Non
APP-10938,04/12/2023,Yanis Belkacem,246,Résolu,4.0,13.84,Chat,Litige paiement,Oui,Non,Conforme,8.0,Non
APP-10939,12/04/2023,Fatima Zahra,316,Résolu,2.0,,Téléphone,Demande d'information,Oui,Non,Conforme,,Non
APP-10940,17/12/2023,Marie Lefevre,328,Non résolu,4.0,19.72,Chat,Litige paiement,Oui,Non,Conforme,1.0,Non
APP-10941,17/07/2023,Julien Marchand,299,Non résolu,5.0,39.72,Chat,Litige paiement,Oui,Non,Conforme,3.0,Non
APP-10942,23/08/2023,Sophie Nguyen,216,Résolu,3.0,44.39,Chat,Facturation,Oui,Non,Non conforme,6.0,Non
APP-10943,04/05/2023,Thomas Petit,283,Non résolu,4.0,13.21,Téléphone,Souscription contrat,Oui,Non,Conforme,,Non
APP-10944,20/10/2023,Fatima Zahra,190,Non résolu,4.0,41.08,Email,Relevé compteur,Oui,Non,Conforme,,Non
APP-10945,06/01/2023,Léa Girard,193,Résolu,5.0,32.21,Téléphone,Panne compteur,Oui,Non,Conforme,10.0,Non
APP-10946,12/05/2023,Léa Girard,222,Non résolu,4.0,30.77,Email,Résiliation,Non,Non,Conforme,6.0,Non
APP-10947,29/08/2023,Nicolas Roux,135,Non résolu,3.0,11.09,Téléphone,Résiliation,Oui,Non,Conforme,9.0,Non
APP-10948,06/12/2023,Amandine Faure,257,Résolu,4.0,26.69,telephone,Demande d'information,Non,Non,Conforme,10.0,Non
APP-10949,29/01/2023,Léa Girard,261,Résolu,3.0,43.78,TEL,Changement d'offre,Oui,Non,Non conforme,,Non
APP-10950,24/03/2023,Sophie Nguyen,263,Résolu,2.0,32.71,Téléphone,Déménagement,Oui,Non,Conforme,2.0,Non
APP-10951,17/12/2023,Julien Marchand,-4700,Résolu,4.0,31.48,telephone,Facturation,Oui,Oui,Conforme,,Non
APP-10952,27/11/2023,Léa Girard,132,Résolu,5.0,8.47,Chat,Réclamation,Oui,Non,Conforme,,Non
APP-10953,02/10/2023,Thomas Petit,217,Non résolu,,28.71,TEL,Souscription contrat,Oui,Oui,Non conforme,6.0,Non
APP-10954,30/12/2023,Amandine Faure,401,Résolu,5.0,40.94,Email,Relevé compteur,Non,Non,Conforme,,Non
APP-10955,22/06/2023,Thomas Petit,260,Résolu,3.0,10.94,Chat,Résiliation,Non,Non,Non conforme,9.0,Non
APP-10956,29/07/2023,Thomas Petit,167,Résolu,2.0,39.75,TEL,Déménagement,Oui,Non,Conforme,,Non
APP-10957,22/09/2023,Léa Girard,293,Résolu,4.0,38.31,TEL,Déménagement,Oui,Non,Conforme,,Non
APP-10958,12/06/2023,Nicolas Roux,402,Non résolu,4.0,19.63,Chat,Litige paiement,Oui,Non,Conforme,,Non
APP-10959,05/01/2023,Marie Lefevre,271,Non résolu,4.0,25.43,telephone,Réclamation,Oui,Non,Non conforme,,Non
APP-10960,01/09/2023,Thomas Petit,225,Résolu,5.0,21.24,telephone,Souscription contrat,Oui,Non,Conforme,6.0,Non
APP-10961,29/08/2023,Fatima Zahra,357,,5.0,26.29,Email,Panne compteur,Oui,Oui,Conforme,9.0,Non
APP-10962,11/01/2023,Yanis Belkacem,195,Non résolu,5.0,14.43,Téléphone,Changement d'offre,Non,Non,Non conforme,,Non
APP-10963,05/02/2023,Sophie Nguyen,329,Résolu,3.0,34.34,telephone,Demande d'information,Oui,Non,Non conforme,8.0,Non
APP-10964,11/09/2023,Marie Lefevre,189,,4.0,20.87,Chat,Réclamation,,Non,Conforme,8.0,Non
APP-10965,29/11/2023,Julien Marchand,203,,4.0,24.66,Email,Panne compteur,Oui,Oui,Non conforme,,Oui
APP-10966,21/10/2023,Marie Lefevre,308,Résolu,4.0,30.97,TEL,Relevé compteur,Oui,Non,Non conforme,,Non
APP-10967,25/06/2023,Sophie Nguyen,353,Résolu,4.0,21.04,Email,Panne compteur,Oui,Non,Non conforme,,Oui
APP-10968,07/03/2023,Karim Boudiaf,230,Résolu,5.0,44.23,Téléphone,Panne compteur,Oui,Oui,Non conforme,,Non
APP-10969,21/03/2023,Yanis Belkacem,350,Résolu,,31.46,Téléphone,Déménagement,Oui,Non,Conforme,,Non
APP-10970,16/02/2023,Karim Boudiaf,-273,Résolu,2.0,20.03,TEL,Litige paiement,Oui,Non,Conforme,10.0,Non
APP-10971,29/08/2023,Fatima Zahra,168,Non résolu,4.0,33.39,Téléphone,Souscription contrat,,Non,Non conforme,,Non
APP-10972,05/03/2023,Karim Boudiaf,203,Non résolu,3.0,38.97,Chat,Réclamation,Oui,Non,Conforme,9.0,Non
APP-10973,04/05/2023,Amandine Faure,-287,Résolu,4.0,18.33,Téléphone,Panne compteur,Oui,Non,Conforme,,Non
APP-10974,12/12/2023,Nicolas Roux,363,Résolu,5.0,26.97,TEL,Déménagement,Oui,Oui,Conforme,,Non
APP-10975,03/09/2023,Thomas Petit,331,Résolu,,19.3,Chat,Souscription contrat,Oui,Non,Conforme,10.0,Non
APP-10976,26/07/2023,Nicolas Roux,332,Résolu,5.0,42.72,Téléphone,Souscription contrat,Oui,Non,Non conforme,6.0,Non
APP-10977,11/08/2023,Sophie Nguyen,121,Résolu,1.0,40.23,TEL,Demande d'information,Oui,Non,Conforme,,Non
APP-10978,23/05/2023,Julien Marchand,305,Résolu,4.0,32.6,Email,Facturation,Oui,Oui,,,Non
APP-10979,14/03/2023,Julien Marchand,300,Résolu,4.0,17.63,telephone,Demande d'information,Oui,Non,Conforme,6.0,Non
APP-10980,25/05/2023,Thomas Petit,264,Non résolu,4.0,28.74,Téléphone,Facturation,Oui,Non,Conforme,8.0,Non
APP-10981,10/06/2023,Nicolas Roux,298,Résolu,4.0,12.11,telephone,Demande d'information,Oui,Non,Non conforme,,Non
APP-10982,08/05/2023,Nicolas Roux,86,Résolu,,39.99,telephone,Déménagement,Oui,Non,Conforme,,Non
APP-10983,17/05/2023,Karim Boudiaf,35,Non résolu,4.0,28.23,Téléphone,Changement d'offre,Oui,Non,Conforme,,Non
APP-10984,16/03/2023,Fatima Zahra,262,Résolu,,12.1,telephone,Déménagement,Oui,Non,Conforme,,Non
APP-10985,16/09/2023,Fatima Zahra,234,Non résolu,5.0,23.63,telephone,Souscription contrat,Oui,Oui,Conforme,9.0,Non
APP-10986,17/03/2023,Nicolas Roux,220,Résolu,5.0,39.76,TEL,Changement d'offre,Oui,Non,Conforme,7.0,Non
APP-10987,09/01/2023,Karim Boudiaf,277,Résolu,3.0,18.81,Email,Litige paiement,Oui,Non,Conforme,7.0,Non
APP-10988,18/01/2023,Fatima Zahra,257,Résolu,4.0,37.78,telephone,Changement d'offre,Oui,Oui,Conforme,10.0,Non
APP-10989,01/05/2023,Karim Boudiaf,268,Résolu,4.0,8.67,Email,Relevé compteur,Oui,Non,Conforme,9.0,Non
APP-10990,15/02/2023,Julien Marchand,319,Non résolu,4.0,18.42,Chat,Facturation,Oui,Non,Conforme,3.0,Non
APP-10991,30/04/2023,Sophie Nguyen,192,Résolu,4.0,40.29,Email,Facturation,Oui,Non,Conforme,,Non
APP-10992,04/02/2023,Marie Lefevre,270,Résolu,4.0,28.01,Téléphone,Déménagement,Non,Non,Non conforme,9.0,Non
APP-10993,04/01/2023,Yanis Belkacem,181,Résolu,3.0,11.57,Chat,Réclamation,Oui,Non,Conforme,6.0,Non
APP-10994,15/01/2023,Nicolas Roux,70,Résolu,4.0,30.14,Téléphone,Relevé compteur,Oui,Non,Non conforme,7.0,Non
APP-10995,02/06/2023,Julien Marchand,213,Résolu,2.0,19.0,Chat,Réclamation,Oui,Oui,Conforme,,Non
APP-10996,16/04/2023,Nicolas Roux,334,Résolu,,9.78,telephone,Changement d'offre,Oui,Non,Non conforme,,Non
APP-10997,09/02/2023,Yanis Belkacem,3240,Résolu,2.0,,TEL,Facturation,Oui,Non,Conforme,6.0,Non
APP-10998,21/04/2023,Julien Marchand,325,Résolu,4.0,41.02,TEL,Facturation,Non,Non,Conforme,,Non
APP-10999,15/04/2023,Karim Boudiaf,393,Résolu,1.0,14.86,Email,Souscription contrat,Oui,Oui,Conforme,,Non
APP-11000,13/10/2023,Fatima Zahra,230,Résolu,5.0,37.4,Téléphone,Relevé compteur,Oui,Oui,Conforme,,Non
APP-11001,07/01/2023,Yanis Belkacem,224,,,9.28,Email,Résiliation,Oui,Oui,Conforme,,Non
APP-11002,18/08/2023,Marie Lefevre,246,Résolu,5.0,10.35,Email,Résiliation,Oui,Non,Conforme,5.0,Non
APP-11003,30/08/2023,Amandine Faure,344,Résolu,5.0,38.76,TEL,Relevé compteur,Oui,Non,Conforme,8.0,Non
APP-11004,11/12/2023,Nicolas Roux,156,,2.0,11.47,telephone,Demande d'information,Non,Non,Conforme,10.0,Non
APP-11005,22/01/2023,Thomas Petit,261,Résolu,5.0,41.66,telephone,Déménagement,Oui,Non,Conforme,,Non
APP-11006,03/08/2023,Karim Boudiaf,327,Résolu,5.0,40.52,Chat,Souscription contrat,Oui,Non,Non conforme,10.0,Non
APP-11007,11/07/2023,Amandine Faure,285,Non résolu,3.0,29.16,Email,Panne compteur,Oui,Non,Conforme,,Non
APP-11008,01/01/2023,Amandine Faure,-3,Non résolu,5.0,19.73,Email,Réclamation,Oui,Non,Conforme,,Oui
APP-11009,16/01/2023,Fatima Zahra,301,Non résolu,2.0,24.08,Téléphone,Relevé compteur,Non,Non,Conforme,,Non
APP-11010,11/07/2023,Julien Marchand,286,Non résolu,5.0,41.02,Email,Facturation,Oui,Non,Conforme,10.0,Non
APP-11011,03/10/2023,Karim Boudiaf,363,Non résolu,,24.41,Téléphone,Relevé compteur,Oui,Non,Non conforme,10.0,Non
APP-11012,12/02/2023,Julien Marchand,385,Non résolu,4.0,29.89,telephone,Déménagement,,Oui,Conforme,,Non
APP-11013,21/04/2023,Yanis Belkacem,358,Résolu,,34.0,Chat,Changement d'offre,Oui,Non,Conforme,,Non
APP-11014,02/10/2023,Marie Lefevre,246,Résolu,3.0,11.86,telephone,Facturation,Oui,Non,Conforme,6.0,Non
APP-11015,12/04/2023,Nicolas Roux,95,Non résolu,5.0,22.23,Email,Facturation,Oui,Non,Non conforme,,Non
APP-11016,16/08/2023,Karim Boudiaf,435,Non résolu,,43.17,Email,Changement d'offre,Oui,Non,Conforme,10.0,Non
APP-11017,22/11/2023,Amandine Faure,224,Résolu,5.0,30.22,Téléphone,Panne compteur,Oui,Non,Conforme,9.0,Non
APP-11018,12/03/2023,Karim Boudiaf,243,Résolu,3.0,31.46,Chat,Demande d'information,Oui,Non,,,Non
APP-11019,01/03/2023,Amandine Faure,392,Résolu,5.0,10.62,TEL,Facturation,Oui,Oui,Conforme,8.0,Non
APP-11020,05/06/2023,Sophie Nguyen,173,Résolu,3.0,25.48,Email,Changement d'offre,Oui,Non,Conforme,,Non
APP-11021,06/02/2023,Sophie Nguyen,121,Résolu,5.0,9.69,Téléphone,Déménagement,Oui,Non,Conforme,,Non
APP-11022,15/05/2023,Léa Girard,201,Non résolu,5.0,,TEL,Relevé compteur,Oui,Non,Conforme,,Non
APP-11023,18/09/2023,Léa Girard,177,Résolu,5.0,43.95,Téléphone,Relevé compteur,Oui,Non,Conforme,,Non
APP-11024,25/11/2023,Marie Lefevre,220,Résolu,5.0,15.26,TEL,Litige paiement,Oui,Non,Non conforme,10.0,Non
APP-11025,19/12/2023,Yanis Belkacem,53,Résolu,5.0,30.6,Email,Demande d'information,Oui,Non,Conforme,10.0,Non
APP-11026,09/05/2023,Fatima Zahra,159,Résolu,3.0,27.11,TEL,Résiliation,Oui,Non,Conforme,,Non
APP-11027,30/07/2023,Fatima Zahra,179,Résolu,5.0,8.2,telephone,Réclamation,Oui,Non,Conforme,,Non
APP-11028,25/08/2023,Yanis Belkacem,337,Non résolu,4.0,29.17,Chat,Demande d'information,Oui,Non,Conforme,8.0,Non
APP-11029,19/05/2023,Yanis Belkacem,188,Résolu,2.0,26.97,Email,Litige paiement,,Oui,Conforme,,Non
APP-11030,21/08/2023,Amandine Faure,273,Résolu,3.0,22.69,Email,Changement d'offre,Oui,Non,Conforme,6.0,Non
APP-11031,05/07/2023,Marie Lefevre,223,Résolu,4.0,11.22,Téléphone,Relevé compteur,Oui,Non,Conforme,0.0,Non
APP-11032,16/11/2023,Fatima Zahra,160,Résolu,5.0,20.77,Chat,Demande d'information,Oui,Non,Conforme,8.0,Non
APP-11033,16/07/2023,Julien Marchand,264,Résolu,5.0,26.77,TEL,Changement d'offre,Oui,Non,Conforme,8.0,Non
APP-11034,30/03/2023,Julien Marchand,4760,Résolu,4.0,33.98,Email,Changement d'offre,Oui,Oui,Conforme,,Non
APP-11035,16/07/2023,Yanis Belkacem,336,Non résolu,3.0,44.73,Email,Litige paiement,Oui,Oui,Conforme,9.0,Non
APP-11036,16/04/2023,Thomas Petit,204,Non résolu,5.0,22.6,Email,Résiliation,Oui,Non,Conforme,,Non
APP-11037,14/07/2023,Yanis Belkacem,181,Résolu,5.0,23.61,Téléphone,Changement d'offre,Oui,Oui,Conforme,8.0,Oui
APP-11038,12/08/2023,Nicolas Roux,314,Résolu,3.0,34.42,TEL,Changement d'offre,Oui,Non,Conforme,10.0,Non
APP-11039,11/04/2023,Marie Lefevre,223,Non résolu,2.0,30.49,Téléphone,Déménagement,Oui,Oui,Conforme,,Non
APP-11040,31/05/2023,Sophie Nguyen,322,Non résolu,3.0,43.34,Chat,Panne compteur,Oui,Oui,Conforme,,Non
APP-11041,01/04/2023,Fatima Zahra,191,Non résolu,3.0,38.38,telephone,Déménagement,Oui,Oui,Conforme,,Non
APP-11042,05/03/2023,Nicolas Roux,253,Résolu,4.0,33.4,Téléphone,Demande d'information,Non,Non,Conforme,1.0,Non
APP-11043,30/01/2023,Léa Girard,184,Résolu,3.0,12.24,TEL,Déménagement,Oui,Non,Conforme,,Non
APP-11044,24/03/2023,Yanis Belkacem,165,Résolu,1.0,21.65,Email,Relevé compteur,Oui,Non,Non conforme,10.0,Non
APP-11045,24/09/2023,Thomas Petit,41,Non résolu,4.0,12.48,Email,Souscription contrat,Oui,Non,Non conforme,7.0,Non
APP-11046,08/07/2023,Fatima Zahra,376,Résolu,4.0,,Email,Résiliation,Oui,Non,Conforme,,Non
APP-11047,30/10/2023,Sophie Nguyen,195,Résolu,1.0,10.63,Email,Réclamation,Oui,Non,Conforme,,Non
APP-11048,01/08/2023,Marie Lefevre,219,Résolu,2.0,42.84,TEL,Changement d'offre,Non,Non,Non conforme,4.0,Non
APP-11049,20/09/2023,Amandine Faure,181,Non résolu,4.0,32.74,telephone,Réclamation,Non,Non,,6.0,Non
APP-11050,19/05/2023,Marie Lefevre,141,Résolu,1.0,29.97,Chat,Changement d'offre,Oui,Non,Conforme,,Non
APP-11051,13/08/2023,Nicolas Roux,366,Résolu,5.0,8.37,Chat,Panne compteur,,Non,Non conforme,8.0,Non
APP-11052,22/11/2023,Fatima Zahra,303,Résolu,5.0,30.67,telephone,Facturation,Oui,Oui,Conforme,9.0,Non
APP-11053,19/03/2023,Léa Girard,260,Non résolu,1.0,40.33,Téléphone,Réclamation,Oui,Non,Conforme,,Non
APP-11054,11/12/2023,Nicolas Roux,184,Non résolu,4.0,41.39,TEL,Changement d'offre,Non,Non,Conforme,,Non
APP-11055,19/06/2023,Thomas Petit,272,Non résolu,5.0,10.46,Chat,Résiliation,Oui,Oui,Conforme,8.0,Non
APP-11056,13/09/2023,Léa Girard,137,Non résolu,3.0,8.43,Chat,Résiliation,Oui,Non,,10.0,Non
APP-11057,20/02/2023,Amandine Faure,249,Résolu,5.0,23.62,telephone,Souscription contrat,Oui,Non,Conforme,,Non
APP-11058,30/01/2023,Léa Girard,228,Résolu,,29.36,TEL,Panne compteur,Oui,Non,,,Non
APP-11059,20/04/2023,Léa Girard,70,Résolu,5.0,9.62,Chat,Demande d'information,Oui,Non,Conforme,5.0,Non
APP-11060,18/03/2023,Amandine Faure,254,Non résolu,5.0,20.7,telephone,Facturation,Oui,Non,Conforme,,Non
APP-11061,18/12/2023,Thomas Petit,147,Résolu,4.0,34.98,Chat,Panne compteur,,Non,Non conforme,7.0,Non
APP-11062,20/07/2023,Nicolas Roux,327,Résolu,4.0,33.62,TEL,Souscription contrat,Oui,Non,Conforme,,Non
APP-11063,19/02/2023,Nicolas Roux,278,Résolu,5.0,23.91,Email,Changement d'offre,Oui,Non,Conforme,,Non
APP-11064,01/05/2023,Fatima Zahra,132,Résolu,5.0,19.33,Téléphone,Déménagement,Non,Oui,,6.0,Non
APP-11065,25/05/2023,Thomas Petit,322,Non résolu,4.0,37.19,Chat,Déménagement,Oui,Non,Non conforme,,Non
APP-11066,20/07/2023,Julien Marchand,365,Non résolu,5.0,38.43,Email,Changement d'offre,Oui,Non,Conforme,8.0,Non
APP-11067,17/06/2023,Léa Girard,217,Non résolu,,39.73,telephone,Réclamation,Oui,Non,,6.0,Non
APP-11068,03/05/2023,Amandine Faure,227,Non résolu,5.0,19.8,Téléphone,Demande d'information,Oui,Non,Conforme,0.0,Non
APP-11069,14/09/2023,Julien Marchand,312,Résolu,5.0,29.54,Chat,Relevé compteur,Non,Non,Conforme,,Non
APP-11070,21/01/2023,Nicolas Roux,357,Résolu,,34.11,TEL,Demande d'information,Oui,Non,,4.0,Non
APP-11071,02/08/2023,Nicolas Roux,90,Résolu,4.0,33.47,Email,Réclamation,Oui,Non,Conforme,7.0,Non
APP-11072,11/05/2023,Léa Girard,141,Résolu,,23.93,Email,Facturation,Oui,Non,Non conforme,8.0,Non
APP-11073,07/10/2023,Léa Girard,203,Non résolu,5.0,13.28,Chat,Facturation,Oui,Non,Conforme,,Non
APP-11074,01/05/2023,Léa Girard,212,Résolu,3.0,13.72,Téléphone,Demande d'information,Oui,Non,Conforme,6.0,Non
APP-11075,13/05/2023,Sophie Nguyen,310,Résolu,,8.94,telephone,Demande d'information,Oui,Non,Conforme,10.0,Non
APP-11076,05/02/2023,Karim Boudiaf,357,Non résolu,1.0,20.6,TEL,Souscription contrat,Oui,Non,Conforme,,Non
APP-11077,27/08/2023,Amandine Faure,365,Résolu,2.0,10.65,TEL,Souscription contrat,Oui,Non,,,Non
APP-11078,14/11/2023,Karim Boudiaf,88,Résolu,4.0,33.05,telephone,Changement d'offre,,Non,Conforme,8.0,Non
APP-11079,10/08/2023,Karim Boudiaf,167,Résolu,3.0,30.41,Email,Déménagement,Oui,Oui,,7.0,Non
APP-11080,11/09/2023,Amandine Faure,128,Résolu,3.0,44.56,Email,Résiliation,Oui,Non,,,Non
APP-11081,01/08/2023,Marie Lefevre,186,Résolu,5.0,24.8,Chat,Panne compteur,Oui,Non,Conforme,,Non
APP-11082,03/03/2023,Yanis Belkacem,167,Résolu,3.0,25.97,Email,Réclamation,Oui,Oui,,,Non
APP-11083,23/12/2023,Fatima Zahra,278,Résolu,5.0,9.02,Chat,Demande d'information,Oui,Non,Conforme,1.0,Non
APP-11084,17/06/2023,Sophie Nguyen,289,Non résolu,5.0,22.22,TEL,Panne compteur,Oui,Non,Conforme,,Non
APP-11085,19/04/2023,Yanis Belkacem,240,Résolu,5.0,9.44,Chat,Panne compteur,Oui,Non,Conforme,,Non
APP-11086,10/10/2023,Fatima Zahra,232,Non résolu,4.0,13.92,Téléphone,Demande d'information,Oui,Oui,Conforme,,Non
APP-11087,24/02/2023,Nicolas Roux,206,Résolu,2.0,8.86,Chat,Résiliation,Oui,Non,Conforme,,Non
APP-11088,19/11/2023,Marie Lefevre,216,Résolu,5.0,18.7,Chat,Résiliation,,Oui,Conforme,8.0,Non
APP-11089,07/04/2023,Nicolas Roux,383,Résolu,5.0,41.3,Chat,Réclamation,Oui,Non,Conforme,,Non
APP-11090,08/05/2023,Yanis Belkacem,302,Résolu,5.0,30.31,Téléphone,Relevé compteur,Oui,Non,Conforme,,Non
APP-11091,25/10/2023,Karim Boudiaf,209,Non résolu,3.0,38.59,Téléphone,Panne compteur,Oui,Oui,Conforme,,Non
APP-11092,30/11/2023,Julien Marchand,230,Résolu,2.0,22.26,telephone,Souscription contrat,Oui,Non,Non conforme,8.0,Non
APP-11093,04/12/2023,Amandine Faure,280,Résolu,5.0,20.59,TEL,Résiliation,Non,Non,Conforme,10.0,Non
APP-11094,12/08/2023,Marie Lefevre,132,Résolu,5.0,28.49,Email,Litige paiement,Oui,Non,Non conforme,6.0,Non
APP-11095,07/08/2023,Marie Lefevre,252,Résolu,4.0,28.04,telephone,Changement d'offre,Oui,Non,Non conforme,,Non
APP-11096,03/09/2023,Julien Marchand,297,Non résolu,5.0,24.3,Chat,Litige paiement,Oui,Oui,Conforme,9.0,Non
APP-11097,20/02/2023,Fatima Zahra,285,Résolu,4.0,19.19,Téléphone,Résiliation,Non,Non,Conforme,,Non
APP-11098,11/11/2023,Yanis Belkacem,169,Résolu,4.0,10.13,telephone,Facturation,Oui,Non,Conforme,,Oui
APP-11099,10/04/2023,Sophie Nguyen,184,Non résolu,3.0,20.67,Chat,Résiliation,Oui,Non,,,Non
APP-11100,14/07/2023,Nicolas Roux,61,Résolu,5.0,29.48,telephone,Litige paiement,Oui,Non,,0.0,Non
APP-11101,17/10/2023,Sophie Nguyen,307,Résolu,4.0,13.15,Téléphone,Panne compteur,Oui,Non,Conforme,6.0,Non
APP-11102,22/04/2023,Thomas Petit,426,Non résolu,4.0,26.09,Chat,Changement d'offre,Non,Oui,Non conforme,,Non
APP-11103,09/05/2023,Yanis Belkacem,157,Non résolu,1.0,22.87,Chat,Souscription contrat,Oui,Non,Conforme,,Non
APP-11104,21/04/2023,Léa Girard,339,Résolu,3.0,30.96,Téléphone,Relevé compteur,Oui,Non,Conforme,,Non
APP-11105,19/02/2023,Yanis Belkacem,416,Résolu,3.0,15.45,telephone,Résiliation,Oui,Non,Conforme,4.0,Non
APP-11106,13/11/2023,Sophie Nguyen,198,Non résolu,4.0,25.6,TEL,Relevé compteur,Oui,Oui,Non conforme,10.0,Oui
APP-11107,11/07/2023,Marie Lefevre,230,Non résolu,2.0,28.09,telephone,Panne compteur,Oui,Oui,Conforme,,Non
APP-11108,24/09/2023,Amandine Faure,262,Non résolu,5.0,27.74,Chat,Demande d'information,Non,Non,,10.0,Non
APP-11109,18/08/2023,Léa Girard,282,Résolu,4.0,40.19,Téléphone,Résiliation,Oui,Non,Conforme,,Non
APP-11110,01/03/2023,Sophie Nguyen,267,Non résolu,,12.62,Email,Relevé compteur,Non,Non,Conforme,6.0,Non
APP-11111,03/10/2023,Julien Marchand,204,Résolu,5.0,37.39,Téléphone,Résiliation,Oui,Oui,Conforme,5.0,Non
APP-11112,09/10/2023,Sophie Nguyen,295,Résolu,5.0,42.93,telephone,Panne compteur,Oui,Non,Conforme,,Non
APP-11113,14/06/2023,Nicolas Roux,206,Non résolu,1.0,13.51,Téléphone,Facturation,Non,Non,Conforme,7.0,Non
APP-11114,23/11/2023,Yanis Belkacem,273,Résolu,5.0,25.89,Chat,Demande d'information,Oui,Non,,1.0,Non
APP-11115,30/06/2023,Thomas Petit,237,Non résolu,5.0,39.95,TEL,Souscription contrat,Oui,Non,Conforme,,Non
APP-11116,09/09/2023,Amandine Faure,80,Résolu,5.0,18.57,Téléphone,Demande d'information,Oui,Oui,Conforme,1.0,Non
APP-11117,02/01/2023,Fatima Zahra,353,Résolu,2.0,15.52,TEL,Litige paiement,Oui,Non,Conforme,9.0,Non
APP-11118,19/09/2023,Julien Marchand,186,Résolu,4.0,26.92,Chat,Relevé compteur,Oui,Non,Conforme,10.0,Non
APP-11119,04/05/2023,Léa Girard,363,Résolu,4.0,26.22,Chat,Litige paiement,Oui,Oui,Conforme,3.0,Non
APP-11120,20/07/2023,Fatima Zahra,335,Résolu,4.0,,TEL,Souscription contrat,Oui,Non,Non conforme,8.0,Non
APP-11121,07/04/2023,Amandine Faure,260,Résolu,5.0,44.29,Email,Déménagement,Oui,Non,Conforme,,Non
APP-11122,07/06/2023,Léa Girard,347,Non résolu,5.0,36.29,Chat,Relevé compteur,Oui,Non,Conforme,5.0,Non
APP-11123,19/07/2023,Fatima Zahra,209,Résolu,,29.22,TEL,Facturation,Oui,Non,Conforme,9.0,Non
APP-11124,06/04/2023,Fatima Zahra,344,Non résolu,5.0,41.04,TEL,Relevé compteur,Oui,Non,Conforme,,Non
APP-11125,12/01/2023,Julien Marchand,221,Résolu,4.0,10.31,TEL,Demande d'information,Oui,Oui,Conforme,,Non
APP-11126,24/06/2023,Marie Lefevre,227,,4.0,26.89,telephone,Résiliation,Non,Non,Conforme,10.0,Non
APP-11127,29/12/2023,Karim Boudiaf,330,Résolu,2.0,31.18,Chat,Changement d'offre,Oui,Non,Non conforme,10.0,Non
APP-11128,12/04/2023,Julien Marchand,416,Résolu,3.0,34.74,TEL,Résiliation,Oui,Non,Conforme,4.0,Non
APP-11129,10/11/2023,Amandine Faure,218,,2.0,33.62,Email,Litige paiement,Oui,Non,Conforme,,Non
APP-11130,14/01/2023,Marie Lefevre,203,Résolu,5.0,21.27,Chat,Facturation,Oui,Non,Conforme,,Non
APP-11131,26/05/2023,Yanis Belkacem,172,Résolu,1.0,37.76,telephone,Relevé compteur,Oui,Non,Conforme,3.0,Non
APP-11132,06/02/2023,Karim Boudiaf,159,Résolu,2.0,43.43,telephone,Relevé compteur,Oui,Non,Conforme,6.0,Non
APP-11133,10/04/2023,Sophie Nguyen,178,Résolu,5.0,8.33,telephone,Changement d'offre,Oui,Non,Conforme,8.0,Non
APP-11134,31/05/2023,Sophie Nguyen,191,Non résolu,5.0,8.53,TEL,Résiliation,Oui,Non,Conforme,,Oui
APP-11135,22/12/2023,Karim Boudiaf,317,Non résolu,1.0,35.3,telephone,Facturation,Oui,Non,Conforme,,Non
APP-11136,14/01/2023,Léa Girard,286,Résolu,5.0,13.29,telephone,Résiliation,Oui,Non,Conforme,9.0,Non
APP-11137,12/08/2023,Yanis Belkacem,304,Résolu,5.0,35.88,telephone,Déménagement,Oui,Non,Conforme,,Non
APP-11138,04/05/2023,Fatima Zahra,6040,Résolu,4.0,36.35,TEL,Résiliation,Oui,Non,Conforme,,Non
APP-11139,24/01/2023,Julien Marchand,346,Non résolu,2.0,39.3,Email,Facturation,Oui,Oui,Conforme,,Non
APP-11140,29/05/2023,Fatima Zahra,170,Non résolu,4.0,26.04,telephone,Relevé compteur,Oui,Non,Conforme,,Non
APP-11141,21/10/2023,Léa Girard,259,Non résolu,5.0,10.87,Email,Panne compteur,Non,Non,Conforme,9.0,Non
APP-11142,19/10/2023,Julien Marchand,92,Résolu,5.0,10.44,Chat,Déménagement,Oui,Non,,,Non
APP-11143,25/04/2023,Fatima Zahra,93,Résolu,5.0,20.91,Téléphone,Relevé compteur,Oui,Oui,Conforme,6.0,Non
APP-11144,23/08/2023,Léa Girard,249,Résolu,5.0,43.06,telephone,Litige paiement,Oui,Non,Conforme,,Non
APP-11145,24/09/2023,Sophie Nguyen,227,Résolu,5.0,10.68,Téléphone,Demande d'information,Non,Non,Conforme,6.0,Non
APP-11146,09/11/2023,Léa Girard,242,Non résolu,3.0,19.08,TEL,Litige paiement,Oui,Non,Conforme,,Non
APP-11147,13/07/2023,Thomas Petit,294,Non résolu,1.0,10.84,Email,Panne compteur,Oui,Non,Conforme,7.0,Non
APP-11148,20/10/2023,Thomas Petit,370,Résolu,3.0,34.16,Chat,Souscription contrat,Oui,Non,Conforme,10.0,Non
APP-11149,21/01/2023,Marie Lefevre,240,Non résolu,1.0,9.86,Chat,Relevé compteur,Oui,Non,Conforme,,Non
APP-11150,18/07/2023,Amandine Faure,225,Résolu,5.0,18.93,Téléphone,Facturation,Non,Non,Conforme,,Non
APP-11151,19/11/2023,Yanis Belkacem,176,Résolu,4.0,16.6,Chat,Résiliation,Non,Non,Conforme,,Non
APP-11152,08/07/2023,Julien Marchand,318,Non résolu,4.0,42.38,Email,Souscription contrat,Oui,Non,Non conforme,,Non
APP-11153,30/07/2023,Sophie Nguyen,183,Résolu,2.0,22.99,Email,Relevé compteur,Non,Non,Conforme,,Non
APP-11154,15/05/2023,Marie Lefevre,214,Résolu,2.0,25.63,telephone,Changement d'offre,Oui,Non,,8.0,Non
APP-11155,29/03/2023,Julien Marchand,297,Résolu,5.0,16.36,Téléphone,Résiliation,Oui,Non,Conforme,5.0,Non
APP-11156,01/01/2023,Léa Girard,247,Résolu,4.0,30.33,telephone,Changement d'offre,Oui,Non,Conforme,6.0,Non
APP-11157,08/02/2023,Amandine Faure,242,Résolu,,21.24,TEL,Facturation,Oui,Non,Conforme,,Non
APP-11158,22/05/2023,Fatima Zahra,163,Résolu,3.0,40.88,Email,Litige paiement,Oui,Oui,Conforme,,Non
APP-11159,29/03/2023,Sophie Nguyen,270,Résolu,,26.61,Chat,Litige paiement,Oui,Oui,Conforme,10.0,Non
APP-11160,29/03/2023,Yanis Belkacem,436,Résolu,5.0,31.12,telephone,Relevé compteur,Non,Non,Non conforme,8.0,Non
APP-11161,21/09/2023,Sophie Nguyen,123,Résolu,4.0,10.66,Email,Facturation,Oui,Non,Conforme,,Non
APP-11162,02/03/2023,Nicolas Roux,140,Non résolu,4.0,34.42,Chat,Souscription contrat,Non,Oui,Conforme,9.0,Non
APP-11163,04/12/2023,Sophie Nguyen,310,Résolu,3.0,38.43,TEL,Facturation,Oui,Non,Conforme,5.0,Non
APP-11164,19/10/2023,Sophie Nguyen,261,Non résolu,3.0,27.25,telephone,Demande d'information,Oui,Non,Conforme,,Non
APP-11165,01/10/2023,Fatima Zahra,363,Résolu,5.0,13.29,telephone,Souscription contrat,Non,Oui,Conforme,2.0,Non
APP-11166,28/04/2023,Amandine Faure,173,Non résolu,3.0,26.38,telephone,Réclamation,Non,Non,Conforme,10.0,Non
APP-11167,28/11/2023,Karim Boudiaf,320,Résolu,4.0,18.52,Téléphone,Changement d'offre,Oui,Non,Conforme,10.0,Non
APP-11168,02/09/2023,Julien Marchand,270,Résolu,,10.01,Email,Panne compteur,Non,Oui,Conforme,,Non
APP-11169,30/09/2023,Nicolas Roux,154,Résolu,,35.7,telephone,Souscription contrat,Oui,Non,Conforme,,Non
APP-11170,30/09/2023,Thomas Petit,3660,Résolu,5.0,18.22,TEL,Facturation,Oui,Non,Conforme,,Non
APP-11171,19/07/2023,Léa Girard,241,Résolu,1.0,34.16,telephone,Réclamation,Non,Non,Conforme,,Non
APP-11172,04/04/2023,Amandine Faure,162,Résolu,4.0,11.77,TEL,Souscription contrat,Oui,Non,Conforme,10.0,Non
APP-11173,18/05/2023,Léa Girard,341,Non résolu,5.0,21.33,Chat,Panne compteur,Oui,Non,Conforme,,Non
APP-11174,30/09/2023,Thomas Petit,305,Résolu,,19.59,Chat,Souscription contrat,Oui,Non,Non conforme,7.0,Non
APP-11175,18/12/2023,Thomas Petit,196,Non résolu,2.0,37.19,TEL,Demande d'information,Oui,Non,Conforme,,Non
APP-11176,14/10/2023,Thomas Petit,225,Résolu,5.0,41.67,telephone,Facturation,Oui,Non,Conforme,,Non
APP-11177,23/10/2023,Karim Boudiaf,325,Résolu,4.0,21.96,Chat,Demande d'information,Oui,Non,Conforme,,Non
APP-11178,07/06/2023,Karim Boudiaf,234,Résolu,4.0,22.34,telephone,Demande d'information,Oui,Non,Conforme,,Non
APP-11179,19/02/2023,Julien Marchand,418,Résolu,1.0,31.41,telephone,Panne compteur,Oui,Non,Conforme,,Non
APP-11180,16/07/2023,Yanis Belkacem,287,Résolu,4.0,32.66,Chat,Souscription contrat,Oui,Oui,Conforme,7.0,Non
APP-11181,13/10/2023,Thomas Petit,166,Non résolu,5.0,43.74,Email,Relevé compteur,Oui,Non,Conforme,10.0,Non
APP-11182,19/08/2023,Amandine Faure,145,Résolu,4.0,11.9,TEL,Réclamation,Oui,Non,Conforme,,Non
APP-11183,12/06/2023,Yanis Belkacem,335,Résolu,5.0,36.93,Téléphone,Relevé compteur,,Oui,,0.0,Non
APP-11184,21/03/2023,Fatima Zahra,200,Résolu,3.0,21.32,telephone,Panne compteur,Oui,Non,Conforme,0.0,Non
APP-11185,18/01/2023,Amandine Faure,252,Résolu,3.0,43.4,TEL,Réclamation,Non,Non,Conforme,,Non
APP-11186,09/09/2023,Sophie Nguyen,-14,,3.0,24.93,Email,Réclamation,Oui,Oui,Conforme,9.0,Non
APP-11187,27/12/2023,Sophie Nguyen,241,Non résolu,2.0,15.73,telephone,Litige paiement,Oui,Oui,Conforme,,Non
APP-11188,07/11/2023,Sophie Nguyen,113,Résolu,5.0,9.94,Téléphone,Panne compteur,Oui,Non,Conforme,7.0,Non
APP-11189,26/06/2023,Marie Lefevre,112,Résolu,5.0,36.4,telephone,Souscription contrat,Non,Non,Conforme,,Non
APP-11190,18/11/2023,Fatima Zahra,351,Non résolu,,39.46,Chat,Panne compteur,Oui,Non,Conforme,9.0,Non
APP-11191,11/10/2023,Julien Marchand,211,Résolu,3.0,15.84,Téléphone,Changement d'offre,Oui,Non,Conforme,9.0,Non
APP-11192,22/04/2023,Yanis Belkacem,206,,,40.57,telephone,Souscription contrat,Oui,Non,Conforme,,Non
APP-11193,21/02/2023,Léa Girard,429,Résolu,5.0,15.98,Chat,Souscription contrat,Oui,Non,Conforme,,Non
APP-11194,23/10/2023,Amandine Faure,327,Résolu,4.0,18.93,Email,Changement d'offre,Oui,Non,Conforme,,Non
APP-11195,14/05/2023,Fatima Zahra,384,Résolu,5.0,13.05,Email,Déménagement,Oui,Non,Conforme,7.0,Non
APP-11196,05/02/2023,Sophie Nguyen,354,Non résolu,4.0,19.68,Email,Panne compteur,Oui,Non,Non conforme,6.0,Non
APP-11197,23/09/2023,Julien Marchand,312,Résolu,,31.86,TEL,Relevé compteur,Oui,Non,Conforme,7.0,Non
APP-11198,23/01/2023,Fatima Zahra,379,Non résolu,5.0,15.37,Chat,Litige paiement,Non,Non,Conforme,,Non
APP-11199,10/07/2023,Amandine Faure,171,Résolu,,40.94,Téléphone,Résiliation,Oui,Non,Conforme,9.0,Non
APP-11200,21/10/2023,Yanis Belkacem,160,Résolu,,10.15,Chat,Panne compteur,Oui,Oui,Conforme,,Non
APP-11201,28/10/2023,Thomas Petit,112,Résolu,4.0,12.13,Chat,Résiliation,Oui,Non,Non conforme,,Non
APP-11202,12/02/2023,Julien Marchand,83,Résolu,2.0,38.91,telephone,Souscription contrat,Oui,Non,Non conforme,,Non
APP-11203,29/07/2023,Nicolas Roux,250,Résolu,5.0,8.54,Téléphone,Panne compteur,Oui,Oui,Non conforme,3.0,Non
APP-11204,17/01/2023,Nicolas Roux,102,Non résolu,4.0,8.72,telephone,Résiliation,Non,Non,Conforme,8.0,Non
APP-11205,14/07/2023,Thomas Petit,137,Résolu,5.0,12.6,TEL,Litige paiement,Oui,Non,Conforme,5.0,Non
APP-11206,13/10/2023,Léa Girard,220,Résolu,1.0,22.96,telephone,Souscription contrat,Oui,Non,Conforme,,Non
APP-11207,07/07/2023,Thomas Petit,2,Résolu,5.0,27.64,telephone,Déménagement,Oui,Oui,Conforme,10.0,Oui
APP-11208,19/02/2023,Julien Marchand,233,Résolu,4.0,25.17,TEL,Litige paiement,Oui,Non,Non conforme,7.0,Oui
APP-11209,08/02/2023,Sophie Nguyen,241,Non résolu,4.0,43.65,telephone,Changement d'offre,Oui,Non,Conforme,,Oui
APP-11210,13/02/2023,Léa Girard,421,Résolu,3.0,19.54,Chat,Panne compteur,Oui,Non,Non conforme,,Non
APP-11211,25/11/2023,Marie Lefevre,259,Résolu,3.0,36.64,Chat,Demande d'information,Non,Non,Conforme,,Non
APP-11212,08/07/2023,Léa Girard,250,Résolu,4.0,44.11,TEL,Demande d'information,Oui,Non,,8.0,Non
APP-11213,12/03/2023,Fatima Zahra,7580,Résolu,2.0,12.65,Chat,Panne compteur,Oui,Oui,Non conforme,,Non
APP-11214,21/02/2023,Nicolas Roux,218,Résolu,3.0,17.83,Chat,Facturation,Oui,Non,Conforme,9.0,Non
APP-11215,16/01/2023,Karim Boudiaf,257,Résolu,3.0,8.65,Email,Panne compteur,Oui,Non,Conforme,4.0,Non
APP-11216,28/05/2023,Thomas Petit,328,Résolu,3.0,27.16,Téléphone,Résiliation,Oui,Non,Conforme,10.0,Non
APP-11217,01/07/2023,Nicolas Roux,173,Résolu,1.0,20.88,Téléphone,Demande d'information,Oui,Non,Non conforme,7.0,Non
APP-11218,14/08/2023,Fatima Zahra,328,Résolu,3.0,44.05,Téléphone,Litige paiement,Oui,Oui,Non conforme,0.0,Non
APP-11219,17/05/2023,Léa Girard,118,,5.0,,Téléphone,Panne compteur,Oui,Non,Conforme,6.0,Non
APP-11220,11/01/2023,Fatima Zahra,255,Non résolu,2.0,36.87,TEL,Déménagement,Oui,Non,,4.0,Non
APP-11221,22/01/2023,Fatima Zahra,261,Non résolu,4.0,24.95,Email,Relevé compteur,Oui,Non,Conforme,7.0,Oui
APP-11222,26/08/2023,Yanis Belkacem,95,Résolu,5.0,10.43,Téléphone,Relevé compteur,Non,Non,Conforme,10.0,Non
APP-11223,06/09/2023,Nicolas Roux,165,Non résolu,5.0,16.44,telephone,Litige paiement,Oui,Non,Conforme,,Non
APP-11224,17/08/2023,Marie Lefevre,230,Résolu,,35.66,telephone,Facturation,Oui,Oui,Conforme,,Non
APP-11225,24/02/2023,Karim Boudiaf,92,Résolu,5.0,25.53,TEL,Panne compteur,Oui,Non,Conforme,,Non
APP-11226,09/07/2023,Yanis Belkacem,241,Non résolu,5.0,43.62,telephone,Panne compteur,Oui,Non,Conforme,,Non
APP-11227,28/10/2023,Fatima Zahra,260,Non résolu,5.0,10.8,Email,Réclamation,Oui,Oui,Conforme,9.0,Non
APP-11228,02/07/2023,Amandine Faure,126,Résolu,4.0,15.25,Email,Facturation,Oui,Oui,Conforme,10.0,Non
APP-11229,13/06/2023,Nicolas Roux,184,Résolu,3.0,13.21,TEL,Déménagement,Oui,Non,Conforme,,Non
APP-11230,13/09/2023,Yanis Belkacem,355,Résolu,5.0,29.4,Email,Relevé compteur,Oui,Non,,10.0,Non
APP-11231,17/05/2023,Marie Lefevre,290,Résolu,,13.44,Chat,Relevé compteur,Oui,Non,Conforme,,Non
APP-11232,07/09/2023,Fatima Zahra,284,Résolu,3.0,22.36,TEL,Panne compteur,Oui,Non,Non conforme,,Non
APP-11233,23/07/2023,Sophie Nguyen,342,Résolu,4.0,32.94,Chat,Relevé compteur,Oui,Non,Conforme,,Oui
APP-11234,20/08/2023,Amandine Faure,167,Résolu,5.0,41.95,telephone,Souscription contrat,,Non,Conforme,,Non
APP-11235,05/10/2023,Amandine Faure,126,Résolu,5.0,18.75,Chat,Relevé compteur,Oui,Non,Conforme,,Non
APP-11236,13/05/2023,Léa Girard,328,Non résolu,4.0,34.19,Email,Facturation,Oui,Oui,Conforme,7.0,Non
APP-11237,28/10/2023,Julien Marchand,233,Résolu,5.0,10.3,telephone,Relevé compteur,Oui,Non,Conforme,,Non
APP-11238,08/05/2023,Marie Lefevre,164,Résolu,4.0,12.97,Téléphone,Souscription contrat,Oui,Non,Conforme,10.0,Non
APP-11239,12/11/2023,Karim Boudiaf,428,Non résolu,5.0,43.44,Chat,Relevé compteur,Oui,Oui,Conforme,10.0,Non
APP-11240,03/02/2023,Amandine Faure,95,Résolu,5.0,26.52,Chat,Litige paiement,Non,Non,Non conforme,10.0,Non
APP-11241,19/02/2023,Fatima Zahra,256,Résolu,,33.15,TEL,Déménagement,Oui,Non,Conforme,8.0,Non
APP-11242,06/12/2023,Amandine Faure,222,Résolu,5.0,37.86,Chat,Changement d'offre,Oui,Non,Conforme,,Non
APP-11243,17/06/2023,Thomas Petit,207,Non résolu,2.0,25.01,telephone,Déménagement,Oui,Oui,Conforme,10.0,Non
APP-11244,23/12/2023,Léa Girard,40,Résolu,4.0,9.62,Téléphone,Résiliation,Oui,Non,Conforme,,Non
APP-11245,10/06/2023,Julien Marchand,378,Résolu,4.0,14.13,TEL,Déménagement,Oui,Non,Conforme,,Non
APP-11246,04/06/2023,Sophie Nguyen,111,Résolu,2.0,9.85,Email,Réclamation,Oui,Non,Conforme,9.0,Non
APP-11247,26/01/2023,Thomas Petit,216,Résolu,5.0,39.22,Email,Demande d'information,Oui,Non,Conforme,1.0,Non
APP-11248,07/06/2023,Thomas Petit,201,Résolu,5.0,43.54,telephone,Demande d'information,Oui,Non,Conforme,6.0,Non
APP-11249,03/08/2023,Thomas Petit,292,Résolu,4.0,15.29,telephone,Facturation,Oui,Non,Conforme,,Non
APP-11250,19/03/2023,Fatima Zahra,96,Résolu,,24.17,Email,Réclamation,Oui,Non,Conforme,9.0,Non
APP-11251,01/04/2023,Fatima Zahra,281,Résolu,,29.96,TEL,Litige paiement,Oui,Non,,0.0,Non
APP-11252,02/10/2023,Marie Lefevre,257,,4.0,44.3,Chat,Souscription contrat,Oui,Oui,Conforme,,Non
APP-11253,07/01/2023,Fatima Zahra,180,Résolu,4.0,15.03,Email,Panne compteur,Oui,Oui,Conforme,7.0,Non
APP-11254,03/09/2023,Thomas Petit,278,Résolu,4.0,36.02,Téléphone,Changement d'offre,Oui,Non,Conforme,9.0,Non
APP-11255,21/09/2023,Sophie Nguyen,241,Résolu,5.0,13.98,TEL,Demande d'information,Oui,Non,Conforme,2.0,Non
APP-11256,11/05/2023,Fatima Zahra,402,Résolu,5.0,17.15,Téléphone,Panne compteur,Oui,Non,,,Non
APP-11257,03/10/2023,Yanis Belkacem,222,Résolu,,31.7,Téléphone,Changement d'offre,Oui,Non,Conforme,8.0,Non
APP-11258,25/11/2023,Sophie Nguyen,153,Non résolu,5.0,28.91,telephone,Panne compteur,Non,Non,Conforme,10.0,Non
APP-11259,04/02/2023,Yanis Belkacem,282,Non résolu,3.0,36.55,telephone,Facturation,Oui,Non,,8.0,Non
APP-11260,16/03/2023,Fatima Zahra,211,Non résolu,,,Téléphone,Litige paiement,Oui,Non,Conforme,10.0,Non
APP-11261,04/02/2023,Léa Girard,239,Résolu,,8.33,TEL,Réclamation,Oui,Non,Conforme,10.0,Non
APP-11262,03/02/2023,Nicolas Roux,295,Non résolu,5.0,,TEL,Résiliation,Oui,Oui,Conforme,,Non
APP-11263,11/05/2023,Amandine Faure,221,Résolu,4.0,16.46,Chat,Souscription contrat,Non,Non,Conforme,8.0,Non
APP-11264,04/09/2023,Yanis Belkacem,127,Résolu,5.0,19.9,TEL,Relevé compteur,Oui,Non,Non conforme,,Non
APP-11265,15/07/2023,Fatima Zahra,294,Résolu,5.0,39.38,Email,Souscription contrat,Oui,Non,Non conforme,6.0,Non
APP-11266,27/11/2023,Amandine Faure,197,Non résolu,,23.86,telephone,Litige paiement,Non,Non,Conforme,,Non
APP-11267,16/03/2023,Karim Boudiaf,263,Résolu,3.0,,Téléphone,Litige paiement,Oui,Non,Conforme,,Non
APP-11268,20/11/2023,Yanis Belkacem,238,Non résolu,4.0,32.51,Téléphone,Litige paiement,Oui,Non,Conforme,,Non
APP-11269,01/05/2023,Amandine Faure,196,Résolu,,12.38,Téléphone,Changement d'offre,Oui,Non,Conforme,,Non
APP-11270,11/06/2023,Fatima Zahra,171,Résolu,5.0,42.02,Téléphone,Résiliation,Oui,Non,Conforme,,Non
APP-11271,02/01/2023,Thomas Petit,99,Résolu,5.0,44.75,Téléphone,Demande d'information,Oui,Non,Conforme,,Non
APP-11272,05/08/2023,Fatima Zahra,119,Résolu,,35.91,Téléphone,Panne compteur,Oui,Non,,,Oui
APP-11273,17/08/2023,Amandine Faure,95,Non résolu,,41.98,Chat,Changement d'offre,Oui,Non,Conforme,,Non
APP-11274,03/08/2023,Amandine Faure,249,Résolu,5.0,21.21,Email,Souscription contrat,Oui,Non,Conforme,7.0,Non
APP-11275,12/10/2023,Amandine Faure,292,Résolu,,37.14,Email,Déménagement,Oui,Oui,Non conforme,9.0,Non
APP-11276,09/02/2023,Yanis Belkacem,276,Résolu,3.0,,Téléphone,Souscription contrat,Oui,Non,,9.0,Non
APP-11277,25/09/2023,Yanis Belkacem,97,Résolu,4.0,21.27,Téléphone,Déménagement,Oui,Oui,Conforme,10.0,Non
APP-11278,10/06/2023,Karim Boudiaf,130,Non résolu,5.0,15.09,TEL,Relevé compteur,Oui,Non,Conforme,,Non
APP-11279,10/10/2023,Sophie Nguyen,305,Résolu,,41.97,telephone,Souscription contrat,Oui,Non,Conforme,,Non
APP-11280,29/12/2023,Fatima Zahra,241,Non résolu,2.0,16.17,TEL,Demande d'information,Oui,Non,Conforme,,Non
APP-11281,23/10/2023,Sophie Nguyen,154,Résolu,1.0,9.44,Téléphone,Panne compteur,Oui,Non,Conforme,8.0,Non
APP-11282,28/01/2023,Nicolas Roux,203,Résolu,,43.17,Chat,Souscription contrat,Non,Non,Non conforme,,Non
APP-11283,30/01/2023,Karim Boudiaf,301,Non résolu,4.0,29.52,TEL,Changement d'offre,Oui,Oui,Conforme,9.0,Non
APP-11284,11/07/2023,Marie Lefevre,417,Résolu,5.0,27.12,Téléphone,Panne compteur,Oui,Non,Conforme,7.0,Non
APP-11285,25/02/2023,Karim Boudiaf,99,Non résolu,1.0,36.07,Email,Facturation,Oui,Oui,Conforme,10.0,Non
APP-11286,31/10/2023,Thomas Petit,3180,Résolu,,41.08,Téléphone,Litige paiement,Oui,Non,Conforme,,Non
APP-11287,27/11/2023,Sophie Nguyen,120,Résolu,5.0,43.02,Email,Demande d'information,Oui,Non,,,Non
APP-11288,15/02/2023,Yanis Belkacem,222,Résolu,4.0,36.87,Chat,Panne compteur,Oui,Non,Conforme,2.0,Non
APP-11289,20/03/2023,Thomas Petit,322,Résolu,5.0,25.62,TEL,Résiliation,,Non,Conforme,9.0,Non
APP-11290,04/05/2023,Thomas Petit,109,Résolu,4.0,29.87,Chat,Relevé compteur,Oui,Non,Conforme,10.0,Non
APP-11291,09/05/2023,Fatima Zahra,238,Résolu,,14.89,telephone,Relevé compteur,Non,Non,Conforme,,Non
APP-11292,12/03/2023,Amandine Faure,319,Résolu,4.0,15.66,Téléphone,Relevé compteur,Oui,Non,Conforme,9.0,Non
APP-11293,16/04/2023,Yanis Belkacem,202,Résolu,5.0,10.63,TEL,Panne compteur,Oui,Non,Conforme,1.0,Non
APP-11294,22/02/2023,Julien Marchand,5,Résolu,5.0,38.0,Téléphone,Déménagement,,Oui,Conforme,8.0,Non
APP-11295,16/12/2023,Léa Girard,257,Résolu,1.0,38.93,TEL,Résiliation,Oui,Non,Conforme,,Non
APP-11296,01/01/2023,Karim Boudiaf,351,Non résolu,5.0,36.53,TEL,Facturation,Oui,Non,Conforme,,Oui
APP-11297,13/06/2023,Karim Boudiaf,143,Non résolu,,32.22,Chat,Réclamation,Oui,Non,Conforme,9.0,Oui
APP-11298,10/09/2023,Karim Boudiaf,79,Non résolu,4.0,23.73,TEL,Déménagement,Oui,Non,Non conforme,,Non
APP-11299,25/01/2023,Marie Lefevre,268,Résolu,3.0,9.39,Téléphone,Résiliation,Oui,Non,Conforme,8.0,Non
APP-11300,20/04/2023,Léa Girard,271,,4.0,8.0,TEL,Déménagement,Non,Non,,8.0,Non
APP-11301,31/03/2023,Amandine Faure,196,Résolu,4.0,23.41,telephone,Facturation,Oui,Oui,Conforme,,Non
APP-11302,23/10/2023,Marie Lefevre,179,Résolu,,44.0,Téléphone,Panne compteur,Oui,Non,Conforme,3.0,Non
APP-11303,04/05/2023,Nicolas Roux,243,Résolu,,16.37,telephone,Déménagement,Oui,Non,Conforme,,Non
APP-11304,11/01/2023,Marie Lefevre,142,Non résolu,5.0,16.53,Téléphone,Résiliation,Oui,Non,Conforme,10.0,Non
APP-11305,10/06/2023,Fatima Zahra,142,Résolu,4.0,8.05,Chat,Facturation,Oui,Non,Conforme,,Non
APP-11306,24/04/2023,Fatima Zahra,301,Résolu,5.0,35.45,Email,Facturation,Oui,Oui,Conforme,10.0,Non
APP-11307,19/09/2023,Fatima Zahra,136,Non résolu,2.0,39.39,telephone,Souscription contrat,Oui,Oui,Non conforme,8.0,Non
APP-11308,22/08/2023,Thomas Petit,84,Résolu,,20.04,Chat,Souscription contrat,Oui,Non,Conforme,9.0,Non
APP-11309,24/01/2023,Julien Marchand,179,Résolu,,34.37,telephone,Changement d'offre,Oui,Non,Conforme,10.0,Non
APP-11310,13/01/2023,Yanis Belkacem,198,Résolu,5.0,21.72,telephone,Litige paiement,Oui,Non,Conforme,7.0,Non
APP-11311,08/11/2023,Sophie Nguyen,281,Résolu,3.0,41.37,Email,Facturation,Oui,Non,Conforme,,Non
APP-11312,19/04/2023,Amandine Faure,186,Résolu,5.0,29.85,Email,Changement d'offre,Oui,Non,Conforme,10.0,Non
APP-11313,23/06/2023,Julien Marchand,368,Résolu,5.0,32.46,Email,Déménagement,Non,Non,Conforme,,Non
APP-11314,22/05/2023,Thomas Petit,247,Résolu,2.0,34.24,telephone,Changement d'offre,Oui,Oui,Conforme,,Non
APP-11315,17/11/2023,Julien Marchand,167,Résolu,2.0,14.19,TEL,Résiliation,Oui,Non,Non conforme,,Non
APP-11316,04/07/2023,Yanis Belkacem,277,Résolu,3.0,43.23,Téléphone,Souscription contrat,Oui,Non,Conforme,,Non
APP-11317,23/04/2023,Sophie Nguyen,366,Résolu,,9.57,Téléphone,Résiliation,Oui,Non,Non conforme,,Non
APP-11318,02/08/2023,Thomas Petit,298,Résolu,1.0,18.97,Téléphone,Demande d'information,Oui,Non,,9.0,Non
APP-11319,23/07/2023,Yanis Belkacem,104,Résolu,2.0,,telephone,Déménagement,Oui,Non,Non conforme,,Non
APP-11320,02/06/2023,Léa Girard,327,Non résolu,5.0,11.79,telephone,Panne compteur,Non,Oui,Conforme,,Non
APP-11321,22/05/2023,Karim Boudiaf,312,Résolu,2.0,27.01,Téléphone,Relevé compteur,Oui,Non,Conforme,,Non
APP-11322,02/08/2023,Léa Girard,32,Non résolu,4.0,42.52,telephone,Panne compteur,Oui,Non,Conforme,4.0,Non
APP-11323,11/05/2023,Fatima Zahra,254,Résolu,,38.62,Chat,Résiliation,Oui,Non,Conforme,8.0,Non
APP-11324,27/03/2023,Nicolas Roux,337,Résolu,4.0,25.08,Téléphone,Réclamation,Non,Non,Non conforme,,Non
APP-11325,25/06/2023,Amandine Faure,329,Résolu,5.0,42.08,Téléphone,Litige paiement,Oui,Non,Conforme,,Non
APP-11326,15/11/2023,Léa Girard,337,Résolu,5.0,39.88,Chat,Déménagement,Oui,Non,Conforme,8.0,Non
APP-11327,10/03/2023,Fatima Zahra,323,Résolu,4.0,18.14,Chat,Résiliation,Oui,Non,Conforme,,Non
APP-11328,04/05/2023,Karim Boudiaf,191,Non résolu,4.0,20.78,TEL,Réclamation,Oui,Non,Conforme,,Non
APP-11329,18/05/2023,Nicolas Roux,288,Résolu,,20.42,TEL,Demande d'information,Non,Non,Conforme,9.0,Non
APP-11330,19/05/2023,Léa Girard,335,Non résolu,4.0,28.8,Email,Résiliation,Non,Oui,Conforme,8.0,Oui
APP-11331,24/12/2023,Marie Lefevre,324,Non résolu,,43.04,Téléphone,Demande d'information,Oui,Non,Conforme,,Non
APP-11332,15/07/2023,Léa Girard,24,Résolu,,,TEL,Souscription contrat,Oui,Non,Conforme,6.0,Non
APP-11333,04/03/2023,Fatima Zahra,233,Résolu,5.0,14.03,telephone,Relevé compteur,Oui,Non,Conforme,8.0,Non
APP-11334,29/01/2023,Nicolas Roux,302,Non résolu,3.0,22.22,Téléphone,Facturation,Oui,Non,Conforme,,Non
APP-11335,27/03/2023,Sophie Nguyen,316,Non résolu,4.0,8.93,Chat,Réclamation,Oui,Non,Non conforme,,Non
APP-11336,01/04/2023,Léa Girard,103,Résolu,4.0,34.08,Email,Facturation,Oui,Non,,,Non
APP-11337,13/12/2023,Marie Lefevre,207,Résolu,5.0,38.23,Email,Changement d'offre,Oui,Non,Conforme,8.0,Non
APP-11338,28/08/2023,Marie Lefevre,285,Résolu,2.0,9.91,TEL,Souscription contrat,Oui,Non,Conforme,,Non
APP-11339,29/11/2023,Amandine Faure,244,Résolu,3.0,26.68,telephone,Souscription contrat,Oui,Non,Conforme,,Non
APP-11340,06/08/2023,Marie Lefevre,302,Résolu,5.0,14.63,telephone,Relevé compteur,Oui,Non,Conforme,,Non
APP-11341,12/04/2023,Karim Boudiaf,277,Résolu,3.0,37.6,telephone,Facturation,Oui,Non,Conforme,,Non
APP-11342,26/06/2023,Sophie Nguyen,46,Résolu,,12.87,telephone,Résiliation,Oui,Non,Conforme,,Non
APP-11343,12/11/2023,Julien Marchand,338,Résolu,4.0,40.02,telephone,Demande d'information,Oui,Non,Conforme,10.0,Non
APP-11344,29/08/2023,Léa Girard,196,,1.0,18.73,Chat,Changement d'offre,Oui,Oui,Conforme,6.0,Non
APP-11345,15/07/2023,Marie Lefevre,162,Résolu,2.0,40.24,Chat,Résiliation,Non,Non,Conforme,,Non
APP-11346,10/09/2023,Léa Girard,335,Résolu,3.0,17.27,telephone,Demande d'information,Oui,Non,Conforme,,Non
APP-11347,20/12/2023,Sophie Nguyen,295,Non résolu,1.0,31.12,Chat,Réclamation,Oui,Non,Conforme,,Non
APP-11348,20/03/2023,Sophie Nguyen,349,Résolu,4.0,41.53,Chat,Demande d'information,Oui,Non,Non conforme,8.0,Non
APP-11349,03/09/2023,Julien Marchand,263,Résolu,4.0,8.45,Email,Réclamation,Oui,Non,Conforme,8.0,Non
APP-11350,06/06/2023,Karim Boudiaf,206,Résolu,5.0,28.31,Email,Souscription contrat,Oui,Oui,Non conforme,,Non
APP-11351,31/08/2023,Thomas Petit,252,Résolu,4.0,18.64,TEL,Déménagement,Oui,Non,Conforme,4.0,Non
APP-11352,18/05/2023,Karim Boudiaf,147,Résolu,4.0,30.99,Chat,Panne compteur,Oui,Non,,,Non
APP-11353,12/09/2023,Thomas Petit,118,Non résolu,5.0,,telephone,Relevé compteur,,Non,Conforme,,Non
APP-11354,11/03/2023,Karim Boudiaf,349,Résolu,3.0,22.97,Chat,Relevé compteur,Oui,Non,Conforme,2.0,Non
APP-11355,31/08/2023,Julien Marchand,161,Non résolu,3.0,10.53,telephone,Souscription contrat,Oui,Non,Conforme,10.0,Non
APP-11356,23/10/2023,Amandine Faure,176,Résolu,4.0,24.01,telephone,Déménagement,Non,Non,Conforme,6.0,Non
APP-11357,15/07/2023,Thomas Petit,323,Résolu,5.0,33.36,TEL,Souscription contrat,Oui,Oui,Conforme,,Non
APP-11358,13/01/2023,Thomas Petit,201,,5.0,21.84,TEL,Changement d'offre,Oui,Oui,Conforme,,Non
APP-11359,06/06/2023,Fatima Zahra,225,Résolu,4.0,42.94,Email,Réclamation,Non,Oui,Non conforme,9.0,Non
APP-11360,20/12/2023,Marie Lefevre,364,Résolu,3.0,31.39,telephone,Changement d'offre,Oui,Non,Conforme,8.0,Non
APP-11361,06/04/2023,Nicolas Roux,343,Résolu,5.0,15.36,Email,Résiliation,Oui,Oui,Conforme,10.0,Oui
APP-11362,08/07/2023,Thomas Petit,376,Résolu,5.0,11.75,telephone,Panne compteur,Non,Non,Non conforme,,Non
APP-11363,19/10/2023,Thomas Petit,195,Résolu,5.0,18.28,TEL,Réclamation,Non,Non,Conforme,7.0,Non
APP-11364,07/02/2023,Fatima Zahra,194,Non résolu,5.0,44.27,telephone,Réclamation,Oui,Non,Conforme,,Non
APP-11365,16/05/2023,Marie Lefevre,89,Résolu,5.0,10.5,Téléphone,Déménagement,Oui,Non,Conforme,10.0,Non
APP-11366,22/10/2023,Amandine Faure,120,Résolu,,43.92,telephone,Panne compteur,Non,Non,Conforme,9.0,Non
APP-11367,30/03/2023,Karim Boudiaf,246,Résolu,4.0,12.19,TEL,Résiliation,Oui,Non,Conforme,8.0,Non
APP-11368,09/03/2023,Sophie Nguyen,376,Résolu,5.0,34.07,Email,Panne compteur,Oui,Non,Conforme,,Non
APP-11369,02/07/2023,Karim Boudiaf,184,Non résolu,4.0,23.64,TEL,Litige paiement,Oui,Non,Conforme,8.0,Non
APP-11370,30/08/2023,Marie Lefevre,140,Non résolu,,17.78,Téléphone,Réclamation,Oui,Non,Conforme,,Non
APP-11371,24/04/2023,Karim Boudiaf,90,Résolu,2.0,15.6,telephone,Résiliation,Oui,Non,Conforme,6.0,Non
APP-11372,10/04/2023,Fatima Zahra,82,Résolu,5.0,,telephone,Changement d'offre,Oui,Non,Conforme,,Non
APP-11373,04/10/2023,Marie Lefevre,228,,5.0,18.64,telephone,Déménagement,Non,Non,Conforme,3.0,Non
APP-11374,01/12/2023,Karim Boudiaf,258,Résolu,4.0,30.33,telephone,Facturation,Oui,Non,Conforme,7.0,Non
APP-11375,07/07/2023,Marie Lefevre,246,Résolu,4.0,10.85,telephone,Changement d'offre,Oui,Non,Conforme,,Non
APP-11376,10/03/2023,Amandine Faure,190,Résolu,3.0,30.16,Email,Déménagement,,Non,Non conforme,7.0,Non
APP-11377,10/05/2023,Léa Girard,215,Résolu,5.0,31.08,Email,Demande d'information,Non,Oui,Non conforme,6.0,Non
APP-11378,09/11/2023,Thomas Petit,123,Non résolu,2.0,8.56,TEL,Résiliation,Oui,Non,Conforme,7.0,Non
APP-11379,13/05/2023,Nicolas Roux,314,Résolu,,43.71,Téléphone,Souscription contrat,Oui,Non,,,Non
APP-11380,09/01/2023,Karim Boudiaf,313,Résolu,5.0,34.15,TEL,Facturation,Oui,Non,Conforme,,Non
APP-11381,07/10/2023,Nicolas Roux,136,Non résolu,4.0,30.57,Email,Demande d'information,Oui,Non,Conforme,,Non
APP-11382,04/04/2023,Fatima Zahra,138,Résolu,4.0,30.11,telephone,Changement d'offre,Oui,Non,Non conforme,4.0,Non
APP-11383,03/11/2023,Marie Lefevre,157,Résolu,4.0,40.05,TEL,Réclamation,Non,Non,Conforme,8.0,Non
APP-11384,07/04/2023,Nicolas Roux,289,Non résolu,2.0,15.5,Téléphone,Panne compteur,Oui,Non,Conforme,,Non
APP-11385,11/10/2023,Léa Girard,270,Résolu,,29.74,Téléphone,Changement d'offre,Non,Non,Conforme,,Non
APP-11386,26/04/2023,Yanis Belkacem,334,,5.0,23.1,telephone,Déménagement,Oui,Non,Conforme,10.0,Non
APP-11387,14/03/2023,Nicolas Roux,345,Résolu,5.0,8.57,Téléphone,Demande d'information,Non,Oui,Conforme,7.0,Non
APP-11388,17/12/2023,Fatima Zahra,102,Non résolu,3.0,24.66,Téléphone,Litige paiement,Oui,Non,Conforme,8.0,Non
APP-11389,10/01/2023,Fatima Zahra,286,Résolu,5.0,43.43,TEL,Changement d'offre,Oui,Non,Non conforme,,Non
APP-11390,17/09/2023,Thomas Petit,341,Résolu,5.0,14.98,TEL,Déménagement,Oui,Non,Conforme,,Non
APP-11391,03/11/2023,Thomas Petit,209,Résolu,4.0,32.88,telephone,Souscription contrat,Non,Non,Conforme,5.0,Non
APP-11392,05/10/2023,Karim Boudiaf,237,Résolu,4.0,11.43,telephone,Souscription contrat,Oui,Oui,Conforme,,Non
APP-11393,30/07/2023,Julien Marchand,224,Résolu,5.0,35.69,telephone,Relevé compteur,Oui,Non,Non conforme,,Non
APP-11394,15/11/2023,Fatima Zahra,228,Résolu,4.0,17.57,TEL,Déménagement,Oui,Non,Conforme,5.0,Non
APP-11395,24/02/2023,Julien Marchand,314,Résolu,4.0,24.07,telephone,Souscription contrat,Oui,Non,Conforme,6.0,Non
APP-11396,30/03/2023,Karim Boudiaf,397,Résolu,,31.59,Chat,Souscription contrat,Non,Non,Conforme,,Non
APP-11397,05/01/2023,Karim Boudiaf,364,Résolu,5.0,16.95,TEL,Réclamation,Oui,Non,Conforme,3.0,Non
APP-11398,19/10/2023,Amandine Faure,194,Résolu,4.0,15.37,Chat,Demande d'information,Oui,Non,Conforme,8.0,Non
APP-11399,09/06/2023,Karim Boudiaf,263,Résolu,5.0,40.47,telephone,Relevé compteur,Oui,Non,Conforme,0.0,Non
APP-11400,24/01/2023,Fatima Zahra,169,Résolu,,18.02,Email,Litige paiement,Non,Non,Non conforme,,Non
APP-11401,11/11/2023,Nicolas Roux,177,Résolu,5.0,17.16,Chat,Litige paiement,Oui,Non,Conforme,6.0,Non
APP-11402,30/01/2023,Julien Marchand,233,Résolu,5.0,35.11,Téléphone,Facturation,Oui,Non,Conforme,10.0,Non
APP-11403,22/07/2023,Julien Marchand,3500,Résolu,4.0,30.45,telephone,Litige paiement,Non,Non,Conforme,8.0,Non
APP-11404,02/08/2023,Yanis Belkacem,187,Non résolu,2.0,43.21,Chat,Relevé compteur,Oui,Non,Conforme,8.0,Non
APP-11405,12/10/2023,Julien Marchand,261,Non résolu,5.0,39.02,telephone,Résiliation,Oui,Non,Conforme,10.0,Non
APP-11406,20/11/2023,Amandine Faure,284,Non résolu,3.0,42.51,telephone,Relevé compteur,Oui,Non,Conforme,,Non
APP-11407,06/12/2023,Amandine Faure,282,Résolu,5.0,28.14,Chat,Litige paiement,Oui,Non,Non conforme,10.0,Non
APP-11408,02/02/2023,Amandine Faure,283,Non résolu,,,Email,Changement d'offre,Oui,Non,Conforme,,Non
APP-11409,25/10/2023,Sophie Nguyen,-128,Résolu,2.0,35.49,TEL,Résiliation,Oui,Non,Conforme,9.0,Non
APP-11410,24/08/2023,Amandine Faure,253,Résolu,5.0,10.53,telephone,Litige paiement,Oui,Non,Conforme,,Oui
APP-11411,19/03/2023,Léa Girard,394,Non résolu,4.0,21.73,Chat,Demande d'information,Oui,Oui,Conforme,7.0,Non
APP-11412,31/10/2023,Yanis Belkacem,253,Résolu,5.0,27.92,Téléphone,Changement d'offre,Oui,Non,Conforme,,Non
APP-11413,18/11/2023,Nicolas Roux,308,Résolu,,17.95,Email,Déménagement,Oui,Non,Conforme,,Non
APP-11414,07/06/2023,Nicolas Roux,312,Résolu,5.0,32.66,Téléphone,Litige paiement,Oui,Non,Conforme,8.0,Non
APP-11415,05/05/2023,Fatima Zahra,215,Résolu,3.0,37.13,Chat,Litige paiement,Oui,Non,Conforme,10.0,Non
APP-11416,11/06/2023,Marie Lefevre,432,Résolu,5.0,17.19,TEL,Souscription contrat,Oui,Non,Conforme,9.0,Non
APP-11417,21/01/2023,Léa Girard,172,Non résolu,1.0,34.1,TEL,Litige paiement,Oui,Non,Conforme,7.0,Non
APP-11418,04/10/2023,Yanis Belkacem,94,Non résolu,4.0,32.02,Chat,Litige paiement,Oui,Non,Conforme,,Non
APP-11419,24/02/2023,Amandine Faure,56,Résolu,3.0,42.64,TEL,Facturation,Oui,Non,Conforme,,Non
APP-11420,26/07/2023,Karim Boudiaf,196,Résolu,5.0,,TEL,Relevé compteur,Oui,Non,Conforme,7.0,Non
APP-11421,05/10/2023,Fatima Zahra,80,Résolu,4.0,8.81,Téléphone,Panne compteur,Oui,Non,Non conforme,,Non
APP-11422,20/11/2023,Julien Marchand,242,Résolu,3.0,10.08,TEL,Réclamation,Oui,Non,Conforme,10.0,Non
APP-11423,05/08/2023,Amandine Faure,67,Non résolu,3.0,26.17,Email,Souscription contrat,Oui,Oui,Conforme,8.0,Non
APP-11424,02/09/2023,Sophie Nguyen,195,Résolu,,32.24,Chat,Facturation,Oui,Non,Conforme,,Non
APP-11425,16/01/2023,Fatima Zahra,369,Résolu,5.0,17.63,TEL,Demande d'information,Oui,Non,Conforme,5.0,Non
APP-11426,29/04/2023,Amandine Faure,214,Non résolu,,10.61,TEL,Résiliation,Oui,Non,Non conforme,,Oui
APP-11427,08/05/2023,Léa Girard,214,Résolu,,14.87,Email,Résiliation,Non,Non,Conforme,10.0,Non
APP-11428,19/05/2023,Amandine Faure,311,Résolu,5.0,38.12,TEL,Litige paiement,Oui,Non,Conforme,7.0,Non
APP-11429,13/03/2023,Thomas Petit,270,Résolu,4.0,33.35,Email,Panne compteur,Oui,Non,Conforme,,Non
APP-11430,03/11/2023,Karim Boudiaf,210,Résolu,3.0,19.46,telephone,Demande d'information,Oui,Non,Non conforme,,Non
APP-11431,01/06/2023,Karim Boudiaf,184,Résolu,5.0,17.25,Chat,Changement d'offre,Oui,Non,Non conforme,7.0,Non
APP-11432,08/09/2023,Amandine Faure,505,Résolu,3.0,21.2,Téléphone,Résiliation,Oui,Non,Non conforme,,Non
APP-11433,20/01/2023,Amandine Faure,352,Résolu,,21.09,telephone,Changement d'offre,Oui,Non,Conforme,,Non
APP-11434,17/12/2023,Karim Boudiaf,283,Résolu,4.0,19.39,telephone,Demande d'information,Oui,Non,Non conforme,10.0,Non
APP-11435,17/10/2023,Karim Boudiaf,289,Résolu,4.0,41.81,Téléphone,Changement d'offre,Oui,Non,Conforme,,Non
APP-11436,03/02/2023,Fatima Zahra,228,Résolu,5.0,21.11,Email,Relevé compteur,Oui,Non,Conforme,,Non
APP-11437,15/01/2023,Marie Lefevre,269,Résolu,4.0,26.71,Chat,Résiliation,Oui,Non,Conforme,5.0,Non
APP-11438,01/11/2023,Léa Girard,219,Résolu,5.0,28.47,Chat,Litige paiement,Oui,Non,Non conforme,,Non
APP-11439,26/10/2023,Thomas Petit,163,Non résolu,5.0,26.62,TEL,Déménagement,Oui,Non,,,Non
APP-11440,27/01/2023,Sophie Nguyen,273,Résolu,5.0,33.05,Téléphone,Souscription contrat,Oui,Non,Conforme,,Non
APP-11441,11/02/2023,Nicolas Roux,211,Résolu,4.0,39.0,TEL,Panne compteur,Oui,Non,Conforme,10.0,Non
APP-11442,25/09/2023,Léa Girard,277,Résolu,3.0,,Chat,Litige paiement,Oui,Non,Conforme,,Non
APP-11443,09/11/2023,Nicolas Roux,294,Non résolu,4.0,,Téléphone,Déménagement,Oui,Non,Non conforme,,Non
APP-11444,23/02/2023,Nicolas Roux,425,Résolu,5.0,13.93,Email,Déménagement,Oui,Non,Conforme,,Non
APP-11445,16/09/2023,Amandine Faure,138,Résolu,5.0,32.92,TEL,Résiliation,Oui,Non,Conforme,6.0,Non
APP-11446,27/10/2023,Karim Boudiaf,289,Résolu,5.0,16.5,TEL,Souscription contrat,Oui,Non,Conforme,,Non
APP-11447,31/01/2023,Amandine Faure,157,Résolu,4.0,12.35,TEL,Demande d'information,Oui,Oui,Conforme,10.0,Non
APP-11448,25/06/2023,Amandine Faure,327,Résolu,,27.05,TEL,Litige paiement,Oui,Non,Conforme,8.0,Non
APP-11449,31/01/2023,Marie Lefevre,322,,,13.97,Email,Panne compteur,Oui,Non,Conforme,8.0,Non
APP-11450,17/07/2023,Léa Girard,176,Résolu,4.0,11.9,Téléphone,Relevé compteur,Oui,Non,Conforme,3.0,Non
APP-11451,18/09/2023,Julien Marchand,126,Résolu,3.0,16.23,Email,Relevé compteur,Oui,Non,Conforme,10.0,Non
APP-11452,11/05/2023,Fatima Zahra,458,Résolu,1.0,17.08,Email,Demande d'information,Oui,Non,Conforme,,Non
APP-11453,29/07/2023,Fatima Zahra,278,Résolu,3.0,10.14,Téléphone,Souscription contrat,Oui,Non,Conforme,10.0,Non
APP-11454,10/03/2023,Amandine Faure,116,Résolu,4.0,16.12,Chat,Résiliation,Oui,Non,Non conforme,,Non
APP-11455,23/01/2023,Léa Girard,189,Non résolu,,43.51,Téléphone,Déménagement,Oui,Non,Conforme,8.0,Non
APP-11456,21/08/2023,Fatima Zahra,331,Résolu,5.0,23.38,TEL,Litige paiement,Oui,Non,Non conforme,6.0,Non
APP-11457,11/04/2023,Marie Lefevre,427,Résolu,5.0,23.87,Téléphone,Relevé compteur,Oui,Non,Conforme,,Non
APP-11458,06/06/2023,Julien Marchand,408,Non résolu,4.0,33.98,Email,Changement d'offre,Oui,Non,Conforme,,Non
APP-11459,26/05/2023,Nicolas Roux,275,Résolu,5.0,14.35,Chat,Panne compteur,Non,Non,Conforme,,Non
APP-11460,12/01/2023,Sophie Nguyen,2,Résolu,5.0,40.21,TEL,Panne compteur,Oui,Non,Non conforme,,Non
APP-11461,01/12/2023,Thomas Petit,240,Résolu,4.0,,Email,Déménagement,Oui,Non,Conforme,6.0,Non
APP-11462,03/05/2023,Amandine Faure,289,Résolu,5.0,12.27,telephone,Souscription contrat,Oui,Non,Conforme,,Non
APP-11463,01/09/2023,Sophie Nguyen,439,Non résolu,5.0,30.41,telephone,Demande d'information,Oui,Non,Conforme,6.0,Non
APP-11464,16/05/2023,Julien Marchand,209,Résolu,5.0,13.29,TEL,Relevé compteur,Oui,Oui,Conforme,3.0,Oui
APP-11465,07/10/2023,Léa Girard,168,Résolu,,33.61,Téléphone,Déménagement,Oui,Non,Conforme,,Non
APP-11466,05/02/2023,Yanis Belkacem,197,Résolu,1.0,41.14,Email,Déménagement,Oui,Oui,Conforme,6.0,Non
APP-11467,16/10/2023,Marie Lefevre,124,Résolu,2.0,15.56,Téléphone,Changement d'offre,Oui,Oui,Conforme,,Non
APP-11468,18/09/2023,Nicolas Roux,-1,Résolu,3.0,,TEL,Demande d'information,Non,Non,Conforme,9.0,Non
APP-11469,11/09/2023,Karim Boudiaf,263,,2.0,8.67,Email,Réclamation,Oui,Non,,6.0,Non
APP-11470,04/06/2023,Fatima Zahra,475,Résolu,4.0,31.25,Email,Facturation,Oui,Non,Non conforme,8.0,Non
APP-11471,07/12/2023,Marie Lefevre,139,Non résolu,5.0,33.48,telephone,Relevé compteur,Oui,Non,Conforme,,Non
APP-11472,18/02/2023,Julien Marchand,265,Résolu,4.0,38.94,Chat,Facturation,,Non,Conforme,8.0,Non
APP-11473,27/10/2023,Amandine Faure,398,Résolu,2.0,38.39,TEL,Litige paiement,Oui,Non,Conforme,9.0,Non
APP-11474,26/12/2023,Fatima Zahra,235,Non résolu,3.0,20.34,Chat,Relevé compteur,Oui,Non,,,Non
APP-11475,18/05/2023,Fatima Zahra,350,Non résolu,4.0,37.29,Téléphone,Déménagement,Oui,Oui,Conforme,,Non
APP-11476,12/08/2023,Fatima Zahra,121,Non résolu,5.0,39.63,telephone,Relevé compteur,Oui,Non,Conforme,7.0,Non
APP-11477,28/04/2023,Fatima Zahra,221,Résolu,,40.65,telephone,Panne compteur,Oui,Non,Conforme,8.0,Non
APP-11478,05/01/2023,Sophie Nguyen,167,Non résolu,4.0,22.35,telephone,Facturation,Oui,Non,Non conforme,,Oui
APP-11479,11/01/2023,Marie Lefevre,234,Non résolu,5.0,37.73,Email,Résiliation,Oui,Non,Conforme,10.0,Non
APP-11480,18/10/2023,Karim Boudiaf,236,Non résolu,1.0,10.48,Téléphone,Relevé compteur,Oui,Non,Conforme,7.0,Non
APP-11481,14/04/2023,Nicolas Roux,245,Résolu,5.0,40.46,Chat,Facturation,Oui,Non,Conforme,8.0,Non
APP-11482,12/02/2023,Amandine Faure,316,Résolu,1.0,,Chat,Déménagement,Oui,Non,Conforme,6.0,Non
APP-11483,06/05/2023,Nicolas Roux,37,Non résolu,4.0,43.82,Chat,Demande d'information,Oui,Non,Conforme,,Non
APP-11484,18/03/2023,Marie Lefevre,257,Non résolu,1.0,10.74,TEL,Résiliation,Oui,Non,Conforme,9.0,Non
APP-11485,02/11/2023,Fatima Zahra,189,Résolu,4.0,21.89,Téléphone,Panne compteur,Oui,Oui,Non conforme,,Non
APP-11486,28/12/2023,Amandine Faure,213,Résolu,3.0,44.9,Email,Déménagement,Non,Non,Conforme,,Non
APP-11487,18/01/2023,Amandine Faure,361,Résolu,5.0,28.69,Email,Résiliation,Oui,Non,,9.0,Non
APP-11488,24/04/2023,Thomas Petit,142,Résolu,3.0,20.97,Chat,Souscription contrat,Oui,Non,Conforme,,Non
APP-11489,18/11/2023,Sophie Nguyen,178,Résolu,1.0,21.78,Email,Panne compteur,Non,Oui,Conforme,7.0,Non
APP-11490,29/07/2023,Marie Lefevre,223,Résolu,3.0,25.18,Téléphone,Souscription contrat,Oui,Non,Conforme,,Non
APP-11491,05/02/2023,Thomas Petit,184,Non résolu,,34.74,Téléphone,Changement d'offre,Oui,Non,Conforme,,Non
APP-11492,13/05/2023,Fatima Zahra,356,Non résolu,5.0,8.31,Email,Relevé compteur,,Non,Conforme,,Oui
APP-11493,15/11/2023,Karim Boudiaf,327,Résolu,5.0,16.05,telephone,Réclamation,Oui,Oui,Conforme,,Non
APP-11494,09/09/2023,Léa Girard,221,Résolu,2.0,8.2,Email,Souscription contrat,Oui,Non,Conforme,,Non
APP-11495,18/07/2023,Thomas Petit,429,,5.0,37.77,Téléphone,Déménagement,Non,Non,Conforme,10.0,Non
APP-11496,19/05/2023,Yanis Belkacem,264,Résolu,3.0,10.46,telephone,Demande d'information,Oui,Non,,,Non
APP-11497,17/10/2023,Nicolas Roux,376,Résolu,4.0,36.36,telephone,Réclamation,Oui,Non,Non conforme,,Non
APP-11498,26/02/2023,Sophie Nguyen,365,Résolu,3.0,35.81,TEL,Souscription contrat,Oui,Non,Conforme,,Non
APP-11499,22/05/2023,Fatima Zahra,277,Résolu,5.0,37.71,telephone,Litige paiement,Oui,Non,Conforme,0.0,Non
APP-11500,30/04/2023,Fatima Zahra,137,Non résolu,4.0,32.83,telephone,Panne compteur,Oui,Non,Non conforme,10.0,Non
APP-11501,27/07/2023,Fatima Zahra,245,Non résolu,5.0,30.96,telephone,Panne compteur,Oui,Non,Conforme,,Non
APP-11502,06/04/2023,Julien Marchand,175,Résolu,4.0,15.21,Chat,Relevé compteur,Oui,Non,Conforme,5.0,Non
APP-11503,16/09/2023,Léa Girard,287,Résolu,,40.95,Chat,Changement d'offre,Oui,Non,Conforme,,Non
APP-11504,22/05/2023,Marie Lefevre,272,Non résolu,4.0,36.07,Téléphone,Changement d'offre,Oui,Non,Conforme,,Non
APP-11505,23/02/2023,Léa Girard,259,,4.0,30.09,Téléphone,Litige paiement,Oui,Non,Conforme,,Non
APP-11506,26/09/2023,Thomas Petit,310,Résolu,2.0,29.42,TEL,Résiliation,Oui,Non,Conforme,10.0,Non
APP-11507,28/09/2023,Nicolas Roux,5340,Résolu,4.0,31.4,telephone,Changement d'offre,Oui,Non,Conforme,,Non
APP-11508,12/11/2023,Nicolas Roux,231,Non résolu,5.0,34.51,Chat,Relevé compteur,Oui,Non,Conforme,7.0,Non
APP-11509,27/04/2023,Marie Lefevre,130,Non résolu,,,TEL,Litige paiement,Oui,Non,Conforme,,Non
APP-11510,14/09/2023,Marie Lefevre,163,Résolu,4.0,19.61,telephone,Résiliation,Non,Non,Conforme,,Non
APP-11511,20/01/2023,Léa Girard,181,Résolu,5.0,16.94,Email,Facturation,Oui,Non,Conforme,4.0,Non
APP-11512,02/03/2023,Julien Marchand,206,Non résolu,5.0,41.59,telephone,Panne compteur,Oui,Non,Non conforme,,Non
APP-11513,18/07/2023,Karim Boudiaf,-113,Résolu,4.0,26.76,Chat,Réclamation,Non,Non,Non conforme,,Non
APP-11514,14/11/2023,Amandine Faure,158,Résolu,5.0,38.41,telephone,Facturation,Oui,Non,Conforme,,Non
APP-11515,08/01/2023,Thomas Petit,376,Résolu,,32.4,TEL,Litige paiement,,Non,Conforme,,Non
APP-11516,11/11/2023,Thomas Petit,180,Résolu,4.0,33.62,TEL,Changement d'offre,Oui,Non,Conforme,10.0,Non
APP-11517,06/08/2023,Karim Boudiaf,316,Résolu,5.0,17.77,Téléphone,Souscription contrat,Oui,Oui,Conforme,10.0,Non
APP-11518,10/03/2023,Julien Marchand,255,Résolu,2.0,20.01,telephone,Relevé compteur,Non,Non,Conforme,,Non
APP-11519,27/04/2023,Léa Girard,289,Résolu,5.0,17.97,TEL,Réclamation,Oui,Non,Conforme,8.0,Non
APP-11520,14/01/2023,Nicolas Roux,293,Résolu,4.0,16.09,Email,Litige paiement,,Non,Conforme,,Non
APP-11521,07/09/2023,Thomas Petit,154,Résolu,3.0,30.03,Téléphone,Réclamation,Oui,Non,Conforme,7.0,Non
APP-11522,16/10/2023,Sophie Nguyen,316,Résolu,4.0,38.15,Email,Souscription contrat,Oui,Non,,9.0,Non
APP-11523,11/03/2023,Marie Lefevre,129,Résolu,3.0,36.79,telephone,Demande d'information,Oui,Non,Non conforme,10.0,Non
APP-11524,03/07/2023,Yanis Belkacem,177,Résolu,4.0,11.27,Téléphone,Relevé compteur,Non,Non,Non conforme,10.0,Non
APP-11525,21/07/2023,Yanis Belkacem,292,Résolu,5.0,33.86,TEL,Facturation,Oui,Oui,Conforme,,Non
APP-11526,31/08/2023,Julien Marchand,149,,4.0,9.15,Email,Réclamation,Oui,Non,Conforme,,Non
APP-11527,30/01/2023,Nicolas Roux,63,Résolu,4.0,17.6,Email,Panne compteur,Oui,Non,Conforme,,Non
APP-11528,03/04/2023,Nicolas Roux,271,Non résolu,4.0,9.44,Téléphone,Souscription contrat,Oui,Non,Conforme,5.0,Oui
APP-11529,26/08/2023,Thomas Petit,99,Résolu,,32.67,telephone,Facturation,Oui,Non,Non conforme,9.0,Non
APP-11530,10/10/2023,Léa Girard,301,Résolu,,40.86,Chat,Facturation,Oui,Non,Conforme,1.0,Non
APP-11531,31/07/2023,Yanis Belkacem,212,,,20.04,Email,Réclamation,Oui,Oui,Conforme,1.0,Non
APP-11532,26/08/2023,Marie Lefevre,270,Résolu,,17.21,Téléphone,Demande d'information,Oui,Non,Conforme,7.0,Non
APP-11533,23/08/2023,Sophie Nguyen,268,Résolu,5.0,29.34,Email,Souscription contrat,Oui,Non,Conforme,8.0,Non
APP-11534,04/10/2023,Julien Marchand,308,Résolu,,39.75,telephone,Demande d'information,Oui,Non,,8.0,Non
APP-11535,23/04/2023,Yanis Belkacem,295,Résolu,5.0,44.91,Téléphone,Souscription contrat,Non,Oui,Conforme,8.0,Non
APP-11536,16/10/2023,Léa Girard,148,Non résolu,4.0,8.83,telephone,Changement d'offre,Non,Non,Conforme,,Non
APP-11537,16/05/2023,Yanis Belkacem,218,Résolu,5.0,21.34,Chat,Relevé compteur,Oui,Oui,Conforme,,Non
APP-11538,12/01/2023,Sophie Nguyen,270,Non résolu,2.0,19.57,telephone,Déménagement,Oui,Non,Conforme,9.0,Non
APP-11539,03/06/2023,Julien Marchand,368,Résolu,,32.21,telephone,Souscription contrat,Oui,Non,Conforme,0.0,Non
APP-11540,03/07/2023,Karim Boudiaf,295,Non résolu,5.0,36.21,Téléphone,Panne compteur,Oui,Non,,8.0,Non
APP-11541,16/12/2023,Marie Lefevre,359,Résolu,5.0,9.44,telephone,Déménagement,Oui,Non,Conforme,7.0,Non
APP-11542,21/07/2023,Sophie Nguyen,274,Non résolu,1.0,28.85,Chat,Résiliation,Oui,Non,Non conforme,,Non
APP-11543,24/10/2023,Marie Lefevre,338,Résolu,4.0,31.11,Chat,Déménagement,Oui,Oui,Conforme,,Non
APP-11544,08/02/2023,Nicolas Roux,262,Résolu,2.0,,telephone,Déménagement,Oui,Non,Conforme,7.0,Non
APP-11545,15/11/2023,Karim Boudiaf,334,Résolu,5.0,29.5,TEL,Résiliation,Oui,Oui,Conforme,,Non
APP-11546,19/03/2023,Amandine Faure,399,Résolu,,22.4,Téléphone,Déménagement,Oui,Non,Conforme,1.0,Non
APP-11547,23/03/2023,Amandine Faure,195,Résolu,2.0,16.47,Téléphone,Panne compteur,Oui,Non,Conforme,0.0,Non
APP-11548,18/04/2023,Sophie Nguyen,303,Résolu,5.0,42.38,Email,Changement d'offre,Non,Non,Conforme,10.0,Non
APP-11549,11/07/2023,Fatima Zahra,254,Résolu,5.0,20.65,TEL,Demande d'information,Oui,Non,Conforme,7.0,Non
APP-11550,04/01/2023,Fatima Zahra,107,Résolu,4.0,44.84,Chat,Résiliation,Non,Non,Conforme,,Non
APP-11551,09/08/2023,Thomas Petit,252,Non résolu,3.0,44.3,Chat,Réclamation,Non,Non,Non conforme,8.0,Non
APP-11552,03/07/2023,Amandine Faure,340,Résolu,,34.46,Email,Changement d'offre,Oui,Non,Conforme,10.0,Non
APP-11553,06/03/2023,Yanis Belkacem,289,Non résolu,,29.95,TEL,Demande d'information,Oui,Non,Conforme,6.0,Non
APP-11554,29/06/2023,Marie Lefevre,234,Résolu,5.0,32.97,Email,Souscription contrat,Oui,Non,Conforme,,Non
APP-11555,09/05/2023,Sophie Nguyen,181,Non résolu,5.0,33.07,TEL,Panne compteur,Oui,Non,Conforme,,Non
APP-11556,02/12/2023,Léa Girard,290,Résolu,3.0,14.19,TEL,Demande d'information,Oui,Oui,Conforme,9.0,Non
APP-11557,02/09/2023,Fatima Zahra,225,Résolu,2.0,26.51,Téléphone,Déménagement,Oui,Non,Conforme,,Non
APP-11558,02/06/2023,Nicolas Roux,340,Résolu,5.0,32.0,Email,Facturation,Non,Oui,Conforme,2.0,Non
APP-11559,24/07/2023,Karim Boudiaf,336,Non résolu,2.0,18.19,telephone,Relevé compteur,Oui,Non,Conforme,8.0,Oui
APP-11560,16/06/2023,Julien Marchand,276,Résolu,4.0,30.17,telephone,Résiliation,Oui,Non,Non conforme,7.0,Non
APP-11561,07/01/2023,Yanis Belkacem,148,,4.0,14.64,Téléphone,Relevé compteur,Oui,Non,Conforme,,Non
APP-11562,02/04/2023,Nicolas Roux,204,Résolu,4.0,32.71,Téléphone,Relevé compteur,Non,Non,Conforme,8.0,Non
APP-11563,24/01/2023,Fatima Zahra,403,Résolu,5.0,38.98,Chat,Changement d'offre,Oui,Oui,Non conforme,,Non
APP-11564,30/03/2023,Fatima Zahra,287,Résolu,5.0,33.89,TEL,Réclamation,Oui,Non,Conforme,8.0,Non
APP-11565,11/04/2023,Amandine Faure,359,Résolu,5.0,,TEL,Réclamation,Oui,Non,Conforme,,Non
APP-11566,14/10/2023,Yanis Belkacem,277,Résolu,4.0,43.55,TEL,Panne compteur,Oui,Non,Conforme,8.0,Non
APP-11567,22/06/2023,Thomas Petit,281,Résolu,4.0,27.83,TEL,Déménagement,Oui,Non,Conforme,,Non
APP-11568,09/02/2023,Fatima Zahra,12,Résolu,5.0,13.69,Téléphone,Réclamation,Oui,Non,Non conforme,8.0,Non
APP-11569,27/01/2023,Léa Girard,213,Non résolu,5.0,29.19,TEL,Relevé compteur,Oui,Non,Conforme,,Non
APP-11570,30/04/2023,Léa Girard,274,,2.0,29.58,Téléphone,Litige paiement,Oui,Non,Conforme,2.0,Non
APP-11571,20/08/2023,Nicolas Roux,221,Non résolu,1.0,29.94,TEL,Facturation,Oui,Non,Non conforme,9.0,Non
APP-11572,01/05/2023,Thomas Petit,198,Résolu,,9.17,telephone,Changement d'offre,Oui,Non,Conforme,7.0,Non
APP-11573,27/11/2023,Nicolas Roux,226,Résolu,5.0,23.66,Téléphone,Litige paiement,Non,Non,Conforme,9.0,Non
APP-11574,22/10/2023,Fatima Zahra,257,Non résolu,4.0,40.6,Email,Demande d'information,Oui,Non,Conforme,,Oui
APP-11575,30/08/2023,Julien Marchand,171,Résolu,3.0,40.67,Chat,Litige paiement,Oui,Non,Conforme,,Non
APP-11576,23/11/2023,Thomas Petit,138,Résolu,5.0,39.93,Téléphone,Changement d'offre,Oui,Non,Conforme,,Non
APP-11577,07/10/2023,Léa Girard,296,Résolu,3.0,40.79,Téléphone,Relevé compteur,Oui,Non,,,Oui
APP-11578,09/04/2023,Yanis Belkacem,296,Résolu,5.0,18.6,Chat,Litige paiement,Non,Non,Conforme,9.0,Non
APP-11579,15/04/2023,Julien Marchand,167,Non résolu,1.0,37.7,TEL,Déménagement,Oui,Non,Conforme,2.0,Non
APP-11580,30/10/2023,Amandine Faure,262,,2.0,44.02,TEL,Réclamation,Oui,Non,Conforme,6.0,Non
APP-11581,17/10/2023,Yanis Belkacem,313,,5.0,25.21,TEL,Litige paiement,Oui,Oui,Conforme,,Non
APP-11582,20/05/2023,Julien Marchand,193,Non résolu,5.0,44.09,Téléphone,Souscription contrat,Oui,Non,Non conforme,4.0,Non
APP-11583,27/02/2023,Léa Girard,222,Résolu,5.0,38.23,TEL,Résiliation,Oui,Non,Conforme,,Non
APP-11584,27/01/2023,Karim Boudiaf,221,Non résolu,5.0,10.63,telephone,Litige paiement,Oui,Oui,,,Non
APP-11585,28/01/2023,Yanis Belkacem,172,Résolu,4.0,15.8,Téléphone,Litige paiement,Oui,Oui,Conforme,,Non
APP-11586,21/08/2023,Sophie Nguyen,224,Résolu,4.0,17.94,TEL,Réclamation,Oui,Non,,,Oui
APP-11587,17/03/2023,Amandine Faure,100,Résolu,5.0,11.74,Email,Réclamation,Oui,Non,Conforme,,Non
APP-11588,04/11/2023,Léa Girard,216,Résolu,4.0,,Téléphone,Litige paiement,Oui,Oui,Conforme,9.0,Non
APP-11589,31/03/2023,Léa Girard,218,Résolu,4.0,44.0,Chat,Relevé compteur,Oui,Non,Conforme,,Non
APP-11590,06/09/2023,Marie Lefevre,86,Non résolu,5.0,37.54,telephone,Réclamation,Oui,Non,Conforme,,Non
APP-11591,21/03/2023,Julien Marchand,198,Résolu,,20.07,Email,Facturation,Oui,Non,Conforme,0.0,Non
APP-11592,31/05/2023,Julien Marchand,148,Non résolu,5.0,12.8,TEL,Résiliation,Oui,Non,Conforme,4.0,Non
APP-11593,14/08/2023,Thomas Petit,171,Résolu,3.0,17.49,TEL,Litige paiement,Oui,Oui,Non conforme,,Non
APP-11594,08/05/2023,Amandine Faure,363,Résolu,3.0,10.31,telephone,Résiliation,Oui,Non,Non conforme,,Non
APP-11595,28/09/2023,Léa Girard,137,Résolu,4.0,15.79,telephone,Souscription contrat,Oui,Non,Conforme,10.0,Non
APP-11596,30/07/2023,Yanis Belkacem,205,Résolu,2.0,20.68,Chat,Déménagement,Oui,Non,Conforme,,Non
APP-11597,04/11/2023,Sophie Nguyen,269,Non résolu,5.0,39.99,TEL,Litige paiement,Oui,Non,Conforme,10.0,Non
APP-11598,19/08/2023,Yanis Belkacem,67,Résolu,4.0,28.85,Chat,Souscription contrat,Oui,Non,Non conforme,,Non
APP-11599,18/02/2023,Thomas Petit,226,Résolu,5.0,37.74,telephone,Relevé compteur,Oui,Oui,Conforme,8.0,Non
APP-11600,04/12/2023,Nicolas Roux,261,Résolu,5.0,26.7,TEL,Résiliation,Non,Non,Conforme,,Non
APP-11601,02/03/2023,Marie Lefevre,144,Résolu,3.0,13.33,Chat,Changement d'offre,Oui,Non,Conforme,,Non
APP-11602,16/07/2023,Fatima Zahra,111,Non résolu,3.0,26.05,TEL,Déménagement,Non,Non,Conforme,7.0,Non
APP-11603,29/04/2023,Marie Lefevre,310,Résolu,5.0,11.04,Chat,Réclamation,Oui,Non,Conforme,,Non
APP-11604,07/10/2023,Marie Lefevre,70,Résolu,3.0,,Email,Demande d'information,Oui,Non,Conforme,9.0,Non
APP-11605,27/09/2023,Léa Girard,204,Résolu,5.0,38.43,TEL,Facturation,Oui,Non,Conforme,8.0,Non
APP-11606,12/06/2023,Julien Marchand,229,Résolu,5.0,24.96,Téléphone,Facturation,Oui,Non,Conforme,7.0,Non
APP-11607,29/06/2023,Marie Lefevre,182,Résolu,5.0,34.83,telephone,Demande d'information,Oui,Non,Conforme,,Non
APP-11608,22/09/2023,Nicolas Roux,404,Résolu,5.0,36.75,TEL,Réclamation,Oui,Non,Conforme,,Non
APP-11609,14/01/2023,Nicolas Roux,313,Non résolu,5.0,39.9,Téléphone,Facturation,Oui,Non,Conforme,,Non
APP-11610,30/08/2023,Marie Lefevre,275,Non résolu,,39.08,telephone,Souscription contrat,Non,Non,Conforme,8.0,Non
APP-11611,11/05/2023,Marie Lefevre,66,Non résolu,4.0,44.61,Chat,Panne compteur,Oui,Non,Conforme,,Non
APP-11612,14/11/2023,Léa Girard,214,Résolu,,15.22,Email,Changement d'offre,Oui,Non,Conforme,,Non
APP-11613,09/06/2023,Thomas Petit,316,Résolu,1.0,26.11,Chat,Litige paiement,Oui,Oui,Conforme,,Non
APP-11614,21/07/2023,Sophie Nguyen,235,Résolu,4.0,25.88,Chat,Litige paiement,Oui,Non,Conforme,,Oui
APP-11615,16/08/2023,Amandine Faure,393,Résolu,5.0,39.01,Email,Réclamation,Oui,Non,Conforme,7.0,Non
APP-11616,02/08/2023,Sophie Nguyen,325,Résolu,4.0,23.05,Téléphone,Litige paiement,Non,Non,Conforme,,Non
APP-11617,16/09/2023,Yanis Belkacem,207,Résolu,3.0,20.14,Téléphone,Déménagement,Oui,Oui,Non conforme,,Non
APP-11618,25/05/2023,Julien Marchand,380,Non résolu,3.0,12.66,Téléphone,Panne compteur,Oui,Non,Conforme,3.0,Non
APP-11619,24/07/2023,Julien Marchand,215,Résolu,4.0,15.27,Email,Souscription contrat,Oui,Non,Conforme,10.0,Oui
APP-11620,02/09/2023,Fatima Zahra,411,Résolu,5.0,26.12,Chat,Souscription contrat,Non,Non,Conforme,,Non
APP-11621,07/02/2023,Yanis Belkacem,386,Résolu,4.0,31.86,Email,Relevé compteur,Oui,Non,Conforme,,Non
APP-11622,02/01/2023,Thomas Petit,266,Non résolu,2.0,21.77,Téléphone,Souscription contrat,Oui,Non,Non conforme,0.0,Non
APP-11623,22/09/2023,Léa Girard,103,Résolu,3.0,32.48,telephone,Relevé compteur,Oui,Non,Conforme,10.0,Non
APP-11624,28/11/2023,Léa Girard,259,Résolu,3.0,14.86,Chat,Facturation,Oui,Non,Conforme,,Non
APP-11625,15/03/2023,Thomas Petit,141,Résolu,5.0,18.31,Email,Demande d'information,Oui,Non,Conforme,,Non
APP-11626,06/04/2023,Léa Girard,185,Résolu,1.0,38.55,Email,Demande d'information,Non,Non,,,Non
APP-11627,20/05/2023,Yanis Belkacem,191,Résolu,5.0,18.57,TEL,Demande d'information,Oui,Oui,Conforme,,Non
APP-11628,08/10/2023,Yanis Belkacem,140,Résolu,4.0,21.86,TEL,Demande d'information,Oui,Non,Non conforme,,Non
APP-11629,18/03/2023,Karim Boudiaf,259,Résolu,4.0,,Email,Panne compteur,Oui,Non,Conforme,9.0,Non
APP-11630,01/06/2023,Nicolas Roux,192,Résolu,,,telephone,Demande d'information,Oui,Oui,Conforme,1.0,Non
APP-11631,12/04/2023,Marie Lefevre,347,Non résolu,,11.22,Téléphone,Demande d'information,Oui,Non,Conforme,4.0,Non
APP-11632,11/05/2023,Fatima Zahra,346,Résolu,4.0,37.45,Email,Réclamation,Oui,Non,Conforme,,Non
APP-11633,28/08/2023,Yanis Belkacem,257,Résolu,,14.48,Chat,Déménagement,Oui,Non,Conforme,8.0,Non
APP-11634,25/10/2023,Julien Marchand,140,Résolu,3.0,16.07,Chat,Changement d'offre,Oui,Non,Conforme,10.0,Oui
APP-11635,18/12/2023,Nicolas Roux,301,Résolu,5.0,40.34,Email,Panne compteur,Oui,Non,Conforme,,Non
APP-11636,25/03/2023,Marie Lefevre,164,Résolu,3.0,8.02,Chat,Changement d'offre,Oui,Non,Conforme,,Non
APP-11637,13/05/2023,Marie Lefevre,160,Résolu,3.0,40.21,Email,Changement d'offre,Oui,Non,Conforme,8.0,Non
APP-11638,02/05/2023,Yanis Belkacem,288,Non résolu,,35.76,Téléphone,Souscription contrat,Oui,Non,Conforme,8.0,Non
APP-11639,03/02/2023,Léa Girard,350,Non résolu,4.0,13.63,telephone,Réclamation,Oui,Oui,Conforme,6.0,Non
APP-11640,11/12/2023,Nicolas Roux,52,Résolu,5.0,11.47,telephone,Relevé compteur,Oui,Non,Conforme,,Non
APP-11641,05/02/2023,Julien Marchand,187,Résolu,5.0,25.99,TEL,Résiliation,Oui,Non,Conforme,9.0,Non
APP-11642,19/03/2023,Sophie Nguyen,155,Résolu,,16.81,Chat,Facturation,Non,Non,Conforme,10.0,Non
APP-11643,15/08/2023,Marie Lefevre,179,Résolu,5.0,41.61,TEL,Souscription contrat,Oui,Non,Conforme,8.0,Non
APP-11644,20/01/2023,Nicolas Roux,38,Résolu,,36.14,Email,Changement d'offre,Oui,Non,Conforme,9.0,Non
APP-11645,19/10/2023,Marie Lefevre,49,Résolu,5.0,13.72,Email,Résiliation,Oui,Non,Conforme,,Non
APP-11646,26/07/2023,Fatima Zahra,-7,Résolu,4.0,30.09,Email,Déménagement,Oui,Non,Conforme,,Non
APP-11647,14/12/2023,Nicolas Roux,195,Non résolu,5.0,44.98,Téléphone,Réclamation,Oui,Non,Conforme,,Non
APP-11648,11/06/2023,Thomas Petit,192,Non résolu,5.0,38.62,Email,Relevé compteur,Oui,Oui,Conforme,,Non
APP-11649,15/07/2023,Karim Boudiaf,364,Résolu,5.0,14.32,Téléphone,Panne compteur,Oui,Non,,7.0,Oui
APP-11650,25/12/2023,Karim Boudiaf,252,Non résolu,,30.76,telephone,Résiliation,Oui,Non,Conforme,8.0,Non
APP-11651,30/03/2023,Sophie Nguyen,48,Non résolu,5.0,41.69,Chat,Litige paiement,Oui,Non,Conforme,9.0,Non
APP-11652,29/11/2023,Nicolas Roux,285,,4.0,9.86,Téléphone,Relevé compteur,Oui,Non,Conforme,,Non
APP-11653,09/07/2023,Léa Girard,593,Résolu,4.0,9.29,TEL,Relevé compteur,Oui,Non,Conforme,,Non
APP-11654,18/10/2023,Léa Girard,52,Résolu,1.0,39.05,Email,Souscription contrat,Oui,Non,Conforme,10.0,Non
APP-11655,14/03/2023,Léa Girard,395,Résolu,4.0,13.95,TEL,Changement d'offre,Oui,Non,Conforme,10.0,Non
APP-11656,24/07/2023,Thomas Petit,235,Non résolu,4.0,16.79,telephone,Réclamation,Oui,Non,Conforme,9.0,Non
APP-11657,24/09/2023,Léa Girard,201,Résolu,2.0,9.84,Email,Demande d'information,Oui,Oui,Conforme,8.0,Non
APP-11658,05/02/2023,Amandine Faure,188,Résolu,3.0,30.51,telephone,Résiliation,Oui,Non,,0.0,Non
APP-11659,12/06/2023,Nicolas Roux,269,Résolu,,18.4,Téléphone,Déménagement,Oui,Non,Conforme,7.0,Non
APP-11660,01/02/2023,Sophie Nguyen,202,Non résolu,5.0,37.65,telephone,Facturation,,Non,Conforme,4.0,Non
APP-11661,24/10/2023,Marie Lefevre,138,Résolu,5.0,22.51,Chat,Changement d'offre,Oui,Non,,,Non
APP-11662,05/07/2023,Léa Girard,191,Résolu,,36.59,TEL,Relevé compteur,Oui,Non,,,Oui
APP-11663,14/06/2023,Nicolas Roux,272,Résolu,5.0,16.77,Chat,Litige paiement,Oui,Non,Conforme,7.0,Non
APP-11664,19/05/2023,Sophie Nguyen,301,Résolu,3.0,42.38,Chat,Déménagement,,Oui,Conforme,,Non
APP-11665,28/08/2023,Julien Marchand,406,Résolu,5.0,22.33,Email,Changement d'offre,Oui,Non,Conforme,9.0,Non
APP-11666,03/12/2023,Fatima Zahra,248,Non résolu,,36.68,telephone,Résiliation,Oui,Non,Conforme,,Non
APP-11667,25/11/2023,Amandine Faure,356,Non résolu,4.0,16.67,telephone,Résiliation,Oui,Non,,9.0,Non
APP-11668,04/07/2023,Amandine Faure,222,Résolu,4.0,43.58,TEL,Litige paiement,Oui,Non,Conforme,,Non
APP-11669,04/04/2023,Yanis Belkacem,234,Non résolu,2.0,32.71,Chat,Panne compteur,Oui,Non,Conforme,6.0,Non
APP-11670,05/07/2023,Thomas Petit,229,Résolu,5.0,30.62,telephone,Résiliation,Oui,Non,Conforme,10.0,Non
APP-11671,15/09/2023,Yanis Belkacem,259,Résolu,4.0,33.1,Téléphone,Facturation,Oui,Non,,8.0,Non
APP-11672,05/10/2023,Nicolas Roux,318,Résolu,4.0,43.04,TEL,Réclamation,Oui,Non,Conforme,8.0,Non
APP-11673,26/09/2023,Karim Boudiaf,199,Résolu,5.0,40.74,Email,Résiliation,Oui,Oui,Conforme,8.0,Non
APP-11674,13/10/2023,Yanis Belkacem,159,Résolu,5.0,18.42,Email,Litige paiement,Oui,Non,Conforme,9.0,Non
APP-11675,21/03/2023,Marie Lefevre,325,Résolu,5.0,43.64,telephone,Panne compteur,Non,Non,Conforme,,Non
APP-11676,15/02/2023,Amandine Faure,318,Résolu,5.0,44.63,Chat,Relevé compteur,Oui,Non,Conforme,,Non
APP-11677,14/01/2023,Nicolas Roux,-372,Non résolu,5.0,19.54,Téléphone,Facturation,Oui,Oui,Conforme,6.0,Non
APP-11678,18/07/2023,Amandine Faure,185,Résolu,5.0,24.38,Email,Réclamation,Oui,Non,Conforme,,Non
APP-11679,09/09/2023,Thomas Petit,219,Non résolu,5.0,17.66,telephone,Demande d'information,Oui,Non,Non conforme,9.0,Non
APP-11680,29/03/2023,Julien Marchand,329,Résolu,5.0,42.61,Email,Facturation,Oui,Non,Conforme,,Non
APP-11681,24/04/2023,Amandine Faure,198,Résolu,4.0,14.87,Chat,Résiliation,Oui,Oui,Conforme,,Non
APP-11682,30/11/2023,Karim Boudiaf,297,,5.0,10.29,telephone,Relevé compteur,Oui,Non,Conforme,,Non
APP-11683,01/10/2023,Yanis Belkacem,222,Résolu,,11.42,Email,Litige paiement,Oui,Non,Conforme,,Non
APP-11684,18/11/2023,Fatima Zahra,269,Résolu,,13.57,TEL,Facturation,Non,Non,Non conforme,9.0,Non
APP-11685,02/06/2023,Marie Lefevre,136,Résolu,4.0,43.82,Email,Litige paiement,Oui,Non,Conforme,,Non
APP-11686,28/12/2023,Sophie Nguyen,247,Résolu,4.0,17.13,Email,Litige paiement,Oui,Non,Conforme,,Non
APP-11687,14/10/2023,Thomas Petit,-29,Résolu,,25.43,telephone,Réclamation,Oui,Non,Conforme,4.0,Non
APP-11688,11/05/2023,Amandine Faure,348,Résolu,,35.89,TEL,Réclamation,Oui,Non,Conforme,9.0,Non
APP-11689,26/06/2023,Yanis Belkacem,309,Résolu,5.0,29.38,Chat,Panne compteur,Oui,Non,Conforme,,Non
APP-11690,09/02/2023,Amandine Faure,154,Résolu,5.0,22.89,Téléphone,Résiliation,Oui,Non,Conforme,10.0,Non
APP-11691,30/01/2023,Yanis Belkacem,397,Résolu,5.0,40.73,telephone,Déménagement,Oui,Non,Conforme,8.0,Non
APP-11692,04/05/2023,Julien Marchand,342,Résolu,,18.05,Téléphone,Déménagement,Oui,Non,Conforme,7.0,Non
APP-11693,07/04/2023,Léa Girard,140,Résolu,4.0,15.05,Email,Panne compteur,Oui,Non,Conforme,,Non
APP-11694,17/01/2023,Sophie Nguyen,192,Résolu,5.0,23.91,Chat,Déménagement,Oui,Oui,,,Non
APP-11695,11/10/2023,Julien Marchand,144,Résolu,1.0,38.75,Email,Déménagement,Oui,Oui,Conforme,,Non
APP-11696,31/05/2023,Marie Lefevre,271,Non résolu,4.0,27.66,Email,Demande d'information,Oui,Non,Non conforme,9.0,Oui
APP-11697,09/10/2023,Léa Girard,188,Résolu,2.0,18.65,TEL,Relevé compteur,Non,Non,Conforme,,Non
APP-11698,06/09/2023,Nicolas Roux,67,Non résolu,4.0,30.06,telephone,Litige paiement,Oui,Non,Conforme,8.0,Oui
APP-11699,17/04/2023,Fatima Zahra,233,Résolu,5.0,24.05,telephone,Litige paiement,Non,Non,Conforme,10.0,Non
APP-11700,30/04/2023,Karim Boudiaf,322,Résolu,5.0,20.73,Email,Réclamation,Oui,Non,Conforme,6.0,Non
APP-11701,29/10/2023,Nicolas Roux,249,Non résolu,3.0,35.12,Téléphone,Réclamation,Oui,Non,Conforme,10.0,Non
APP-11702,18/02/2023,Amandine Faure,288,Non résolu,4.0,38.38,Chat,Changement d'offre,Non,Oui,Conforme,5.0,Non
APP-11703,03/02/2023,Fatima Zahra,257,Résolu,5.0,28.96,Téléphone,Changement d'offre,Oui,Oui,Conforme,3.0,Non
APP-11704,20/11/2023,Amandine Faure,305,Résolu,4.0,22.78,Chat,Facturation,Oui,Non,Conforme,7.0,Non
APP-11705,06/02/2023,Thomas Petit,265,Non résolu,1.0,20.09,telephone,Résiliation,Oui,Non,Conforme,8.0,Non
APP-11706,21/06/2023,Marie Lefevre,228,Résolu,4.0,29.34,TEL,Souscription contrat,Oui,Non,Conforme,8.0,Non
APP-11707,29/10/2023,Yanis Belkacem,248,Non résolu,4.0,25.17,Chat,Souscription contrat,Oui,Non,Conforme,2.0,Non
APP-11708,28/10/2023,Sophie Nguyen,376,Résolu,3.0,,Chat,Facturation,Non,Oui,Conforme,10.0,Non
APP-11709,22/10/2023,Karim Boudiaf,294,Résolu,4.0,9.2,Téléphone,Résiliation,Oui,Non,Conforme,,Non
APP-11710,26/05/2023,Thomas Petit,278,Résolu,4.0,11.82,Chat,Changement d'offre,Oui,Oui,Conforme,10.0,Non
APP-11711,18/05/2023,Sophie Nguyen,427,Résolu,4.0,14.38,Email,Changement d'offre,Oui,Non,Conforme,,Non
APP-11712,17/11/2023,Thomas Petit,83,Résolu,4.0,42.72,TEL,Souscription contrat,,Non,Conforme,,Non
APP-11713,03/02/2023,Fatima Zahra,292,,4.0,38.29,Chat,Facturation,Oui,Non,Conforme,8.0,Non
APP-11714,09/07/2023,Julien Marchand,234,Résolu,3.0,20.86,TEL,Relevé compteur,Oui,Non,Conforme,7.0,Non
APP-11715,19/12/2023,Léa Girard,280,Non résolu,5.0,9.86,telephone,Souscription contrat,Oui,Non,Conforme,,Non
APP-11716,31/10/2023,Sophie Nguyen,251,Résolu,5.0,24.94,Email,Résiliation,Oui,Non,Conforme,8.0,Non
APP-11717,27/05/2023,Léa Girard,212,Résolu,5.0,,Téléphone,Relevé compteur,Oui,Oui,Conforme,,Non
APP-11718,08/11/2023,Amandine Faure,290,Résolu,5.0,17.36,Chat,Panne compteur,Oui,Non,Conforme,7.0,Non
APP-11719,15/01/2023,Julien Marchand,119,Résolu,4.0,29.37,telephone,Facturation,Non,Non,Conforme,,Non
APP-11720,31/12/2023,Marie Lefevre,337,Non résolu,5.0,38.37,Téléphone,Réclamation,Oui,Non,Conforme,,Non
APP-11721,05/04/2023,Thomas Petit,197,Non résolu,,25.66,Email,Réclamation,Oui,Non,Non conforme,7.0,Non
APP-11722,13/03/2023,Yanis Belkacem,124,Non résolu,1.0,37.81,Chat,Réclamation,Oui,Non,,5.0,Non
APP-11723,26/12/2023,Léa Girard,114,Résolu,4.0,20.14,Téléphone,Relevé compteur,Oui,Non,Conforme,7.0,Non
APP-11724,23/02/2023,Léa Girard,103,Non résolu,1.0,39.11,telephone,Déménagement,Oui,Non,Conforme,,Non
APP-11725,29/04/2023,Fatima Zahra,-14,Non résolu,4.0,16.19,telephone,Réclamation,Oui,Oui,Conforme,,Non
APP-11726,16/05/2023,Karim Boudiaf,348,Non résolu,4.0,38.47,Téléphone,Réclamation,Non,Oui,Conforme,,Non
APP-11727,30/12/2023,Yanis Belkacem,198,Résolu,5.0,22.23,telephone,Facturation,Oui,Non,Non conforme,,Non
APP-11728,26/07/2023,Amandine Faure,71,Résolu,5.0,42.5,TEL,Souscription contrat,Oui,Non,Conforme,10.0,Non
APP-11729,18/06/2023,Fatima Zahra,205,,3.0,12.39,Email,Facturation,Oui,Non,Conforme,10.0,Non
APP-11730,30/10/2023,Karim Boudiaf,257,Résolu,4.0,27.67,Téléphone,Changement d'offre,Oui,Non,Non conforme,5.0,Non
APP-11731,09/01/2023,Sophie Nguyen,280,Non résolu,3.0,9.21,Chat,Panne compteur,Oui,Oui,Non conforme,9.0,Non
APP-11732,12/06/2023,Sophie Nguyen,16,Résolu,,13.97,Email,Changement d'offre,Oui,Non,Conforme,,Non
APP-11733,06/02/2023,Julien Marchand,180,Résolu,5.0,32.29,Téléphone,Relevé compteur,Oui,Non,Conforme,8.0,Non
APP-11734,28/06/2023,Fatima Zahra,245,Résolu,,34.45,Téléphone,Relevé compteur,Oui,Non,Conforme,9.0,Non
APP-11735,10/05/2023,Thomas Petit,280,Résolu,5.0,10.53,Téléphone,Facturation,Oui,Non,Conforme,,Non
APP-11736,27/08/2023,Yanis Belkacem,153,Résolu,4.0,30.67,Email,Relevé compteur,Oui,Non,,,Non
APP-11737,16/01/2023,Thomas Petit,221,Non résolu,4.0,42.72,Email,Résiliation,Oui,Non,Conforme,6.0,Non
APP-11738,18/08/2023,Karim Boudiaf,187,Résolu,5.0,21.12,Téléphone,Réclamation,Oui,Oui,Conforme,3.0,Non
APP-11739,01/12/2023,Fatima Zahra,260,,4.0,28.37,Email,Souscription contrat,Oui,Non,Conforme,,Non
APP-11740,03/01/2023,Marie Lefevre,344,Résolu,5.0,38.14,TEL,Panne compteur,Oui,Non,Conforme,9.0,Non
APP-11741,26/02/2023,Karim Boudiaf,209,Résolu,3.0,30.64,telephone,Souscription contrat,Oui,Non,Conforme,10.0,Non
APP-11742,27/09/2023,Julien Marchand,116,Résolu,1.0,11.92,Téléphone,Litige paiement,Oui,Non,Conforme,9.0,Non
APP-11743,27/12/2023,Karim Boudiaf,176,Résolu,5.0,21.13,telephone,Demande d'information,Non,Non,Non conforme,7.0,Non
APP-11744,31/10/2023,Sophie Nguyen,396,Non résolu,4.0,32.35,TEL,Changement d'offre,Oui,Oui,Conforme,10.0,Oui
APP-11745,04/10/2023,Marie Lefevre,162,Résolu,5.0,10.59,TEL,Résiliation,Oui,Non,Non conforme,6.0,Non
APP-11746,18/02/2023,Fatima Zahra,131,Non résolu,4.0,13.8,telephone,Litige paiement,Oui,Oui,Conforme,,Non
APP-11747,12/01/2023,Léa Girard,204,,5.0,38.61,Téléphone,Résiliation,Oui,Non,Conforme,6.0,Non
APP-11748,05/12/2023,Yanis Belkacem,231,Résolu,,14.22,Email,Déménagement,Oui,Non,Conforme,8.0,Non
APP-11749,10/09/2023,Thomas Petit,192,Non résolu,5.0,40.54,Chat,Facturation,Oui,Non,Conforme,,Non
APP-11750,03/07/2023,Sophie Nguyen,103,Résolu,4.0,26.59,Email,Demande d'information,Oui,Non,Conforme,8.0,Non
APP-11751,23/01/2023,Karim Boudiaf,268,Résolu,,35.06,Chat,Panne compteur,Oui,Non,Conforme,8.0,Non
APP-11752,20/09/2023,Fatima Zahra,260,Résolu,3.0,31.3,Email,Réclamation,Oui,Non,Non conforme,,Non
APP-11753,05/01/2023,Amandine Faure,302,Non résolu,,22.92,TEL,Litige paiement,Oui,Oui,Conforme,,Non
APP-11754,19/06/2023,Thomas Petit,258,Résolu,4.0,33.07,Email,Réclamation,Oui,Non,Conforme,7.0,Non
APP-11755,13/07/2023,Marie Lefevre,386,Résolu,3.0,23.85,telephone,Souscription contrat,Oui,Non,Conforme,8.0,Non
APP-11756,12/02/2023,Thomas Petit,309,Résolu,4.0,13.42,Téléphone,Souscription contrat,Oui,Non,Non conforme,,Non
APP-11757,15/08/2023,Sophie Nguyen,289,Résolu,3.0,38.82,TEL,Panne compteur,Oui,Non,Conforme,,Non
APP-11758,04/05/2023,Yanis Belkacem,348,Résolu,4.0,23.96,Téléphone,Relevé compteur,Oui,Oui,Conforme,2.0,Non
APP-11759,29/04/2023,Yanis Belkacem,252,Résolu,,22.02,telephone,Souscription contrat,Oui,Oui,Conforme,5.0,Non
APP-11760,05/05/2023,Julien Marchand,223,Résolu,2.0,39.24,Téléphone,Facturation,Oui,Non,Conforme,5.0,Non
APP-11761,24/06/2023,Léa Girard,267,Non résolu,2.0,25.91,TEL,Déménagement,Oui,Non,Conforme,,Non
APP-11762,27/04/2023,Marie Lefevre,64,Non résolu,,29.2,telephone,Panne compteur,Non,Non,Conforme,,Non
APP-11763,08/02/2023,Fatima Zahra,252,Non résolu,5.0,20.03,Téléphone,Déménagement,Oui,Non,Conforme,,Non
APP-11764,11/02/2023,Nicolas Roux,231,Résolu,4.0,34.95,telephone,Changement d'offre,Oui,Non,Conforme,1.0,Non
APP-11765,11/10/2023,Karim Boudiaf,277,Résolu,2.0,20.79,Chat,Facturation,Oui,Non,Conforme,9.0,Non
APP-11766,15/12/2023,Nicolas Roux,333,Résolu,4.0,43.03,telephone,Souscription contrat,Oui,Non,Conforme,,Non
APP-11767,12/03/2023,Léa Girard,292,Résolu,4.0,22.81,Email,Panne compteur,Oui,Non,Conforme,7.0,Non
APP-11768,06/05/2023,Nicolas Roux,176,Résolu,5.0,44.64,telephone,Résiliation,Oui,Oui,Conforme,9.0,Non
APP-11769,17/11/2023,Amandine Faure,317,Résolu,,8.95,Chat,Réclamation,Oui,Non,Conforme,,Non
APP-11770,19/10/2023,Karim Boudiaf,388,Résolu,4.0,33.46,Téléphone,Réclamation,Oui,Oui,Conforme,8.0,Non
APP-11771,21/07/2023,Fatima Zahra,336,Non résolu,3.0,12.45,Téléphone,Souscription contrat,Oui,Non,Conforme,8.0,Non
APP-11772,08/05/2023,Nicolas Roux,123,Résolu,,19.37,Email,Relevé compteur,Oui,Non,Conforme,9.0,Non
APP-11773,23/10/2023,Fatima Zahra,291,Résolu,4.0,28.22,Téléphone,Relevé compteur,Oui,Non,Conforme,9.0,Non
APP-11774,26/02/2023,Sophie Nguyen,135,Résolu,3.0,14.32,Email,Changement d'offre,Oui,Non,Conforme,,Non
APP-11775,27/10/2023,Julien Marchand,214,Non résolu,2.0,23.47,TEL,Relevé compteur,Non,Non,Non conforme,7.0,Non
APP-11776,30/05/2023,Nicolas Roux,275,Résolu,5.0,11.11,Téléphone,Réclamation,Non,Non,Conforme,10.0,Non
APP-11777,11/07/2023,Karim Boudiaf,262,Résolu,4.0,22.54,Chat,Litige paiement,Oui,Non,Conforme,,Non
APP-11778,15/03/2023,Julien Marchand,334,Non résolu,5.0,14.03,TEL,Demande d'information,Oui,Non,Conforme,,Non
APP-11779,22/07/2023,Julien Marchand,388,Résolu,,16.65,Chat,Relevé compteur,Oui,Oui,,,Non
APP-11780,14/01/2023,Marie Lefevre,284,Résolu,4.0,42.28,Email,Réclamation,Oui,Non,Conforme,,Non
APP-11781,20/08/2023,Yanis Belkacem,207,Résolu,,23.53,Chat,Relevé compteur,Oui,Non,Conforme,7.0,Oui
APP-11782,21/06/2023,Fatima Zahra,68,Résolu,,9.06,Chat,Demande d'information,Non,Non,Conforme,3.0,Non
APP-11783,16/03/2023,Fatima Zahra,358,Résolu,5.0,29.58,Téléphone,Facturation,Oui,Non,Conforme,5.0,Non
APP-11784,29/09/2023,Marie Lefevre,231,,5.0,29.77,Téléphone,Réclamation,Oui,Oui,Conforme,8.0,Non
APP-11785,27/07/2023,Léa Girard,236,Résolu,5.0,22.71,Téléphone,Réclamation,Oui,Non,Conforme,8.0,Non
APP-11786,11/04/2023,Marie Lefevre,243,Non résolu,4.0,18.18,TEL,Changement d'offre,Oui,Non,Conforme,8.0,Non
APP-11787,08/11/2023,Marie Lefevre,279,Non résolu,2.0,34.25,Chat,Litige paiement,Oui,Non,Conforme,9.0,Non
APP-11788,22/09/2023,Léa Girard,282,,2.0,21.86,Email,Relevé compteur,Oui,Non,Conforme,7.0,Non
APP-11789,31/07/2023,Karim Boudiaf,215,Résolu,1.0,28.35,Chat,Résiliation,Oui,Non,Conforme,4.0,Non
APP-11790,17/06/2023,Nicolas Roux,231,Résolu,,38.8,Chat,Déménagement,Oui,Non,Conforme,9.0,Non
APP-11791,18/02/2023,Nicolas Roux,185,Résolu,1.0,37.81,Chat,Réclamation,Non,Non,Conforme,,Oui
APP-11792,14/04/2023,Marie Lefevre,176,Résolu,,38.24,Email,Relevé compteur,Oui,Non,Conforme,8.0,Non
APP-11793,09/07/2023,Marie Lefevre,175,Résolu,,42.42,telephone,Facturation,Oui,Non,Conforme,,Non
APP-11794,16/10/2023,Nicolas Roux,230,Résolu,4.0,20.49,Chat,Souscription contrat,Non,Non,Conforme,,Non
APP-11795,01/03/2023,Karim Boudiaf,159,Résolu,3.0,40.22,Chat,Relevé compteur,Oui,Non,Conforme,9.0,Non
APP-11796,07/02/2023,Marie Lefevre,-21,Résolu,3.0,20.37,Email,Résiliation,Non,Non,Conforme,,Non
APP-11797,21/12/2023,Nicolas Roux,206,Résolu,,22.6,Email,Panne compteur,Oui,Non,Conforme,9.0,Non
APP-11798,11/08/2023,Thomas Petit,128,Résolu,4.0,29.16,Email,Litige paiement,Non,Non,Conforme,0.0,Non
APP-11799,07/07/2023,Sophie Nguyen,249,Résolu,3.0,37.8,TEL,Résiliation,Oui,Non,,7.0,Non
APP-11800,24/10/2023,Karim Boudiaf,185,Résolu,1.0,,TEL,Changement d'offre,Oui,Non,Conforme,8.0,Non
APP-11801,28/10/2023,Karim Boudiaf,281,Résolu,5.0,13.52,Email,Souscription contrat,Oui,Oui,Conforme,9.0,Non
APP-11802,17/04/2023,Fatima Zahra,167,Résolu,,23.11,telephone,Résiliation,Oui,Non,Conforme,8.0,Non
APP-11803,04/11/2023,Sophie Nguyen,118,Résolu,2.0,33.15,telephone,Litige paiement,Non,Non,Conforme,8.0,Non
APP-11804,21/03/2023,Marie Lefevre,381,,4.0,15.16,Email,Relevé compteur,Oui,Non,Conforme,9.0,Non
APP-11805,31/10/2023,Sophie Nguyen,162,Résolu,1.0,31.74,telephone,Facturation,Oui,Non,Conforme,,Non
APP-11806,09/01/2023,Thomas Petit,287,Non résolu,4.0,41.14,Email,Panne compteur,Oui,Non,Conforme,,Non
APP-11807,12/04/2023,Julien Marchand,210,Résolu,3.0,19.0,telephone,Facturation,Oui,Oui,Conforme,,Non
APP-11808,01/11/2023,Yanis Belkacem,197,Résolu,5.0,16.9,TEL,Litige paiement,Non,Non,Conforme,,Non
APP-11809,23/05/2023,Karim Boudiaf,111,Résolu,3.0,32.88,Chat,Résiliation,Oui,Non,Conforme,9.0,Non
APP-11810,05/05/2023,Léa Girard,286,Résolu,4.0,38.5,telephone,Souscription contrat,Oui,Non,Conforme,,Non
APP-11811,20/10/2023,Fatima Zahra,327,,5.0,22.69,TEL,Résiliation,Oui,Non,,2.0,Non
APP-11812,08/10/2023,Julien Marchand,283,Résolu,5.0,21.34,telephone,Déménagement,Oui,Non,,5.0,Non
APP-11813,05/03/2023,Fatima Zahra,177,Résolu,,32.84,TEL,Facturation,Oui,Oui,Non conforme,9.0,Non
APP-11814,20/02/2023,Amandine Faure,206,Non résolu,5.0,44.73,telephone,Relevé compteur,Non,Non,Conforme,,Non
APP-11815,14/02/2023,Léa Girard,221,Résolu,,13.78,telephone,Souscription contrat,Oui,Non,Conforme,,Oui
APP-11816,25/12/2023,Julien Marchand,294,Non résolu,,29.38,telephone,Litige paiement,Non,Non,Non conforme,10.0,Non
APP-11817,26/08/2023,Fatima Zahra,340,Résolu,4.0,40.05,TEL,Déménagement,Oui,Non,Conforme,,Non
APP-11818,14/07/2023,Fatima Zahra,214,Non résolu,4.0,30.92,Téléphone,Demande d'information,Oui,Oui,Conforme,,Non
APP-11819,14/08/2023,Karim Boudiaf,75,Résolu,5.0,23.21,Téléphone,Souscription contrat,Oui,Non,Conforme,9.0,Non
APP-11820,01/10/2023,Amandine Faure,74,Non résolu,4.0,28.88,Téléphone,Demande d'information,Oui,Oui,Conforme,8.0,Non
APP-11821,23/11/2023,Sophie Nguyen,169,Non résolu,4.0,39.47,Téléphone,Résiliation,Oui,Non,Conforme,0.0,Non
APP-11822,18/03/2023,Thomas Petit,323,Résolu,5.0,28.58,TEL,Souscription contrat,Oui,Non,Conforme,,Non
APP-11823,03/04/2023,Sophie Nguyen,288,Résolu,5.0,36.84,Téléphone,Relevé compteur,Oui,Oui,Non conforme,10.0,Non
APP-11824,11/03/2023,Fatima Zahra,299,Résolu,4.0,17.36,Chat,Changement d'offre,Oui,Non,Non conforme,,Non
APP-11825,24/12/2023,Thomas Petit,174,Résolu,5.0,40.03,Email,Déménagement,Oui,Non,Conforme,10.0,Non
APP-11826,14/07/2023,Amandine Faure,199,Résolu,4.0,33.03,telephone,Réclamation,Oui,Oui,Conforme,9.0,Non
APP-11827,02/10/2023,Léa Girard,320,Résolu,5.0,29.99,telephone,Réclamation,Oui,Non,Conforme,,Non
APP-11828,08/08/2023,Sophie Nguyen,386,Résolu,,29.29,Chat,Demande d'information,Oui,Oui,Conforme,10.0,Non
APP-11829,30/08/2023,Marie Lefevre,322,Résolu,3.0,23.88,Email,Déménagement,Oui,Non,Conforme,8.0,Non
APP-11830,09/08/2023,Yanis Belkacem,322,Résolu,1.0,16.37,TEL,Demande d'information,Oui,Non,Conforme,,Non
APP-11831,25/07/2023,Nicolas Roux,171,Résolu,3.0,33.62,Chat,Résiliation,Oui,Non,Conforme,,Non
APP-11832,14/03/2023,Yanis Belkacem,295,Non résolu,5.0,35.64,Téléphone,Résiliation,Oui,Oui,Conforme,8.0,Non
APP-11833,26/02/2023,Thomas Petit,121,Résolu,1.0,16.09,Téléphone,Souscription contrat,Non,Oui,Conforme,7.0,Non
APP-11834,26/08/2023,Yanis Belkacem,336,Résolu,3.0,9.66,Email,Déménagement,Non,Non,Conforme,,Non
APP-11835,21/02/2023,Karim Boudiaf,269,Résolu,4.0,35.16,Email,Demande d'information,Oui,Non,Conforme,,Non
APP-11836,14/07/2023,Sophie Nguyen,214,Résolu,4.0,42.37,Chat,Résiliation,Oui,Non,Conforme,8.0,Non
APP-11837,20/11/2023,Léa Girard,49,Non résolu,5.0,20.28,TEL,Panne compteur,Oui,Non,Non conforme,8.0,Non
APP-11838,17/12/2023,Julien Marchand,211,Non résolu,4.0,11.02,Chat,Panne compteur,Oui,Non,Conforme,9.0,Non
APP-11839,13/03/2023,Karim Boudiaf,237,Résolu,4.0,17.57,telephone,Relevé compteur,Oui,Oui,Conforme,1.0,Non
APP-11840,02/03/2023,Amandine Faure,246,Résolu,1.0,23.78,Téléphone,Relevé compteur,Oui,Oui,Non conforme,8.0,Non
APP-11841,01/05/2023,Yanis Belkacem,215,Résolu,4.0,28.28,TEL,Facturation,Oui,Non,Non conforme,10.0,Non
APP-11842,06/03/2023,Léa Girard,190,Résolu,3.0,32.56,TEL,Résiliation,Oui,Non,Conforme,,Non
APP-11843,26/06/2023,Karim Boudiaf,161,Résolu,4.0,43.72,Email,Réclamation,Oui,Non,Conforme,7.0,Non
APP-11844,24/02/2023,Julien Marchand,385,Non résolu,4.0,26.51,Chat,Déménagement,Oui,Non,Conforme,1.0,Non
APP-11845,13/05/2023,Julien Marchand,415,Non résolu,5.0,10.57,Chat,Demande d'information,Oui,Non,Non conforme,,Non
APP-11846,07/12/2023,Yanis Belkacem,257,Résolu,4.0,20.62,Chat,Panne compteur,Non,Non,Conforme,9.0,Non
APP-11847,23/06/2023,Karim Boudiaf,168,Résolu,2.0,41.94,Chat,Panne compteur,Oui,Non,Conforme,,Non
APP-11848,20/02/2023,Yanis Belkacem,143,Non résolu,5.0,34.44,Email,Relevé compteur,Oui,Oui,Conforme,6.0,Non
APP-11849,20/08/2023,Nicolas Roux,-214,Résolu,5.0,18.85,Téléphone,Demande d'information,Non,Oui,Conforme,3.0,Non
APP-11850,01/04/2023,Marie Lefevre,411,Non résolu,4.0,41.31,Chat,Déménagement,Oui,Non,,,Non
APP-11851,29/03/2023,Yanis Belkacem,262,Non résolu,2.0,37.31,Téléphone,Réclamation,Oui,Non,Non conforme,8.0,Non
APP-11852,24/08/2023,Thomas Petit,346,Non résolu,3.0,43.0,Chat,Litige paiement,Oui,Oui,Conforme,10.0,Non
APP-11853,30/03/2023,Karim Boudiaf,344,Résolu,3.0,18.95,Téléphone,Litige paiement,Oui,Oui,Conforme,10.0,Non
APP-11854,05/07/2023,Julien Marchand,298,Non résolu,5.0,31.45,Email,Litige paiement,Oui,Non,Conforme,9.0,Oui
APP-11855,03/10/2023,Yanis Belkacem,137,Résolu,5.0,29.96,Email,Déménagement,Oui,Non,Conforme,8.0,Non
APP-11856,04/09/2023,Sophie Nguyen,344,Résolu,3.0,28.59,Téléphone,Changement d'offre,Non,Non,Conforme,8.0,Non
APP-11857,15/01/2023,Amandine Faure,127,Résolu,4.0,20.68,Téléphone,Panne compteur,Non,Non,Conforme,8.0,Non
APP-11858,05/07/2023,Fatima Zahra,171,Résolu,5.0,22.88,Email,Panne compteur,Oui,Non,Conforme,7.0,Non
APP-11859,17/12/2023,Karim Boudiaf,265,Résolu,5.0,34.97,telephone,Déménagement,Oui,Oui,Conforme,,Non
APP-11860,14/08/2023,Amandine Faure,206,Résolu,3.0,8.0,Chat,Litige paiement,Oui,Non,,7.0,Non
APP-11861,18/12/2023,Fatima Zahra,264,Résolu,5.0,34.35,telephone,Changement d'offre,Oui,Non,Conforme,,Non
APP-11862,23/08/2023,Léa Girard,123,Résolu,5.0,8.48,TEL,Litige paiement,Oui,Non,,,Non
APP-11863,01/08/2023,Fatima Zahra,171,Résolu,4.0,27.99,Email,Déménagement,Oui,Non,Conforme,9.0,Non
APP-11864,29/04/2023,Marie Lefevre,294,Résolu,5.0,11.15,Email,Résiliation,Oui,Oui,Conforme,,Non
APP-11865,16/03/2023,Yanis Belkacem,488,Résolu,2.0,28.31,telephone,Réclamation,Oui,Non,Conforme,,Non
APP-11866,24/10/2023,Karim Boudiaf,367,Résolu,3.0,22.38,Chat,Résiliation,Oui,Non,Conforme,,Non
APP-11867,25/07/2023,Marie Lefevre,97,Résolu,4.0,16.89,Chat,Réclamation,Oui,Non,Conforme,,Non
APP-11868,30/01/2023,Thomas Petit,214,Résolu,3.0,11.58,Email,Demande d'information,,Non,Conforme,,Non
APP-11869,22/02/2023,Marie Lefevre,184,Résolu,5.0,14.55,TEL,Relevé compteur,Non,Oui,Conforme,,Non
APP-11870,25/08/2023,Thomas Petit,237,Résolu,,27.68,Email,Déménagement,Oui,Non,Conforme,,Non
APP-11871,21/10/2023,Julien Marchand,264,Résolu,5.0,40.32,Email,Litige paiement,,Non,Conforme,,Non
APP-11872,07/01/2023,Nicolas Roux,189,Résolu,5.0,19.31,Téléphone,Relevé compteur,Oui,Non,Conforme,,Non
APP-11873,04/05/2023,Karim Boudiaf,331,Résolu,5.0,22.9,Téléphone,Réclamation,Oui,Non,Conforme,,Non
APP-11874,01/06/2023,Thomas Petit,348,Résolu,5.0,19.66,telephone,Déménagement,Non,Non,Non conforme,6.0,Non
APP-11875,22/04/2023,Yanis Belkacem,342,Résolu,,12.93,Email,Réclamation,Oui,Non,Conforme,8.0,Non
APP-11876,04/02/2023,Fatima Zahra,157,Non résolu,,29.4,telephone,Résiliation,Oui,Oui,Conforme,9.0,Non
APP-11877,14/05/2023,Thomas Petit,269,Non résolu,5.0,33.66,Téléphone,Demande d'information,Oui,Non,Conforme,0.0,Non
APP-11878,29/08/2023,Yanis Belkacem,333,Résolu,,40.3,Chat,Relevé compteur,Oui,Non,Non conforme,,Non
APP-11879,19/11/2023,Fatima Zahra,313,,5.0,26.5,Téléphone,Changement d'offre,Oui,Non,Conforme,,Non
APP-11880,17/02/2023,Léa Girard,307,Non résolu,3.0,14.91,telephone,Relevé compteur,Oui,Non,Conforme,10.0,Non
APP-11881,31/05/2023,Marie Lefevre,369,Résolu,3.0,8.95,TEL,Panne compteur,Oui,Non,Non conforme,,Non
APP-11882,01/02/2023,Léa Girard,198,Non résolu,4.0,30.83,Téléphone,Panne compteur,Non,Oui,Non conforme,8.0,Non
APP-11883,11/10/2023,Fatima Zahra,83,Résolu,5.0,39.45,TEL,Facturation,Oui,Non,Conforme,,Non
APP-11884,02/03/2023,Amandine Faure,213,Résolu,,,Chat,Réclamation,Oui,Non,Conforme,10.0,Non
APP-11885,09/04/2023,Nicolas Roux,218,Résolu,4.0,43.65,Téléphone,Déménagement,Oui,Non,Conforme,,Non
APP-11886,06/02/2023,Marie Lefevre,235,Résolu,4.0,29.67,Chat,Souscription contrat,Oui,Non,Conforme,9.0,Non
APP-11887,26/10/2023,Léa Girard,151,Résolu,3.0,28.03,Téléphone,Déménagement,Oui,Non,Conforme,10.0,Non
APP-11888,08/11/2023,Marie Lefevre,257,Non résolu,4.0,28.14,telephone,Réclamation,Oui,Non,Conforme,,Non
APP-11889,08/04/2023,Julien Marchand,158,Résolu,3.0,16.65,telephone,Changement d'offre,Oui,Non,Conforme,9.0,Non
APP-11890,11/05/2023,Marie Lefevre,339,Résolu,4.0,9.54,Chat,Souscription contrat,Oui,Non,Conforme,8.0,Oui
APP-11891,18/05/2023,Julien Marchand,282,Résolu,4.0,26.43,Chat,Litige paiement,Oui,Non,Conforme,,Non
APP-11892,20/11/2023,Marie Lefevre,141,Non résolu,,19.39,TEL,Résiliation,Oui,Oui,Non conforme,9.0,Oui
APP-11893,23/08/2023,Karim Boudiaf,315,Résolu,5.0,30.7,TEL,Réclamation,Oui,Non,Conforme,,Non
APP-11894,09/11/2023,Léa Girard,383,Résolu,4.0,21.5,Chat,Réclamation,Oui,Non,Conforme,,Non
APP-11895,12/01/2023,Léa Girard,291,Résolu,4.0,31.72,Téléphone,Résiliation,Oui,Non,,,Non
APP-11896,22/02/2023,Thomas Petit,117,Résolu,5.0,,TEL,Panne compteur,Oui,Non,,,Non
APP-11897,06/12/2023,Fatima Zahra,226,Résolu,3.0,33.96,TEL,Déménagement,Non,Non,Conforme,8.0,Non
APP-11898,23/05/2023,Thomas Petit,57,Résolu,4.0,41.72,Chat,Résiliation,Oui,Non,Conforme,,Non
APP-11899,02/04/2023,Amandine Faure,312,Non résolu,5.0,8.77,Email,Panne compteur,Oui,Oui,Conforme,3.0,Non
APP-11900,04/05/2023,Amandine Faure,206,Résolu,5.0,36.36,TEL,Litige paiement,,Oui,Conforme,,Non
APP-11901,28/05/2023,Yanis Belkacem,225,Non résolu,,33.98,telephone,Demande d'information,Oui,Non,Conforme,5.0,Non
APP-11902,14/03/2023,Nicolas Roux,350,Résolu,,22.65,telephone,Facturation,Oui,Non,Conforme,9.0,Non
APP-11903,29/12/2023,Nicolas Roux,134,Non résolu,2.0,35.98,TEL,Relevé compteur,Oui,Non,Conforme,7.0,Non
APP-11904,25/05/2023,Julien Marchand,36,Résolu,5.0,42.59,telephone,Résiliation,Oui,Oui,,7.0,Non
APP-11905,14/12/2023,Léa Girard,133,Non résolu,2.0,17.28,Téléphone,Changement d'offre,Oui,Non,Conforme,,Non
APP-11906,31/07/2023,Sophie Nguyen,259,Résolu,4.0,43.86,Chat,Litige paiement,Non,Non,Non conforme,8.0,Non
APP-11907,11/07/2023,Yanis Belkacem,151,Résolu,4.0,21.98,TEL,Souscription contrat,Oui,Non,Conforme,9.0,Non
APP-11908,15/01/2023,Julien Marchand,223,Résolu,4.0,26.72,telephone,Facturation,Non,Non,Conforme,5.0,Non
APP-11909,29/06/2023,Julien Marchand,195,Non résolu,5.0,13.99,telephone,Facturation,Oui,Oui,Conforme,,Non
APP-11910,23/05/2023,Marie Lefevre,54,Résolu,4.0,22.83,TEL,Réclamation,Oui,Non,,8.0,Non
APP-11911,07/07/2023,Julien Marchand,178,Résolu,5.0,12.26,Email,Facturation,Oui,Non,Conforme,0.0,Non
APP-11912,14/05/2023,Nicolas Roux,220,Non résolu,2.0,22.33,TEL,Déménagement,,Non,Non conforme,4.0,Non
APP-11913,03/11/2023,Amandine Faure,326,Non résolu,,32.41,Téléphone,Demande d'information,Oui,Non,Conforme,,Non
APP-11914,09/02/2023,Fatima Zahra,419,Résolu,2.0,10.27,Email,Litige paiement,Oui,Oui,Conforme,,Non
APP-11915,10/12/2023,Léa Girard,169,Résolu,5.0,38.11,TEL,Relevé compteur,Oui,Non,Conforme,10.0,Non
APP-11916,22/05/2023,Sophie Nguyen,255,Résolu,3.0,43.32,Email,Relevé compteur,Non,Non,Conforme,,Non
APP-11917,16/11/2023,Amandine Faure,285,Résolu,2.0,13.6,Téléphone,Litige paiement,Oui,Oui,Conforme,9.0,Non
APP-11918,10/10/2023,Yanis Belkacem,460,Non résolu,4.0,29.52,Email,Réclamation,Non,Non,Conforme,8.0,Non
APP-11919,22/02/2023,Marie Lefevre,191,Résolu,,22.85,Chat,Changement d'offre,Oui,Non,,10.0,Non
APP-11920,25/12/2023,Léa Girard,164,Non résolu,4.0,22.49,Téléphone,Résiliation,Non,Oui,Conforme,0.0,Non
APP-11921,11/07/2023,Julien Marchand,207,Résolu,4.0,14.02,TEL,Résiliation,Non,Non,Conforme,9.0,Non
APP-11922,02/03/2023,Nicolas Roux,164,Non résolu,5.0,10.17,Chat,Litige paiement,Oui,Non,Non conforme,4.0,Non
APP-11923,11/10/2023,Léa Girard,300,Non résolu,,28.44,Email,Demande d'information,Oui,Non,Conforme,,Non
APP-11924,23/04/2023,Fatima Zahra,329,Résolu,,29.35,Téléphone,Résiliation,Non,Oui,Conforme,9.0,Non
APP-11925,27/12/2023,Yanis Belkacem,262,Non résolu,2.0,20.78,TEL,Déménagement,Oui,Non,,,Non
APP-11926,22/02/2023,Sophie Nguyen,256,Résolu,3.0,10.93,Téléphone,Réclamation,Oui,Oui,Conforme,8.0,Non
APP-11927,05/07/2023,Julien Marchand,365,Résolu,1.0,28.94,TEL,Réclamation,Oui,Non,Conforme,,Non
APP-11928,12/11/2023,Léa Girard,221,Résolu,4.0,18.96,Email,Résiliation,Oui,Non,,8.0,Non
APP-11929,05/04/2023,Yanis Belkacem,312,Non résolu,5.0,13.31,TEL,Souscription contrat,Oui,Non,Conforme,,Non
APP-11930,22/02/2023,Marie Lefevre,220,Résolu,4.0,30.04,Chat,Panne compteur,Oui,Non,Non conforme,,Non
APP-11931,22/11/2023,Sophie Nguyen,136,Non résolu,3.0,10.98,Email,Litige paiement,Non,Non,Conforme,,Non
APP-11932,23/11/2023,Léa Girard,348,Non résolu,5.0,10.97,telephone,Facturation,Oui,Non,Conforme,,Non
APP-11933,02/01/2023,Marie Lefevre,268,Résolu,5.0,25.64,TEL,Changement d'offre,Oui,Oui,Conforme,3.0,Non
APP-11934,16/03/2023,Marie Lefevre,338,Résolu,5.0,36.99,Chat,Changement d'offre,Oui,Non,Conforme,10.0,Non
APP-11935,09/11/2023,Thomas Petit,279,Non résolu,5.0,18.25,Chat,Facturation,Oui,Oui,Conforme,10.0,Oui
APP-11936,14/07/2023,Marie Lefevre,290,Non résolu,5.0,9.49,Email,Demande d'information,Oui,Non,Conforme,,Non
APP-11937,07/11/2023,Thomas Petit,166,Résolu,2.0,23.0,Chat,Litige paiement,Oui,Non,Conforme,7.0,Non
APP-11938,19/07/2023,Thomas Petit,477,Non résolu,3.0,42.63,Chat,Litige paiement,Non,Non,Non conforme,8.0,Non
APP-11939,11/11/2023,Yanis Belkacem,287,Résolu,,32.87,telephone,Souscription contrat,Oui,Oui,Conforme,5.0,Non
APP-11940,10/04/2023,Amandine Faure,364,Résolu,5.0,43.17,Email,Panne compteur,Oui,Non,Conforme,0.0,Non
APP-11941,12/05/2023,Amandine Faure,232,Résolu,3.0,8.82,Chat,Réclamation,Oui,Non,Conforme,8.0,Non
APP-11942,25/01/2023,Thomas Petit,186,Résolu,5.0,12.89,Email,Changement d'offre,Oui,Oui,Conforme,,Non
APP-11943,21/07/2023,Nicolas Roux,-315,Non résolu,5.0,24.27,Chat,Relevé compteur,Oui,Non,Conforme,6.0,Non
APP-11944,08/07/2023,Amandine Faure,126,Résolu,,10.02,Téléphone,Panne compteur,Oui,Non,Conforme,3.0,Non
APP-11945,21/09/2023,Thomas Petit,377,Résolu,5.0,30.18,Email,Changement d'offre,Oui,Non,Conforme,8.0,Non
APP-11946,03/09/2023,Fatima Zahra,218,Non résolu,4.0,16.0,telephone,Demande d'information,Oui,Oui,Conforme,,Non
APP-11947,30/12/2023,Thomas Petit,312,Résolu,5.0,24.38,Email,Réclamation,Oui,Non,Conforme,8.0,Non
APP-11948,17/12/2023,Sophie Nguyen,269,Résolu,5.0,21.06,Chat,Déménagement,Oui,Non,Conforme,,Non
APP-11949,12/06/2023,Karim Boudiaf,348,Résolu,,37.59,Email,Litige paiement,Oui,Non,Conforme,,Non
APP-11950,16/04/2023,Thomas Petit,354,Résolu,2.0,31.36,Téléphone,Panne compteur,Oui,Non,Conforme,,Non
APP-11951,24/05/2023,Sophie Nguyen,259,Résolu,5.0,37.02,Chat,Souscription contrat,Oui,Non,Conforme,,Non
APP-11952,12/08/2023,Marie Lefevre,103,Non résolu,,43.44,telephone,Résiliation,Non,Non,Conforme,,Non
APP-11953,13/08/2023,Julien Marchand,397,Résolu,,28.02,TEL,Demande d'information,Oui,Non,Conforme,8.0,Non
APP-11954,21/07/2023,Marie Lefevre,119,Non résolu,,31.15,Email,Souscription contrat,Oui,Oui,Conforme,7.0,Non
APP-11955,03/06/2023,Yanis Belkacem,285,Résolu,5.0,29.15,TEL,Relevé compteur,Oui,Non,Conforme,,Non
APP-11956,22/01/2023,Sophie Nguyen,366,Non résolu,,27.37,telephone,Litige paiement,Oui,Oui,Conforme,8.0,Non
APP-11957,13/03/2023,Karim Boudiaf,289,Résolu,3.0,16.39,Email,Changement d'offre,Oui,Non,Conforme,0.0,Non
APP-11958,12/01/2023,Nicolas Roux,186,Non résolu,5.0,24.35,Téléphone,Déménagement,Oui,Non,Conforme,4.0,Non
APP-11959,19/12/2023,Fatima Zahra,261,Résolu,3.0,14.04,Téléphone,Relevé compteur,Non,Non,Conforme,,Non
APP-11960,22/09/2023,Thomas Petit,193,Résolu,4.0,22.31,TEL,Déménagement,Non,Non,Conforme,8.0,Non
APP-11961,29/11/2023,Julien Marchand,190,,4.0,9.89,Email,Panne compteur,Oui,Non,Conforme,,Non
APP-11962,26/10/2023,Fatima Zahra,265,Résolu,4.0,25.88,telephone,Réclamation,Non,Non,Conforme,10.0,Non
APP-11963,27/01/2023,Marie Lefevre,15,Résolu,4.0,22.16,TEL,Déménagement,Non,Non,Conforme,,Non
APP-11964,02/10/2023,Nicolas Roux,222,Résolu,,26.71,TEL,Panne compteur,Oui,Non,,,Non
APP-11965,21/07/2023,Amandine Faure,257,Résolu,5.0,10.3,telephone,Souscription contrat,Oui,Non,Conforme,0.0,Non
APP-11966,26/10/2023,Thomas Petit,251,Non résolu,4.0,28.94,Email,Relevé compteur,Oui,Non,Non conforme,,Non
APP-11967,24/11/2023,Karim Boudiaf,173,Résolu,5.0,40.49,TEL,Changement d'offre,Oui,Oui,Conforme,9.0,Non
APP-11968,16/08/2023,Karim Boudiaf,289,Résolu,4.0,9.8,telephone,Réclamation,Oui,Non,Conforme,8.0,Non
APP-11969,31/12/2023,Julien Marchand,246,Non résolu,4.0,11.63,Téléphone,Résiliation,Oui,Non,Conforme,10.0,Non
APP-11970,16/01/2023,Marie Lefevre,429,Résolu,4.0,9.69,TEL,Déménagement,Oui,Non,Conforme,7.0,Non
APP-11971,10/06/2023,Karim Boudiaf,293,Résolu,5.0,43.0,telephone,Litige paiement,Oui,Non,Conforme,9.0,Non
APP-11972,12/04/2023,Léa Girard,196,Non résolu,5.0,10.86,Chat,Relevé compteur,Oui,Oui,Conforme,10.0,Non
APP-11973,13/02/2023,Julien Marchand,313,Résolu,3.0,,TEL,Résiliation,Oui,Non,Non conforme,7.0,Non
APP-11974,11/11/2023,Julien Marchand,231,Non résolu,4.0,12.56,Chat,Relevé compteur,Oui,Non,Conforme,,Non
APP-11975,12/01/2023,Julien Marchand,232,Non résolu,1.0,27.19,Email,Résiliation,Oui,Non,Conforme,9.0,Non
APP-11976,19/07/2023,Marie Lefevre,175,Résolu,,44.61,telephone,Changement d'offre,Oui,Non,Conforme,,Non
APP-11977,17/09/2023,Amandine Faure,124,Résolu,5.0,33.32,telephone,Souscription contrat,Oui,Non,Conforme,,Non
APP-11978,12/02/2023,Karim Boudiaf,328,Résolu,5.0,10.84,TEL,Déménagement,Non,Non,Conforme,8.0,Non
APP-11979,19/11/2023,Fatima Zahra,50,Résolu,4.0,8.15,TEL,Réclamation,Non,Oui,Conforme,,Non
APP-11980,23/12/2023,Thomas Petit,343,Résolu,4.0,,TEL,Souscription contrat,Oui,Non,Conforme,10.0,Non
APP-11981,21/04/2023,Nicolas Roux,364,Résolu,5.0,23.2,TEL,Changement d'offre,Non,Non,Conforme,7.0,Non
APP-11982,14/05/2023,Amandine Faure,2,Résolu,2.0,8.89,telephone,Changement d'offre,Oui,Non,Conforme,7.0,Non
APP-11983,22/07/2023,Fatima Zahra,210,Non résolu,1.0,20.41,Email,Relevé compteur,Oui,Non,Conforme,9.0,Non
APP-11984,11/07/2023,Marie Lefevre,249,Résolu,2.0,34.96,Téléphone,Changement d'offre,Oui,Non,Conforme,10.0,Non
APP-11985,03/12/2023,Fatima Zahra,285,Résolu,1.0,19.67,telephone,Relevé compteur,Oui,Non,Non conforme,8.0,Non
APP-11986,02/06/2023,Karim Boudiaf,114,Résolu,5.0,11.59,telephone,Déménagement,Oui,Non,Non conforme,,Non
APP-11987,17/10/2023,Nicolas Roux,189,Résolu,5.0,14.62,Chat,Changement d'offre,Oui,Oui,Conforme,,Non
APP-11988,21/02/2023,Julien Marchand,295,Résolu,4.0,,TEL,Souscription contrat,Oui,Non,Conforme,,Non
APP-11989,23/07/2023,Sophie Nguyen,333,Résolu,5.0,28.24,Téléphone,Relevé compteur,Oui,Non,Conforme,,Non
APP-11990,22/05/2023,Amandine Faure,313,Non résolu,3.0,10.69,TEL,Litige paiement,Oui,Non,Conforme,,Non
APP-11991,12/02/2023,Marie Lefevre,235,Non résolu,4.0,18.38,TEL,Demande d'information,Non,Non,Conforme,,Non
APP-11992,14/01/2023,Sophie Nguyen,346,Non résolu,5.0,44.72,Chat,Résiliation,Oui,Non,Conforme,,Non
APP-11993,04/09/2023,Yanis Belkacem,183,Résolu,5.0,16.9,Téléphone,Changement d'offre,Non,Oui,Conforme,1.0,Non
APP-11994,30/07/2023,Amandine Faure,244,Résolu,2.0,16.31,Email,Facturation,Oui,Non,Conforme,,Non
APP-11995,20/11/2023,Amandine Faure,244,Résolu,5.0,22.78,Chat,Changement d'offre,Oui,Non,Conforme,,Non
APP-11996,05/01/2023,Léa Girard,269,Non résolu,5.0,14.69,Chat,Changement d'offre,Oui,Non,Conforme,5.0,Non
APP-11997,02/05/2023,Marie Lefevre,234,Résolu,4.0,37.57,Email,Demande d'information,Non,Non,Non conforme,8.0,Non
APP-11998,01/03/2023,Marie Lefevre,349,Résolu,1.0,23.54,Email,Résiliation,Oui,Non,,9.0,Non
APP-11999,29/05/2023,Sophie Nguyen,161,Non résolu,5.0,29.4,Chat,Réclamation,Oui,Non,Conforme,5.0,Non
APP-12000,22/10/2023,Nicolas Roux,279,Résolu,5.0,40.06,TEL,Changement d'offre,Oui,Non,Conforme,7.0,Non
APP-12001,18/04/2023,Fatima Zahra,282,,1.0,10.21,Téléphone,Déménagement,Oui,Non,Conforme,,Non
APP-12002,06/01/2023,Léa Girard,168,Résolu,,23.39,Email,Panne compteur,Oui,Oui,Conforme,10.0,Non
APP-12003,15/08/2023,Nicolas Roux,278,Résolu,1.0,28.3,Chat,Déménagement,Non,Non,Conforme,10.0,Non
APP-12004,16/08/2023,Karim Boudiaf,285,Non résolu,5.0,44.87,Téléphone,Souscription contrat,Oui,Non,Conforme,,Non
APP-12005,01/12/2023,Sophie Nguyen,15,Résolu,,13.0,telephone,Résiliation,Oui,Non,Conforme,9.0,Non
APP-12006,29/12/2023,Marie Lefevre,153,Résolu,,12.92,telephone,Facturation,Oui,Non,Conforme,8.0,Non
APP-12007,20/07/2023,Thomas Petit,386,Résolu,4.0,13.87,Téléphone,Facturation,Oui,Non,Conforme,10.0,Non
APP-12008,22/06/2023,Fatima Zahra,187,Résolu,2.0,32.76,Chat,Facturation,Oui,Non,,,Non
APP-12009,04/01/2023,Thomas Petit,134,Non résolu,4.0,25.9,TEL,Facturation,Oui,Non,,,Non
APP-12010,17/08/2023,Amandine Faure,75,Résolu,5.0,29.97,telephone,Panne compteur,Oui,Oui,Conforme,,Non
APP-12011,16/06/2023,Amandine Faure,145,Résolu,5.0,29.3,telephone,Litige paiement,Oui,Non,Conforme,6.0,Non
APP-12012,12/09/2023,Julien Marchand,230,Résolu,3.0,28.48,TEL,Relevé compteur,Oui,Non,Conforme,,Non
APP-12013,03/06/2023,Karim Boudiaf,128,Non résolu,5.0,29.1,Email,Facturation,Oui,Oui,Conforme,10.0,Non
APP-12014,17/12/2023,Karim Boudiaf,301,Résolu,5.0,8.93,Téléphone,Panne compteur,Oui,Non,Conforme,,Non
APP-12015,22/05/2023,Amandine Faure,166,Non résolu,2.0,21.13,TEL,Relevé compteur,Oui,Non,Conforme,,Non
APP-12016,02/07/2023,Sophie Nguyen,269,Résolu,4.0,17.66,telephone,Relevé compteur,Oui,Non,Conforme,8.0,Non
APP-12017,07/04/2023,Julien Marchand,370,Résolu,4.0,33.71,Chat,Résiliation,Oui,Non,Conforme,3.0,Non
APP-12018,13/05/2023,Thomas Petit,363,Résolu,4.0,35.2,Chat,Demande d'information,Oui,Oui,Conforme,0.0,Non
APP-12019,24/02/2023,Yanis Belkacem,268,Non résolu,4.0,30.57,Chat,Souscription contrat,Oui,Non,Conforme,,Non
APP-12020,30/06/2023,Sophie Nguyen,139,,4.0,,TEL,Déménagement,Oui,Non,Conforme,8.0,Non
APP-12021,22/02/2023,Thomas Petit,236,Non résolu,,17.67,Téléphone,Relevé compteur,Oui,Non,Conforme,5.0,Non
APP-12022,10/01/2023,Nicolas Roux,402,Résolu,5.0,27.01,TEL,Souscription contrat,Oui,Non,Non conforme,,Non
APP-12023,08/03/2023,Thomas Petit,107,Résolu,5.0,18.66,Chat,Changement d'offre,Oui,Non,Non conforme,9.0,Non
APP-12024,03/09/2023,Sophie Nguyen,239,Résolu,4.0,18.57,TEL,Réclamation,Oui,Non,Conforme,,Non
APP-12025,05/07/2023,Nicolas Roux,219,Non résolu,5.0,35.18,Chat,Facturation,Oui,Non,Conforme,,Non
APP-12026,01/10/2023,Marie Lefevre,245,Résolu,,42.83,Téléphone,Facturation,Oui,Oui,Conforme,,Non
APP-12027,02/09/2023,Léa Girard,207,Résolu,5.0,14.45,telephone,Souscription contrat,Oui,Non,Non conforme,7.0,Non
APP-12028,29/04/2023,Marie Lefevre,159,,,31.15,Téléphone,Panne compteur,Oui,Oui,Conforme,,Non
APP-12029,24/08/2023,Sophie Nguyen,234,Non résolu,3.0,28.37,TEL,Relevé compteur,Oui,Non,Non conforme,,Non
APP-12030,06/03/2023,Yanis Belkacem,292,Résolu,4.0,41.17,Email,Réclamation,Oui,Non,Conforme,,Non
APP-12031,28/11/2023,Thomas Petit,14,Non résolu,4.0,15.26,Téléphone,Demande d'information,Oui,Non,Non conforme,7.0,Non
APP-12032,25/03/2023,Fatima Zahra,324,Résolu,1.0,30.09,telephone,Déménagement,Oui,Non,Conforme,,Non
APP-12033,21/08/2023,Léa Girard,256,Résolu,3.0,37.98,telephone,Demande d'information,Oui,Non,Conforme,,Non
APP-12034,08/05/2023,Karim Boudiaf,380,Résolu,5.0,41.78,Email,Changement d'offre,Non,Non,Conforme,,Non
APP-12035,06/06/2023,Julien Marchand,200,Résolu,4.0,29.17,Chat,Souscription contrat,Oui,Non,Conforme,10.0,Non
APP-12036,21/06/2023,Nicolas Roux,188,Non résolu,2.0,15.35,Téléphone,Changement d'offre,Oui,Non,Conforme,,Non
APP-12037,03/04/2023,Julien Marchand,168,Résolu,4.0,17.13,TEL,Facturation,Oui,Non,Conforme,,Non
APP-12038,04/05/2023,Julien Marchand,287,Résolu,2.0,29.76,telephone,Demande d'information,Oui,Oui,Conforme,9.0,Non
APP-12039,01/10/2023,Nicolas Roux,74,,5.0,23.78,TEL,Souscription contrat,Oui,Non,Conforme,8.0,Non
APP-12040,06/06/2023,Karim Boudiaf,174,Résolu,4.0,11.25,TEL,Résiliation,Oui,Non,,,Non
APP-12041,16/02/2023,Julien Marchand,258,Non résolu,,14.36,telephone,Réclamation,Oui,Non,Conforme,4.0,Non
APP-12042,29/08/2023,Karim Boudiaf,105,Non résolu,4.0,18.48,Email,Relevé compteur,Oui,Non,Conforme,,Non
APP-12043,29/07/2023,Julien Marchand,248,Résolu,4.0,22.81,Téléphone,Litige paiement,Oui,Non,Conforme,7.0,Non
APP-12044,01/01/2023,Nicolas Roux,360,Résolu,3.0,37.55,Chat,Relevé compteur,Oui,Non,Conforme,,Non
APP-12045,09/02/2023,Fatima Zahra,346,,1.0,42.51,Téléphone,Déménagement,Oui,Oui,Non conforme,,Non
APP-12046,19/02/2023,Marie Lefevre,230,Résolu,4.0,28.89,Téléphone,Litige paiement,Oui,Oui,Non conforme,,Non
APP-12047,17/07/2023,Julien Marchand,329,,4.0,32.53,TEL,Panne compteur,Oui,Non,,,Non
APP-12048,29/06/2023,Marie Lefevre,283,,5.0,44.89,telephone,Relevé compteur,Oui,Non,Conforme,,Non
APP-12049,22/03/2023,Marie Lefevre,257,Résolu,5.0,34.65,Email,Souscription contrat,Oui,Non,Conforme,8.0,Non
APP-12050,25/04/2023,Marie Lefevre,298,Non résolu,5.0,9.82,Chat,Déménagement,Oui,Non,Conforme,,Non
APP-12051,26/05/2023,Yanis Belkacem,207,Non résolu,4.0,16.55,Chat,Facturation,Non,Non,Conforme,9.0,Non
APP-12052,15/10/2023,Thomas Petit,215,Résolu,4.0,16.16,TEL,Déménagement,Oui,Non,Conforme,8.0,Non
APP-12053,15/02/2023,Amandine Faure,280,Résolu,5.0,13.11,Téléphone,Souscription contrat,Oui,Non,Conforme,8.0,Non
APP-12054,03/05/2023,Nicolas Roux,240,Résolu,5.0,32.97,Email,Litige paiement,Oui,Non,Conforme,9.0,Non
APP-12055,08/10/2023,Nicolas Roux,343,Résolu,4.0,16.85,TEL,Réclamation,Oui,Oui,Conforme,8.0,Non
APP-12056,17/01/2023,Amandine Faure,311,Résolu,5.0,19.57,telephone,Déménagement,Oui,Non,Conforme,10.0,Non
APP-12057,08/06/2023,Léa Girard,310,Résolu,5.0,23.2,Chat,Résiliation,Oui,Oui,Conforme,4.0,Non
APP-12058,22/03/2023,Yanis Belkacem,290,,4.0,19.23,TEL,Panne compteur,Oui,Non,,9.0,Non
APP-12059,31/07/2023,Léa Girard,256,Résolu,4.0,36.93,Email,Souscription contrat,Oui,Non,Conforme,,Non
APP-12060,26/03/2023,Sophie Nguyen,308,Non résolu,4.0,43.73,Email,Changement d'offre,Non,Non,Conforme,8.0,Non
APP-12061,23/09/2023,Yanis Belkacem,334,Résolu,4.0,22.56,Chat,Facturation,Oui,Non,Conforme,,Non
APP-12062,03/04/2023,Julien Marchand,274,Résolu,5.0,34.98,Chat,Facturation,Oui,Non,Conforme,5.0,Non
APP-12063,20/07/2023,Yanis Belkacem,166,Non résolu,5.0,29.28,telephone,Facturation,Oui,Non,Conforme,,Non
APP-12064,06/10/2023,Léa Girard,241,Non résolu,3.0,19.55,TEL,Facturation,Oui,Oui,Non conforme,5.0,Non
APP-12065,23/12/2023,Sophie Nguyen,108,Résolu,3.0,23.82,Téléphone,Déménagement,Oui,Non,Conforme,9.0,Oui
APP-12066,21/08/2023,Karim Boudiaf,356,Non résolu,5.0,16.59,Chat,Souscription contrat,Oui,Non,Conforme,,Non
APP-12067,05/06/2023,Nicolas Roux,308,Non résolu,4.0,23.0,telephone,Réclamation,Oui,Oui,Conforme,10.0,Non
APP-12068,15/10/2023,Karim Boudiaf,165,Résolu,2.0,36.99,telephone,Demande d'information,Oui,Non,Conforme,0.0,Non
APP-12069,20/01/2023,Amandine Faure,3640,Non résolu,5.0,41.64,Email,Changement d'offre,Oui,Non,Conforme,10.0,Oui
APP-12070,12/04/2023,Karim Boudiaf,360,Non résolu,4.0,41.19,telephone,Souscription contrat,Oui,Non,Conforme,8.0,Oui
APP-12071,18/05/2023,Marie Lefevre,177,Non résolu,4.0,39.31,Chat,Déménagement,Non,Non,Conforme,,Non
APP-12072,24/02/2023,Julien Marchand,104,Résolu,2.0,10.31,Email,Réclamation,Oui,Non,Conforme,7.0,Non
APP-12073,19/08/2023,Thomas Petit,135,Résolu,1.0,25.99,Email,Résiliation,Oui,Non,Conforme,,Non
APP-12074,26/11/2023,Thomas Petit,213,Résolu,3.0,19.73,TEL,Facturation,Oui,Non,,9.0,Non
APP-12075,15/10/2023,Léa Girard,199,Non résolu,5.0,37.93,Chat,Panne compteur,Oui,Non,Conforme,,Oui
APP-12076,28/01/2023,Nicolas Roux,4120,Résolu,4.0,39.77,telephone,Changement d'offre,Oui,Non,Conforme,,Non
APP-12077,19/01/2023,Nicolas Roux,304,Non résolu,4.0,39.72,Email,Facturation,,Non,Conforme,,Non
APP-12078,31/05/2023,Karim Boudiaf,189,Résolu,5.0,33.54,telephone,Résiliation,Oui,Non,Conforme,,Non
APP-12079,26/12/2023,Thomas Petit,278,Résolu,2.0,42.97,Téléphone,Résiliation,Oui,Non,Non conforme,,Non
APP-12080,09/06/2023,Yanis Belkacem,137,Résolu,5.0,26.52,telephone,Relevé compteur,Oui,Non,Conforme,,Non
APP-12081,23/02/2023,Nicolas Roux,350,Résolu,4.0,31.89,TEL,Litige paiement,Oui,Non,Non conforme,7.0,Non
APP-12082,14/10/2023,Thomas Petit,145,Résolu,5.0,19.55,telephone,Changement d'offre,Oui,Non,Conforme,5.0,Non
APP-12083,04/05/2023,Fatima Zahra,242,Non résolu,4.0,37.69,Email,Facturation,Oui,Non,Conforme,5.0,Non
APP-12084,13/06/2023,Nicolas Roux,228,Non résolu,4.0,32.51,Email,Déménagement,Oui,Non,Non conforme,,Non
APP-12085,25/07/2023,Julien Marchand,270,Résolu,1.0,35.82,TEL,Demande d'information,Oui,Non,Conforme,,Non
APP-12086,09/03/2023,Nicolas Roux,313,Non résolu,,12.87,Chat,Souscription contrat,Oui,Oui,Non conforme,,Non
APP-12087,15/11/2023,Sophie Nguyen,201,Résolu,2.0,34.09,Téléphone,Facturation,Oui,Non,Conforme,4.0,Non
APP-12088,09/04/2023,Amandine Faure,316,Non résolu,5.0,17.34,telephone,Panne compteur,Non,Oui,Conforme,,Non
APP-12089,09/04/2023,Amandine Faure,343,Résolu,5.0,40.3,Chat,Relevé compteur,Oui,Non,,4.0,Non
APP-12090,15/05/2023,Amandine Faure,221,Non résolu,4.0,39.42,Email,Demande d'information,Non,Non,Conforme,6.0,Non
APP-12091,29/09/2023,Amandine Faure,402,Résolu,5.0,22.19,Email,Réclamation,Oui,Non,Conforme,,Non
APP-12092,15/01/2023,Sophie Nguyen,270,Résolu,5.0,28.31,Email,Litige paiement,Oui,Non,Conforme,4.0,Non
APP-12093,11/08/2023,Fatima Zahra,209,Résolu,5.0,15.0,Chat,Résiliation,Oui,Non,Conforme,,Non
APP-12094,22/11/2023,Léa Girard,248,Résolu,,30.36,Chat,Réclamation,Oui,Non,Conforme,,Non
APP-12095,10/06/2023,Sophie Nguyen,402,Résolu,4.0,25.05,telephone,Relevé compteur,Oui,Non,Conforme,6.0,Non
APP-12096,01/03/2023,Karim Boudiaf,274,Résolu,4.0,,Chat,Facturation,Oui,Non,Conforme,8.0,Non
APP-12097,01/11/2023,Marie Lefevre,274,Résolu,3.0,34.25,Email,Déménagement,Oui,Non,Conforme,,Oui
APP-12098,17/05/2023,Léa Girard,349,Résolu,3.0,21.43,Email,Relevé compteur,Oui,Non,Conforme,10.0,Non
APP-12099,04/01/2023,Sophie Nguyen,335,Résolu,5.0,40.53,telephone,Changement d'offre,,Non,Conforme,,Non
APP-12100,24/10/2023,Thomas Petit,188,,5.0,23.09,Email,Réclamation,Oui,Oui,Conforme,7.0,Non
APP-12101,22/08/2023,Marie Lefevre,269,Résolu,4.0,40.8,Email,Relevé compteur,Oui,Non,,8.0,Non
APP-12102,16/04/2023,Julien Marchand,335,Résolu,4.0,18.01,Chat,Souscription contrat,Oui,Non,Conforme,,Non
APP-12103,27/08/2023,Julien Marchand,370,Résolu,2.0,17.21,Chat,Litige paiement,Oui,Non,Conforme,,Non
APP-12104,29/05/2023,Amandine Faure,227,Résolu,1.0,36.69,Téléphone,Litige paiement,Oui,Non,Conforme,,Non
APP-12105,24/03/2023,Nicolas Roux,267,Non résolu,5.0,22.55,telephone,Déménagement,Oui,Non,Conforme,,Oui
APP-12106,06/07/2023,Karim Boudiaf,278,Résolu,5.0,21.66,telephone,Souscription contrat,Oui,Non,Conforme,0.0,Non
APP-12107,20/08/2023,Sophie Nguyen,243,Résolu,5.0,21.22,telephone,Réclamation,Oui,Non,Conforme,7.0,Non
APP-12108,15/04/2023,Yanis Belkacem,265,Résolu,5.0,24.3,Chat,Panne compteur,Non,Non,Conforme,9.0,Non
APP-12109,07/08/2023,Yanis Belkacem,48,Non résolu,4.0,40.56,Téléphone,Réclamation,Oui,Non,Conforme,0.0,Non
APP-12110,20/07/2023,Fatima Zahra,10620,Résolu,4.0,13.12,TEL,Litige paiement,Oui,Non,Conforme,10.0,Non
APP-12111,25/10/2023,Léa Girard,447,Résolu,3.0,44.36,TEL,Facturation,Oui,Oui,Conforme,,Non
APP-12112,28/12/2023,Léa Girard,223,Résolu,4.0,32.54,TEL,Demande d'information,Oui,Non,Conforme,,Non
APP-12113,25/01/2023,Thomas Petit,230,,5.0,30.03,telephone,Demande d'information,Non,Non,,,Non
APP-12114,27/07/2023,Sophie Nguyen,92,Résolu,5.0,37.05,Téléphone,Panne compteur,Oui,Non,Conforme,8.0,Non
APP-12115,11/08/2023,Sophie Nguyen,79,Résolu,3.0,15.24,Téléphone,Changement d'offre,Oui,Non,,0.0,Non
APP-12116,03/07/2023,Amandine Faure,284,Non résolu,5.0,23.5,Chat,Relevé compteur,Oui,Non,Non conforme,,Non
APP-12117,08/11/2023,Julien Marchand,336,,5.0,24.95,TEL,Déménagement,Non,Oui,Conforme,8.0,Non
APP-12118,14/06/2023,Nicolas Roux,317,Non résolu,2.0,26.98,Email,Déménagement,Oui,Non,Conforme,,Non
APP-12119,15/03/2023,Nicolas Roux,165,Non résolu,2.0,19.87,Téléphone,Litige paiement,Oui,Non,Conforme,10.0,Non
APP-12120,20/01/2023,Karim Boudiaf,311,,3.0,20.77,telephone,Relevé compteur,Oui,Non,Conforme,0.0,Non
APP-12121,20/05/2023,Nicolas Roux,229,Résolu,4.0,10.03,Chat,Déménagement,Oui,Non,Conforme,,Non
APP-12122,24/02/2023,Karim Boudiaf,206,Résolu,5.0,16.13,Chat,Souscription contrat,Oui,Non,Non conforme,,Non
APP-12123,23/04/2023,Julien Marchand,118,Résolu,4.0,8.01,telephone,Litige paiement,Oui,Non,,,Non
APP-12124,20/09/2023,Karim Boudiaf,175,Non résolu,,12.45,telephone,Facturation,Oui,Non,Conforme,0.0,Non
APP-12125,28/10/2023,Fatima Zahra,286,Non résolu,,10.5,TEL,Réclamation,Oui,Non,Conforme,8.0,Non
APP-12126,22/05/2023,Karim Boudiaf,268,Résolu,,23.93,Email,Souscription contrat,Oui,Non,Conforme,,Non
APP-12127,20/08/2023,Thomas Petit,255,Résolu,,12.41,telephone,Demande d'information,Oui,Non,Conforme,,Non
APP-12128,17/11/2023,Yanis Belkacem,44,Résolu,5.0,21.87,TEL,Litige paiement,Non,Non,Conforme,,Non
APP-12129,02/08/2023,Amandine Faure,256,Résolu,5.0,30.99,Téléphone,Changement d'offre,Oui,Non,Conforme,9.0,Non
APP-12130,18/12/2023,Nicolas Roux,187,Non résolu,5.0,9.32,TEL,Facturation,Oui,Oui,Conforme,7.0,Non
APP-12131,18/03/2023,Julien Marchand,269,Résolu,1.0,44.79,Email,Déménagement,Oui,Non,,8.0,Non
APP-12132,06/04/2023,Julien Marchand,352,Résolu,5.0,20.63,TEL,Résiliation,Oui,Non,Conforme,,Non
APP-12133,26/05/2023,Yanis Belkacem,199,Résolu,3.0,24.43,telephone,Réclamation,Oui,Oui,Conforme,,Non
APP-12134,27/10/2023,Julien Marchand,249,Résolu,4.0,39.87,telephone,Facturation,Oui,Oui,Conforme,7.0,Non
APP-12135,16/05/2023,Thomas Petit,423,Non résolu,2.0,40.04,Chat,Déménagement,Oui,Non,Conforme,,Non
APP-12136,08/01/2023,Léa Girard,264,Résolu,,25.88,telephone,Litige paiement,Oui,Non,Conforme,9.0,Non
APP-12137,03/08/2023,Amandine Faure,237,Résolu,3.0,44.52,TEL,Déménagement,Oui,Oui,Conforme,,Non
APP-12138,13/09/2023,Nicolas Roux,166,Non résolu,4.0,27.92,telephone,Souscription contrat,Oui,Non,Conforme,,Oui
APP-12139,14/12/2023,Léa Girard,314,Résolu,5.0,44.71,Email,Souscription contrat,Non,Non,Non conforme,0.0,Non
APP-12140,05/04/2023,Sophie Nguyen,152,Non résolu,5.0,8.26,Email,Déménagement,Oui,Non,Non conforme,1.0,Non
APP-12141,24/06/2023,Karim Boudiaf,357,Résolu,3.0,22.93,Téléphone,Changement d'offre,Oui,Non,Conforme,6.0,Non
APP-12142,07/02/2023,Amandine Faure,299,Non résolu,5.0,20.48,Téléphone,Déménagement,Oui,Non,Non conforme,,Non
APP-12143,22/06/2023,Julien Marchand,190,Résolu,4.0,38.62,Chat,Souscription contrat,Non,Non,Conforme,9.0,Non
APP-12144,21/08/2023,Marie Lefevre,169,Résolu,5.0,10.52,Email,Souscription contrat,Non,Non,Conforme,7.0,Non
APP-12145,05/12/2023,Amandine Faure,171,Résolu,2.0,14.92,Email,Déménagement,Oui,Non,Conforme,,Non
APP-12146,24/10/2023,Thomas Petit,80,Résolu,1.0,23.44,Téléphone,Relevé compteur,Non,Non,Conforme,,Non
APP-12147,25/06/2023,Sophie Nguyen,282,Résolu,5.0,21.94,Chat,Litige paiement,Oui,Non,Non conforme,,Non
APP-12148,12/06/2023,Nicolas Roux,53,Résolu,4.0,11.95,Chat,Litige paiement,Oui,Non,Non conforme,10.0,Non
APP-12149,25/09/2023,Marie Lefevre,232,Non résolu,3.0,43.28,Téléphone,Relevé compteur,Oui,Non,Conforme,7.0,Non
APP-12150,27/11/2023,Amandine Faure,226,Résolu,5.0,19.03,Téléphone,Résiliation,Oui,Non,Conforme,9.0,Non
APP-12151,23/10/2023,Thomas Petit,210,Résolu,3.0,19.85,telephone,Réclamation,Oui,Non,Conforme,9.0,Non
APP-12152,12/02/2023,Léa Girard,281,Résolu,,12.53,TEL,Litige paiement,Oui,Non,,6.0,Oui
APP-12153,21/09/2023,Léa Girard,190,Résolu,1.0,31.49,Téléphone,Facturation,Oui,Non,Conforme,7.0,Non
APP-12154,24/10/2023,Thomas Petit,256,Résolu,3.0,10.88,Email,Panne compteur,Oui,Non,Conforme,2.0,Non
APP-12155,01/01/2023,Marie Lefevre,357,Résolu,5.0,43.35,telephone,Facturation,Oui,Oui,Conforme,,Non
APP-12156,17/11/2023,Julien Marchand,292,Résolu,1.0,14.25,Chat,Changement d'offre,Oui,Non,Conforme,8.0,Non
APP-12157,21/12/2023,Thomas Petit,202,Résolu,5.0,39.6,Email,Réclamation,Oui,Non,Conforme,9.0,Non
APP-12158,12/11/2023,Fatima Zahra,240,Résolu,4.0,36.47,telephone,Changement d'offre,Oui,Non,Non conforme,,Non
APP-12159,07/04/2023,Julien Marchand,210,Résolu,3.0,42.59,Email,Relevé compteur,Oui,Non,Conforme,9.0,Non
APP-12160,13/12/2023,Léa Girard,4500,Résolu,4.0,18.51,Email,Réclamation,Oui,Oui,Conforme,8.0,Non
APP-12161,22/09/2023,Amandine Faure,259,Résolu,4.0,18.69,TEL,Litige paiement,Oui,Non,Conforme,8.0,Non
APP-12162,19/06/2023,Marie Lefevre,115,Résolu,3.0,28.15,telephone,Demande d'information,Oui,Non,Conforme,5.0,Non
APP-12163,21/12/2023,Marie Lefevre,95,Non résolu,,13.92,TEL,Relevé compteur,Oui,Non,Conforme,,Non
APP-12164,02/11/2023,Julien Marchand,159,Résolu,5.0,19.48,telephone,Facturation,Oui,Non,Conforme,,Non
APP-12165,30/09/2023,Marie Lefevre,286,Résolu,5.0,26.62,telephone,Demande d'information,Oui,Non,Conforme,6.0,Non
APP-12166,19/06/2023,Fatima Zahra,298,Résolu,,31.88,Chat,Panne compteur,Oui,Oui,Conforme,,Non
APP-12167,16/12/2023,Fatima Zahra,312,Résolu,4.0,13.76,Chat,Résiliation,Non,Non,Conforme,10.0,Non
APP-12168,31/08/2023,Sophie Nguyen,162,Résolu,4.0,21.96,TEL,Demande d'information,Oui,Non,Non conforme,9.0,Non
APP-12169,08/08/2023,Yanis Belkacem,248,Résolu,5.0,23.3,Email,Changement d'offre,Oui,Non,Conforme,,Non
APP-12170,05/02/2023,Julien Marchand,205,Résolu,,14.63,Chat,Résiliation,Oui,Non,Conforme,8.0,Non
APP-12171,04/04/2023,Nicolas Roux,228,,5.0,22.51,telephone,Litige paiement,Oui,Oui,Non conforme,,Non
APP-12172,31/05/2023,Nicolas Roux,204,Non résolu,4.0,44.31,Téléphone,Demande d'information,Oui,Non,Conforme,6.0,Non
APP-12173,01/02/2023,Nicolas Roux,264,Résolu,4.0,22.12,telephone,Panne compteur,Oui,Oui,Conforme,,Non
APP-12174,08/05/2023,Marie Lefevre,179,Résolu,5.0,31.22,Email,Panne compteur,Oui,Non,Conforme,8.0,Non
APP-12175,30/06/2023,Léa Girard,345,Non résolu,3.0,15.1,Chat,Facturation,Oui,Non,Conforme,10.0,Non
APP-12176,25/01/2023,Léa Girard,346,Non résolu,4.0,10.55,TEL,Litige paiement,Oui,Non,Conforme,,Non
APP-12177,25/09/2023,Marie Lefevre,283,Résolu,3.0,20.39,telephone,Litige paiement,Oui,Non,Conforme,,Non
APP-12178,11/11/2023,Fatima Zahra,333,Résolu,5.0,21.17,Chat,Souscription contrat,,Non,,9.0,Non
APP-12179,20/03/2023,Marie Lefevre,111,Non résolu,3.0,13.49,Chat,Changement d'offre,Oui,Non,Non conforme,7.0,Non
APP-12180,09/01/2023,Julien Marchand,351,Résolu,,22.14,Email,Changement d'offre,Oui,Oui,,,Non
APP-12181,06/04/2023,Nicolas Roux,274,Résolu,1.0,12.89,Téléphone,Litige paiement,,Non,Conforme,,Non
APP-12182,10/02/2023,Marie Lefevre,184,Résolu,3.0,19.1,TEL,Demande d'information,Oui,Non,Conforme,7.0,Non
APP-12183,20/08/2023,Nicolas Roux,176,Résolu,4.0,31.78,TEL,Déménagement,Oui,Oui,Conforme,10.0,Non
APP-12184,09/12/2023,Sophie Nguyen,384,Non résolu,4.0,21.41,TEL,Souscription contrat,Oui,Oui,Conforme,6.0,Non
APP-12185,29/05/2023,Léa Girard,314,Non résolu,3.0,38.49,Email,Changement d'offre,Oui,Non,Conforme,10.0,Non
APP-12186,05/02/2023,Thomas Petit,226,Non résolu,4.0,37.63,Email,Résiliation,Oui,Non,,8.0,Non
APP-12187,02/06/2023,Fatima Zahra,111,Résolu,5.0,14.67,telephone,Résiliation,Oui,Non,Non conforme,,Non
APP-12188,06/10/2023,Yanis Belkacem,356,Non résolu,4.0,,Email,Souscription contrat,Oui,Non,,,Non
APP-12189,23/05/2023,Sophie Nguyen,140,Résolu,5.0,8.94,telephone,Facturation,Oui,Non,Conforme,,Non
APP-12190,19/09/2023,Marie Lefevre,140,Non résolu,4.0,10.06,Email,Souscription contrat,Oui,Non,Conforme,,Non
APP-12191,08/10/2023,Karim Boudiaf,343,Non résolu,4.0,30.56,Email,Réclamation,Oui,Non,Conforme,1.0,Non
APP-12192,19/08/2023,Nicolas Roux,185,Résolu,4.0,10.98,Chat,Relevé compteur,Oui,Non,Conforme,,Non
APP-12193,30/06/2023,Nicolas Roux,115,Résolu,,,TEL,Demande d'information,Non,Non,Conforme,6.0,Non
APP-12194,12/02/2023,Nicolas Roux,199,Non résolu,,11.32,Téléphone,Litige paiement,Oui,Non,Conforme,8.0,Non
APP-12195,06/12/2023,Thomas Petit,168,Non résolu,,41.7,Chat,Souscription contrat,Oui,Oui,Conforme,5.0,Oui
APP-12196,19/11/2023,Sophie Nguyen,239,Résolu,4.0,12.56,telephone,Facturation,Oui,Oui,Non conforme,6.0,Non
APP-12197,15/11/2023,Fatima Zahra,220,Non résolu,5.0,19.38,Téléphone,Résiliation,Oui,Non,Non conforme,7.0,Non
APP-12198,28/03/2023,Fatima Zahra,268,Non résolu,3.0,40.73,Email,Résiliation,Oui,Non,Non conforme,,Non
APP-12199,15/02/2023,Amandine Faure,388,Non résolu,3.0,28.5,TEL,Déménagement,Oui,Non,Conforme,,Non
APP-12200,10/05/2023,Karim Boudiaf,114,Résolu,3.0,14.15,Téléphone,Panne compteur,Oui,Non,,,Non
APP-12201,04/06/2023,Julien Marchand,254,Résolu,2.0,41.91,Chat,Relevé compteur,Oui,Non,Conforme,9.0,Non
APP-12202,03/05/2023,Fatima Zahra,141,Résolu,1.0,36.11,Téléphone,Résiliation,Oui,Non,Conforme,8.0,Non
APP-12203,14/10/2023,Marie Lefevre,107,Résolu,5.0,20.54,Téléphone,Déménagement,Oui,Non,Non conforme,6.0,Non
APP-12204,21/10/2023,Karim Boudiaf,325,Résolu,3.0,9.84,telephone,Demande d'information,Oui,Non,Non conforme,7.0,Non
APP-12205,19/03/2023,Julien Marchand,261,Résolu,4.0,17.51,Téléphone,Changement d'offre,Oui,Non,Conforme,10.0,Non
APP-12206,13/11/2023,Karim Boudiaf,102,Résolu,1.0,35.52,Téléphone,Panne compteur,Oui,Non,Conforme,,Non
APP-12207,20/05/2023,Fatima Zahra,222,,2.0,42.01,Email,Relevé compteur,Oui,Non,Conforme,8.0,Non
APP-12208,03/07/2023,Nicolas Roux,74,Résolu,5.0,43.58,Téléphone,Résiliation,Oui,Non,Conforme,4.0,Non
APP-12209,10/12/2023,Marie Lefevre,159,Non résolu,,24.46,telephone,Déménagement,Oui,Non,Conforme,9.0,Non
APP-12210,12/01/2023,Marie Lefevre,42,Résolu,5.0,41.65,Email,Relevé compteur,Oui,Non,Conforme,,Non
APP-12211,20/12/2023,Nicolas Roux,225,Non résolu,4.0,29.05,Téléphone,Déménagement,Oui,Non,Conforme,3.0,Non
APP-12212,08/05/2023,Sophie Nguyen,302,Résolu,5.0,20.65,Chat,Changement d'offre,Oui,Non,Conforme,10.0,Non
APP-12213,30/11/2023,Sophie Nguyen,292,Non résolu,5.0,24.05,telephone,Litige paiement,Non,Non,Conforme,,Non
APP-12214,09/10/2023,Thomas Petit,204,,2.0,37.38,Téléphone,Déménagement,Non,Non,,,Non
APP-12215,26/03/2023,Julien Marchand,330,Non résolu,5.0,42.82,Email,Déménagement,Oui,Non,,10.0,Oui
APP-12216,22/12/2023,Julien Marchand,365,Résolu,4.0,37.79,TEL,Litige paiement,Oui,Non,Conforme,5.0,Non
APP-12217,15/02/2023,Sophie Nguyen,303,Résolu,4.0,39.27,Email,Changement d'offre,Oui,Oui,Conforme,8.0,Non
APP-12218,26/02/2023,Fatima Zahra,189,Résolu,5.0,22.87,telephone,Relevé compteur,Non,Oui,Conforme,6.0,Non
APP-12219,16/01/2023,Julien Marchand,228,Résolu,3.0,32.93,Téléphone,Demande d'information,Oui,Non,Conforme,,Non
APP-12220,31/03/2023,Léa Girard,385,Résolu,3.0,21.21,telephone,Changement d'offre,Oui,Non,Non conforme,7.0,Non
APP-12221,13/12/2023,Fatima Zahra,211,,5.0,31.49,Email,Relevé compteur,Oui,Non,Conforme,5.0,Non
APP-12222,31/07/2023,Sophie Nguyen,292,,,28.19,Chat,Changement d'offre,Non,Non,Conforme,,Non
APP-12223,16/08/2023,Julien Marchand,173,Résolu,5.0,15.55,Chat,Demande d'information,Oui,Non,Conforme,,Non
APP-12224,16/01/2023,Yanis Belkacem,330,Non résolu,4.0,25.86,Téléphone,Résiliation,Oui,Non,Conforme,,Non
APP-12225,10/01/2023,Julien Marchand,163,Résolu,4.0,15.99,Email,Changement d'offre,Oui,Non,Conforme,10.0,Non
APP-12226,31/12/2023,Yanis Belkacem,232,Résolu,3.0,25.58,TEL,Réclamation,Oui,Non,Conforme,8.0,Non
APP-12227,23/12/2023,Nicolas Roux,289,Résolu,4.0,41.22,telephone,Litige paiement,Oui,Oui,Conforme,,Non
APP-12228,04/02/2023,Nicolas Roux,406,Résolu,5.0,17.33,TEL,Déménagement,Oui,Non,Conforme,9.0,Non
APP-12229,27/04/2023,Sophie Nguyen,260,Résolu,4.0,24.53,Téléphone,Facturation,Oui,Oui,Conforme,,Non
APP-12230,31/12/2023,Yanis Belkacem,216,Résolu,,8.03,telephone,Facturation,Non,Non,Conforme,,Non
APP-12231,25/05/2023,Karim Boudiaf,209,Résolu,5.0,9.45,telephone,Demande d'information,Oui,Non,Non conforme,,Non
APP-12232,14/04/2023,Julien Marchand,326,Non résolu,5.0,28.37,Email,Déménagement,,Oui,Conforme,,Non
APP-12233,16/06/2023,Léa Girard,281,Non résolu,2.0,13.67,Chat,Litige paiement,Oui,Non,,,Non
APP-12234,28/08/2023,Marie Lefevre,300,Résolu,2.0,35.06,Téléphone,Changement d'offre,Oui,Oui,,6.0,Non
APP-12235,25/07/2023,Fatima Zahra,377,Résolu,2.0,36.48,Chat,Résiliation,Oui,Non,Conforme,8.0,Non
APP-12236,04/06/2023,Nicolas Roux,245,Non résolu,4.0,20.64,TEL,Souscription contrat,Oui,Non,Conforme,,Non
APP-12237,11/09/2023,Nicolas Roux,-274,Résolu,3.0,31.99,telephone,Souscription contrat,Oui,Oui,Conforme,,Non
APP-12238,16/01/2023,Amandine Faure,208,Résolu,5.0,38.18,Chat,Relevé compteur,Oui,Non,Conforme,10.0,Non
APP-12239,15/04/2023,Amandine Faure,170,Résolu,4.0,30.1,TEL,Relevé compteur,Oui,Non,Conforme,5.0,Non
APP-12240,08/01/2023,Julien Marchand,186,Résolu,5.0,39.62,Téléphone,Changement d'offre,Oui,Non,Conforme,4.0,Non
APP-12241,02/08/2023,Léa Girard,24,Résolu,1.0,20.58,Téléphone,Déménagement,Non,Non,Conforme,10.0,Non
APP-12242,11/12/2023,Léa Girard,288,Résolu,4.0,14.73,Chat,Relevé compteur,Oui,Non,Non conforme,,Non
APP-12243,24/06/2023,Léa Girard,278,Résolu,4.0,23.92,Chat,Litige paiement,Oui,Oui,,8.0,Non
APP-12244,29/06/2023,Marie Lefevre,286,Résolu,4.0,27.81,telephone,Facturation,Oui,Non,Conforme,,Non
APP-12245,21/04/2023,Sophie Nguyen,164,,3.0,31.51,TEL,Changement d'offre,Oui,Oui,Non conforme,,Non
APP-12246,25/08/2023,Fatima Zahra,187,Résolu,4.0,9.54,TEL,Souscription contrat,Oui,Non,Conforme,10.0,Non
APP-12247,25/06/2023,Amandine Faure,184,Résolu,,19.92,TEL,Résiliation,Oui,Non,Conforme,,Non
APP-12248,10/09/2023,Léa Girard,340,Résolu,4.0,32.68,Email,Souscription contrat,Oui,Non,Conforme,6.0,Non
APP-12249,23/04/2023,Nicolas Roux,256,Non résolu,3.0,24.11,telephone,Changement d'offre,Oui,Non,Conforme,3.0,Non
APP-12250,27/10/2023,Fatima Zahra,244,Non résolu,1.0,17.58,Téléphone,Réclamation,Oui,Non,Conforme,,Non
APP-12251,03/10/2023,Amandine Faure,309,Résolu,5.0,9.95,TEL,Changement d'offre,Non,Non,Conforme,10.0,Non
APP-12252,31/10/2023,Amandine Faure,185,Résolu,,19.2,Email,Relevé compteur,Oui,Non,Conforme,,Non
APP-12253,01/06/2023,Thomas Petit,272,Résolu,5.0,27.7,TEL,Changement d'offre,Oui,Non,Conforme,,Non
APP-12254,29/05/2023,Marie Lefevre,421,Résolu,4.0,14.15,Chat,Relevé compteur,Oui,Non,Conforme,,Non
APP-12255,12/10/2023,Julien Marchand,356,Résolu,4.0,22.05,Email,Litige paiement,Non,Non,Conforme,9.0,Non
APP-12256,18/02/2023,Yanis Belkacem,271,Non résolu,4.0,34.92,TEL,Panne compteur,Oui,Non,Conforme,0.0,Non
APP-12257,29/11/2023,Amandine Faure,247,Résolu,5.0,42.14,TEL,Changement d'offre,Oui,Oui,Conforme,,Non
APP-12258,08/08/2023,Julien Marchand,285,Non résolu,2.0,15.1,telephone,Litige paiement,Oui,Non,Non conforme,9.0,Non
APP-12259,16/06/2023,Thomas Petit,370,Non résolu,4.0,32.67,Email,Résiliation,Oui,Non,Conforme,,Oui
APP-12260,12/10/2023,Yanis Belkacem,362,Résolu,4.0,26.12,TEL,Résiliation,Oui,Oui,Conforme,2.0,Non
APP-12261,16/02/2023,Marie Lefevre,387,Non résolu,,27.56,Email,Résiliation,Oui,Non,Conforme,9.0,Non
APP-12262,15/04/2023,Sophie Nguyen,261,Résolu,4.0,15.31,telephone,Déménagement,,Non,Conforme,,Non
APP-12263,18/01/2023,Yanis Belkacem,52,Résolu,5.0,37.79,Email,Résiliation,,Non,Conforme,8.0,Non
APP-12264,13/10/2023,Yanis Belkacem,413,Résolu,4.0,24.2,TEL,Panne compteur,Oui,Non,Conforme,,Non
APP-12265,03/11/2023,Julien Marchand,170,Résolu,,18.24,TEL,Litige paiement,Oui,Non,Conforme,,Non
APP-12266,03/08/2023,Léa Girard,62,Résolu,4.0,42.52,telephone,Litige paiement,Oui,Non,Conforme,,Non
APP-12267,31/12/2023,Thomas Petit,307,Résolu,4.0,42.14,Téléphone,Litige paiement,Oui,Non,Non conforme,,Non
APP-12268,31/10/2023,Amandine Faure,54,Résolu,4.0,35.27,TEL,Demande d'information,Oui,Non,Conforme,,Non
APP-12269,22/07/2023,Sophie Nguyen,242,Résolu,4.0,9.36,Chat,Relevé compteur,Oui,Non,,7.0,Non
APP-12270,02/06/2023,Julien Marchand,52,Résolu,3.0,42.06,Téléphone,Demande d'information,Oui,Non,Conforme,4.0,Non
APP-12271,24/01/2023,Julien Marchand,211,Résolu,4.0,,TEL,Déménagement,Oui,Non,Conforme,9.0,Non
APP-12272,26/10/2023,Karim Boudiaf,242,Résolu,3.0,35.4,TEL,Facturation,,Non,Conforme,,Non
APP-12273,29/06/2023,Amandine Faure,215,Non résolu,5.0,25.95,Téléphone,Facturation,Oui,Non,Conforme,,Non
APP-12274,10/07/2023,Sophie Nguyen,455,Non résolu,4.0,16.75,telephone,Litige paiement,Oui,Non,Conforme,1.0,Non
APP-12275,04/09/2023,Julien Marchand,273,,,25.89,TEL,Demande d'information,Non,Oui,Conforme,,Non
APP-12276,17/07/2023,Karim Boudiaf,171,Non résolu,2.0,11.93,TEL,Facturation,Non,Non,Conforme,,Non
APP-12277,31/10/2023,Julien Marchand,228,Résolu,2.0,38.99,Email,Panne compteur,Oui,Non,Conforme,,Non
APP-12278,15/04/2023,Sophie Nguyen,175,Non résolu,,26.68,TEL,Facturation,Oui,Non,Conforme,9.0,Non
APP-12279,30/10/2023,Julien Marchand,185,Non résolu,4.0,36.44,telephone,Facturation,Oui,Non,Conforme,8.0,Non
APP-12280,20/04/2023,Nicolas Roux,250,Non résolu,4.0,12.41,TEL,Relevé compteur,Oui,Non,Conforme,9.0,Non
APP-12281,20/12/2023,Sophie Nguyen,179,Non résolu,5.0,9.35,Téléphone,Relevé compteur,Oui,Non,,9.0,Non
APP-12282,17/02/2023,Sophie Nguyen,345,Résolu,5.0,17.71,Téléphone,Souscription contrat,Non,Non,Conforme,,Non
APP-12283,08/11/2023,Julien Marchand,220,Résolu,,23.6,Email,Déménagement,Oui,Oui,Conforme,6.0,Non
APP-12284,26/05/2023,Thomas Petit,234,Résolu,5.0,29.37,Téléphone,Facturation,Non,Non,Conforme,,Non
APP-12285,08/10/2023,Marie Lefevre,190,Résolu,2.0,29.12,Téléphone,Résiliation,Oui,Oui,Conforme,,Non
APP-12286,19/12/2023,Amandine Faure,128,Non résolu,5.0,11.95,Chat,Panne compteur,Oui,Non,Conforme,2.0,Non
APP-12287,01/05/2023,Fatima Zahra,139,Résolu,,,Email,Facturation,Oui,Non,Conforme,,Non
APP-12288,18/01/2023,Léa Girard,169,Résolu,4.0,36.36,Chat,Résiliation,Oui,Non,Non conforme,8.0,Non
APP-12289,07/09/2023,Fatima Zahra,216,Résolu,3.0,43.75,Téléphone,Réclamation,Oui,Non,Non conforme,,Non
APP-12290,02/04/2023,Thomas Petit,383,Résolu,4.0,18.55,Email,Déménagement,Oui,Non,Conforme,3.0,Non
APP-12291,27/05/2023,Nicolas Roux,312,Résolu,4.0,31.34,Email,Litige paiement,Oui,Non,Conforme,,Non
APP-12292,08/03/2023,Yanis Belkacem,136,Résolu,5.0,36.04,Chat,Relevé compteur,Oui,Non,Conforme,10.0,Non
APP-12293,24/07/2023,Amandine Faure,-15,Non résolu,4.0,18.43,Téléphone,Relevé compteur,Oui,Non,Conforme,10.0,Non
APP-12294,23/01/2023,Sophie Nguyen,286,Non résolu,,10.08,telephone,Demande d'information,Oui,Non,Conforme,6.0,Non
APP-12295,19/07/2023,Marie Lefevre,-220,Non résolu,5.0,25.97,Email,Panne compteur,Oui,Oui,,3.0,Non
APP-12296,05/01/2023,Thomas Petit,258,Résolu,5.0,28.22,Téléphone,Litige paiement,Oui,Non,Conforme,,Non
APP-12297,28/04/2023,Fatima Zahra,308,Résolu,5.0,17.24,Chat,Panne compteur,Non,Non,Conforme,,Non
APP-12298,26/04/2023,Karim Boudiaf,323,Résolu,5.0,28.69,Téléphone,Litige paiement,Non,Non,Conforme,,Non
APP-12299,11/04/2023,Nicolas Roux,202,Non résolu,3.0,27.05,Téléphone,Souscription contrat,Oui,Oui,,6.0,Non
APP-12300,09/09/2023,Yanis Belkacem,230,Non résolu,4.0,30.32,Téléphone,Facturation,Oui,Non,Conforme,8.0,Non
APP-12301,26/06/2023,Nicolas Roux,275,Non résolu,5.0,10.95,TEL,Litige paiement,Oui,Non,Conforme,,Non
APP-12302,02/08/2023,Julien Marchand,281,Résolu,4.0,29.3,Email,Souscription contrat,Oui,Non,Conforme,,Non
APP-12303,01/03/2023,Karim Boudiaf,257,Résolu,5.0,12.67,TEL,Facturation,,Non,Conforme,,Non
APP-12304,19/09/2023,Nicolas Roux,371,Résolu,4.0,23.04,Email,Facturation,Oui,Non,,8.0,Non
APP-12305,14/09/2023,Nicolas Roux,280,Résolu,4.0,40.55,telephone,Relevé compteur,Oui,Non,Conforme,,Non
APP-12306,22/07/2023,Sophie Nguyen,307,Résolu,4.0,31.07,Téléphone,Réclamation,Oui,Non,Conforme,,Oui
APP-12307,18/07/2023,Karim Boudiaf,265,Résolu,5.0,12.86,TEL,Demande d'information,Oui,Non,,7.0,Non
APP-12308,10/11/2023,Nicolas Roux,150,Non résolu,3.0,41.63,TEL,Déménagement,Non,Non,Conforme,,Oui
APP-12309,13/01/2023,Marie Lefevre,183,Résolu,4.0,36.13,Email,Demande d'information,Oui,Non,Conforme,,Non
APP-12310,05/02/2023,Amandine Faure,132,Non résolu,4.0,14.81,telephone,Panne compteur,Oui,Non,Conforme,8.0,Non
APP-12311,23/04/2023,Amandine Faure,334,Résolu,1.0,35.99,telephone,Panne compteur,Oui,Non,Non conforme,8.0,Non
APP-12312,13/08/2023,Marie Lefevre,101,Résolu,4.0,30.82,Chat,Résiliation,Oui,Non,Conforme,10.0,Non
APP-12313,11/05/2023,Marie Lefevre,226,Résolu,5.0,9.49,TEL,Relevé compteur,Oui,Non,Conforme,,Non
APP-12314,09/10/2023,Sophie Nguyen,207,Non résolu,5.0,13.47,Chat,Résiliation,Non,Non,Non conforme,10.0,Non
APP-12315,14/05/2023,Nicolas Roux,59,Non résolu,5.0,44.43,Téléphone,Réclamation,Oui,Non,Conforme,,Non
APP-12316,06/12/2023,Marie Lefevre,205,,1.0,15.53,TEL,Résiliation,Oui,Non,Conforme,8.0,Non
APP-12317,24/09/2023,Fatima Zahra,212,Résolu,,36.46,Email,Demande d'information,Oui,Non,Conforme,1.0,Non
APP-12318,01/05/2023,Nicolas Roux,391,Non résolu,1.0,8.78,telephone,Relevé compteur,Oui,Non,Conforme,,Non
APP-12319,24/10/2023,Thomas Petit,67,Non résolu,5.0,9.27,Chat,Réclamation,Oui,Non,Conforme,,Non
APP-12320,17/04/2023,Léa Girard,358,Résolu,4.0,40.75,Email,Relevé compteur,Oui,Non,Conforme,7.0,Non
APP-12321,06/08/2023,Karim Boudiaf,219,Résolu,3.0,11.21,Chat,Demande d'information,Oui,Non,Conforme,,Non
APP-12322,02/06/2023,Sophie Nguyen,317,Résolu,3.0,22.35,Email,Relevé compteur,Oui,Non,Conforme,4.0,Non
APP-12323,24/02/2023,Thomas Petit,247,Résolu,3.0,38.69,TEL,Changement d'offre,Oui,Non,Conforme,,Oui
APP-12324,02/01/2023,Amandine Faure,141,Non résolu,5.0,42.71,TEL,Changement d'offre,Oui,Oui,Non conforme,,Non
APP-12325,20/10/2023,Karim Boudiaf,367,Résolu,5.0,,Email,Déménagement,Non,Non,Conforme,9.0,Non
APP-12326,19/01/2023,Yanis Belkacem,157,Non résolu,5.0,33.93,Email,Réclamation,Oui,Non,Conforme,,Non
APP-12327,13/08/2023,Sophie Nguyen,130,Résolu,4.0,36.32,TEL,Demande d'information,Non,Non,Conforme,,Non
APP-12328,04/01/2023,Karim Boudiaf,298,Résolu,2.0,10.36,Email,Résiliation,Oui,Non,Non conforme,9.0,Non
APP-12329,28/10/2023,Léa Girard,313,Résolu,4.0,22.33,Chat,Relevé compteur,Oui,Oui,Conforme,8.0,Non
APP-12330,13/04/2023,Thomas Petit,151,Résolu,5.0,44.37,Chat,Réclamation,Oui,Non,Non conforme,,Non
APP-12331,20/05/2023,Nicolas Roux,141,Résolu,4.0,31.78,Email,Demande d'information,Oui,Non,Non conforme,,Non
APP-12332,02/12/2023,Léa Girard,349,Résolu,4.0,24.08,Téléphone,Demande d'information,Oui,Non,Conforme,8.0,Non
APP-12333,10/05/2023,Thomas Petit,195,Résolu,1.0,40.17,Email,Changement d'offre,Oui,Non,Conforme,8.0,Non
APP-12334,26/09/2023,Yanis Belkacem,179,Résolu,3.0,35.98,telephone,Changement d'offre,Oui,Non,Conforme,,Non
APP-12335,04/09/2023,Amandine Faure,-141,Résolu,5.0,22.57,Email,Déménagement,Oui,Non,Conforme,9.0,Non
APP-12336,26/09/2023,Marie Lefevre,142,Non résolu,4.0,35.47,Téléphone,Réclamation,Oui,Oui,Non conforme,7.0,Non
APP-12337,28/12/2023,Fatima Zahra,430,Résolu,5.0,16.45,TEL,Litige paiement,Oui,Non,Conforme,9.0,Non
APP-12338,30/05/2023,Léa Girard,226,Résolu,,25.55,Email,Relevé compteur,Oui,Non,Non conforme,,Non
APP-12339,11/04/2023,Yanis Belkacem,211,Résolu,3.0,14.22,Chat,Réclamation,Oui,Oui,Non conforme,1.0,Non
APP-12340,12/08/2023,Marie Lefevre,135,Résolu,5.0,10.12,TEL,Litige paiement,Oui,Non,Conforme,,Non
APP-12341,11/04/2023,Julien Marchand,88,Résolu,3.0,29.58,Email,Demande d'information,Oui,Non,Conforme,7.0,Non
APP-12342,26/06/2023,Sophie Nguyen,391,Résolu,5.0,23.52,Email,Demande d'information,Oui,Non,Conforme,,Non
APP-12343,05/10/2023,Karim Boudiaf,330,Résolu,5.0,33.94,telephone,Déménagement,Oui,Non,Conforme,9.0,Non
APP-12344,24/09/2023,Fatima Zahra,252,Non résolu,3.0,8.27,Email,Relevé compteur,Non,Non,Conforme,,Non
APP-12345,06/01/2023,Nicolas Roux,4,Résolu,5.0,33.59,TEL,Panne compteur,Non,Non,Conforme,10.0,Non
APP-12346,28/09/2023,Julien Marchand,214,Résolu,4.0,21.63,telephone,Facturation,Oui,Non,Conforme,10.0,Non
APP-12347,18/06/2023,Fatima Zahra,248,Résolu,4.0,44.22,telephone,Litige paiement,Oui,Oui,Conforme,9.0,Non
APP-12348,17/09/2023,Julien Marchand,245,Non résolu,3.0,41.67,Téléphone,Relevé compteur,Oui,Non,Conforme,10.0,Non
APP-12349,14/05/2023,Fatima Zahra,-4,Résolu,,34.54,Chat,Résiliation,Oui,Non,,2.0,Non
APP-12350,10/07/2023,Léa Girard,-360,Résolu,4.0,39.98,Téléphone,Panne compteur,Oui,Non,Non conforme,,Non
APP-12351,07/11/2023,Yanis Belkacem,273,Résolu,1.0,24.9,telephone,Résiliation,Oui,Non,Conforme,,Non
APP-12352,16/01/2023,Nicolas Roux,27,Non résolu,4.0,43.77,Téléphone,Souscription contrat,Oui,Non,Conforme,6.0,Non
APP-12353,18/11/2023,Yanis Belkacem,193,,4.0,,telephone,Résiliation,Oui,Non,Conforme,2.0,Non
APP-12354,16/07/2023,Amandine Faure,193,Résolu,,39.93,Téléphone,Déménagement,Oui,Non,Non conforme,8.0,Non
APP-12355,29/12/2023,Nicolas Roux,261,Résolu,5.0,25.78,telephone,Déménagement,Oui,Non,Conforme,,Non
APP-12356,15/12/2023,Thomas Petit,247,Résolu,2.0,23.44,telephone,Résiliation,Oui,Non,Conforme,8.0,Non
APP-12357,01/07/2023,Karim Boudiaf,172,Résolu,5.0,40.48,Chat,Litige paiement,Oui,Oui,Non conforme,,Non
APP-12358,20/09/2023,Karim Boudiaf,287,Non résolu,5.0,28.63,TEL,Litige paiement,Oui,Oui,Non conforme,0.0,Non
APP-12359,31/05/2023,Amandine Faure,197,Résolu,5.0,10.02,Téléphone,Litige paiement,Oui,Non,Conforme,,Non
APP-12360,20/06/2023,Marie Lefevre,241,Résolu,4.0,18.76,Chat,Résiliation,Oui,Non,Conforme,,Non
APP-12361,31/12/2023,Sophie Nguyen,283,Non résolu,4.0,25.37,Email,Changement d'offre,Non,Non,Conforme,7.0,Non
APP-12362,29/12/2023,Karim Boudiaf,201,Résolu,4.0,15.13,telephone,Changement d'offre,Oui,Non,Conforme,4.0,Non
APP-12363,19/06/2023,Thomas Petit,311,Non résolu,5.0,12.78,Email,Réclamation,Non,Non,Conforme,9.0,Non
APP-12364,16/10/2023,Thomas Petit,328,Résolu,3.0,25.45,telephone,Demande d'information,Non,Non,Conforme,9.0,Non
APP-12365,11/01/2023,Léa Girard,175,Non résolu,,16.42,Email,Relevé compteur,Oui,Non,,,Non
APP-12366,22/12/2023,Julien Marchand,196,Non résolu,5.0,42.78,TEL,Demande d'information,Oui,Non,Conforme,8.0,Non
APP-12367,06/07/2023,Léa Girard,153,Résolu,5.0,20.69,telephone,Résiliation,Oui,Non,Conforme,,Non
APP-12368,01/08/2023,Léa Girard,239,Non résolu,4.0,,Chat,Panne compteur,Oui,Non,Conforme,8.0,Oui
APP-12369,15/02/2023,Thomas Petit,267,Résolu,5.0,14.63,Chat,Changement d'offre,Oui,Non,Conforme,,Non
APP-12370,12/11/2023,Julien Marchand,231,Résolu,4.0,34.26,Chat,Litige paiement,Oui,Non,Conforme,5.0,Non
APP-12371,10/10/2023,Julien Marchand,327,Résolu,3.0,44.4,Email,Réclamation,Oui,Non,Conforme,,Non
APP-12372,22/04/2023,Yanis Belkacem,152,Résolu,,14.82,telephone,Litige paiement,Oui,Non,Conforme,,Non
APP-12373,14/10/2023,Amandine Faure,328,Résolu,,9.46,Email,Changement d'offre,Oui,Non,Non conforme,,Non
APP-12374,05/01/2023,Amandine Faure,231,Résolu,4.0,30.42,Email,Relevé compteur,Oui,Non,Conforme,9.0,Non
APP-12375,16/01/2023,Fatima Zahra,140,Non résolu,5.0,23.85,Chat,Relevé compteur,Oui,Non,Non conforme,8.0,Non
APP-12376,21/12/2023,Amandine Faure,225,Résolu,5.0,27.82,Email,Litige paiement,Oui,Oui,,8.0,Non
APP-12377,22/04/2023,Yanis Belkacem,324,Résolu,4.0,25.65,Email,Réclamation,Oui,Non,Conforme,,Non
APP-12378,26/10/2023,Marie Lefevre,320,Non résolu,4.0,41.08,Email,Relevé compteur,Oui,Non,Conforme,,Non
APP-12379,03/10/2023,Sophie Nguyen,217,Non résolu,3.0,20.43,telephone,Réclamation,Oui,Non,Conforme,3.0,Non
APP-12380,28/04/2023,Nicolas Roux,300,Résolu,4.0,43.6,telephone,Litige paiement,Oui,Non,Conforme,,Non
APP-12381,11/09/2023,Amandine Faure,256,Non résolu,4.0,26.83,TEL,Changement d'offre,Oui,Non,Conforme,,Non
APP-12382,24/08/2023,Amandine Faure,83,Résolu,4.0,43.48,telephone,Relevé compteur,Oui,Non,Conforme,,Non
APP-12383,16/05/2023,Julien Marchand,206,Résolu,1.0,13.28,TEL,Relevé compteur,Oui,Non,Non conforme,7.0,Non
APP-12384,19/03/2023,Karim Boudiaf,91,Résolu,4.0,18.32,TEL,Souscription contrat,Oui,Non,Conforme,5.0,Non
APP-12385,27/06/2023,Marie Lefevre,294,Résolu,3.0,22.98,Chat,Demande d'information,Oui,Oui,Conforme,7.0,Non
APP-12386,06/04/2023,Yanis Belkacem,168,Non résolu,4.0,13.72,telephone,Changement d'offre,Oui,Non,Conforme,8.0,Non
APP-12387,08/10/2023,Karim Boudiaf,-253,,5.0,24.26,Téléphone,Changement d'offre,Oui,Non,Conforme,5.0,Non
APP-12388,24/08/2023,Fatima Zahra,86,Résolu,5.0,19.71,telephone,Changement d'offre,Oui,Non,Conforme,9.0,Non
APP-12389,29/05/2023,Julien Marchand,246,Non résolu,1.0,11.22,Téléphone,Changement d'offre,Oui,Non,Conforme,6.0,Oui
APP-12390,09/02/2023,Marie Lefevre,225,Non résolu,3.0,29.12,Chat,Changement d'offre,Oui,Non,Conforme,9.0,Non
APP-12391,17/08/2023,Julien Marchand,278,Résolu,2.0,41.66,TEL,Résiliation,Oui,Non,Conforme,8.0,Non
APP-12392,31/03/2023,Julien Marchand,211,Résolu,4.0,17.53,Email,Souscription contrat,Oui,Non,Conforme,9.0,Non
APP-12393,28/01/2023,Julien Marchand,242,Non résolu,3.0,24.65,Téléphone,Facturation,Oui,Non,Non conforme,,Non
APP-12394,12/08/2023,Amandine Faure,338,Résolu,4.0,44.83,Téléphone,Souscription contrat,Oui,Non,Non conforme,9.0,Non
APP-12395,14/04/2023,Sophie Nguyen,321,Non résolu,5.0,18.64,telephone,Facturation,Oui,Non,Conforme,,Non
APP-12396,11/02/2023,Léa Girard,418,Non résolu,5.0,23.01,Téléphone,Litige paiement,Oui,Oui,Conforme,,Non
APP-12397,28/09/2023,Thomas Petit,445,Non résolu,5.0,14.26,Téléphone,Réclamation,Oui,Non,Non conforme,8.0,Non
APP-12398,16/09/2023,Marie Lefevre,466,Résolu,3.0,16.41,TEL,Résiliation,Oui,Non,Conforme,0.0,Non
APP-12399,08/07/2023,Fatima Zahra,236,Résolu,5.0,28.12,TEL,Panne compteur,Oui,Non,Conforme,,Non
APP-12400,28/11/2023,Sophie Nguyen,253,Non résolu,5.0,44.64,Téléphone,Souscription contrat,Oui,Non,Conforme,,Non
APP-12401,25/04/2023,Julien Marchand,413,Résolu,4.0,30.62,Chat,Demande d'information,Oui,Oui,Conforme,9.0,Non
APP-12402,06/11/2023,Karim Boudiaf,355,,5.0,14.31,Téléphone,Facturation,Oui,Non,Non conforme,,Non
APP-12403,07/11/2023,Amandine Faure,185,Résolu,5.0,22.23,Email,Réclamation,Oui,Oui,Conforme,,Non
APP-12404,23/01/2023,Léa Girard,163,Résolu,,36.93,telephone,Demande d'information,Oui,Non,Conforme,1.0,Non
APP-12405,15/07/2023,Thomas Petit,-68,Résolu,1.0,25.91,TEL,Relevé compteur,Oui,Non,Conforme,6.0,Non
APP-12406,23/03/2023,Léa Girard,271,Non résolu,5.0,20.66,Téléphone,Panne compteur,Oui,Non,Non conforme,,Oui
APP-12407,07/11/2023,Julien Marchand,7240,Résolu,5.0,37.97,Téléphone,Litige paiement,Oui,Non,Conforme,7.0,Non
APP-12408,20/12/2023,Léa Girard,171,Résolu,5.0,26.67,Chat,Changement d'offre,Oui,Non,Conforme,3.0,Non
APP-12409,29/10/2023,Nicolas Roux,175,Résolu,,17.65,TEL,Relevé compteur,Oui,Non,Conforme,9.0,Non
APP-12410,09/09/2023,Nicolas Roux,-21,Résolu,4.0,43.78,Téléphone,Déménagement,Oui,Oui,Conforme,,Non
APP-12411,15/04/2023,Thomas Petit,293,Non résolu,5.0,29.13,Email,Réclamation,Oui,Non,Conforme,8.0,Oui
APP-12412,02/07/2023,Karim Boudiaf,335,Non résolu,5.0,29.57,Email,Résiliation,Oui,Oui,Conforme,6.0,Non
APP-12413,15/05/2023,Amandine Faure,257,Résolu,5.0,34.57,Chat,Déménagement,Oui,Non,Conforme,8.0,Non
APP-12414,10/07/2023,Léa Girard,171,Non résolu,3.0,24.94,Téléphone,Panne compteur,Oui,Oui,Conforme,8.0,Non
APP-12415,05/03/2023,Sophie Nguyen,218,Résolu,5.0,22.6,Chat,Résiliation,Oui,Non,Conforme,,Non
APP-12416,12/10/2023,Nicolas Roux,205,Résolu,4.0,43.77,Email,Demande d'information,Oui,Non,Conforme,9.0,Non
APP-12417,11/03/2023,Yanis Belkacem,289,,3.0,43.45,Téléphone,Souscription contrat,Oui,Non,Non conforme,,Non
APP-12418,08/07/2023,Karim Boudiaf,172,Résolu,3.0,41.14,Téléphone,Changement d'offre,Oui,Non,Conforme,,Non
APP-12419,18/10/2023,Fatima Zahra,127,Résolu,5.0,43.77,Téléphone,Demande d'information,Oui,Non,Conforme,,Non
APP-12420,16/10/2023,Karim Boudiaf,70,Non résolu,5.0,27.47,TEL,Résiliation,Oui,Non,Conforme,4.0,Non
APP-12421,30/06/2023,Marie Lefevre,186,,3.0,33.45,Chat,Facturation,Oui,Non,Conforme,,Non
APP-12422,30/06/2023,Léa Girard,324,Résolu,5.0,9.91,Email,Changement d'offre,,Non,Conforme,8.0,Non
APP-12423,20/05/2023,Julien Marchand,158,Non résolu,4.0,9.82,Téléphone,Facturation,Oui,Non,Conforme,,Non
APP-12424,09/04/2023,Thomas Petit,98,Résolu,,19.68,Chat,Panne compteur,Oui,Non,Conforme,,Non
APP-12425,25/11/2023,Karim Boudiaf,130,Non résolu,5.0,26.17,Email,Demande d'information,Oui,Non,Conforme,,Non
APP-12426,16/06/2023,Nicolas Roux,149,Résolu,4.0,19.45,Email,Réclamation,Oui,Non,Conforme,7.0,Non
APP-12427,21/06/2023,Thomas Petit,187,Résolu,3.0,44.07,telephone,Demande d'information,Oui,Non,Conforme,,Non
APP-12428,08/05/2023,Yanis Belkacem,121,Non résolu,5.0,29.33,TEL,Résiliation,Oui,Non,Conforme,,Non
APP-12429,24/06/2023,Fatima Zahra,48,Résolu,4.0,44.38,telephone,Déménagement,Oui,Non,Conforme,,Non
APP-12430,25/02/2023,Léa Girard,310,Résolu,5.0,34.49,telephone,Facturation,Non,Non,Conforme,10.0,Non
APP-12431,16/07/2023,Amandine Faure,140,Résolu,5.0,30.47,TEL,Réclamation,Oui,Non,Conforme,9.0,Non
APP-12432,07/01/2023,Sophie Nguyen,263,Résolu,,10.37,Email,Demande d'information,Oui,Non,Conforme,,Non
APP-12433,08/10/2023,Sophie Nguyen,185,Résolu,5.0,30.06,telephone,Panne compteur,Oui,Non,Conforme,5.0,Non
APP-12434,20/10/2023,Yanis Belkacem,165,Résolu,2.0,,Téléphone,Résiliation,Oui,Non,Conforme,9.0,Non
APP-12435,08/04/2023,Yanis Belkacem,301,Résolu,3.0,39.14,telephone,Facturation,Oui,Non,Conforme,3.0,Non
APP-12436,28/11/2023,Fatima Zahra,106,,4.0,12.95,Email,Demande d'information,Oui,Non,Conforme,6.0,Non
APP-12437,04/11/2023,Karim Boudiaf,221,Non résolu,4.0,43.27,Téléphone,Relevé compteur,Oui,Non,Conforme,6.0,Non
APP-12438,10/06/2023,Julien Marchand,348,Résolu,1.0,28.16,telephone,Facturation,Oui,Non,Conforme,8.0,Non
APP-12439,01/10/2023,Sophie Nguyen,102,Résolu,3.0,12.65,Téléphone,Souscription contrat,Oui,Non,Conforme,8.0,Non
APP-12440,21/07/2023,Nicolas Roux,151,,3.0,15.9,TEL,Résiliation,Non,Non,Non conforme,6.0,Non
APP-12441,14/08/2023,Marie Lefevre,168,Résolu,5.0,23.21,telephone,Déménagement,Oui,Non,Conforme,,Non
APP-12442,29/08/2023,Fatima Zahra,152,Non résolu,,21.57,telephone,Panne compteur,Oui,Non,Conforme,8.0,Non
APP-12443,11/01/2023,Julien Marchand,303,Non résolu,4.0,22.46,Chat,Changement d'offre,Non,Oui,Non conforme,,Non
APP-12444,22/05/2023,Sophie Nguyen,183,Résolu,5.0,10.52,Chat,Déménagement,Oui,Non,Conforme,,Non
APP-12445,30/12/2023,Julien Marchand,305,Résolu,5.0,19.73,Chat,Souscription contrat,Oui,Non,Conforme,9.0,Non
APP-12446,10/12/2023,Sophie Nguyen,243,Résolu,4.0,36.78,Téléphone,Réclamation,Oui,Non,Conforme,,Non
APP-12447,29/04/2023,Karim Boudiaf,82,Résolu,2.0,39.76,Email,Déménagement,Oui,Non,Conforme,8.0,Non
APP-12448,28/08/2023,Marie Lefevre,203,,,,Email,Demande d'information,Oui,Non,Non conforme,,Non
APP-12449,04/12/2023,Yanis Belkacem,330,Résolu,5.0,33.43,Chat,Relevé compteur,Oui,Non,Conforme,7.0,Non
APP-12450,16/06/2023,Yanis Belkacem,204,Non résolu,5.0,33.96,TEL,Souscription contrat,Oui,Non,Conforme,5.0,Non
APP-12451,07/04/2023,Marie Lefevre,224,Résolu,2.0,8.36,TEL,Panne compteur,Non,Non,Non conforme,1.0,Non
APP-12452,08/06/2023,Thomas Petit,85,Non résolu,,33.65,TEL,Déménagement,Oui,Non,Conforme,8.0,Non
APP-12453,12/09/2023,Sophie Nguyen,157,Résolu,5.0,36.35,Email,Facturation,,Non,,,Non
APP-12454,07/10/2023,Karim Boudiaf,324,Résolu,5.0,18.87,Chat,Déménagement,Oui,Non,Non conforme,,Non
APP-12455,13/06/2023,Sophie Nguyen,186,Non résolu,4.0,24.51,Chat,Relevé compteur,Oui,Non,Non conforme,7.0,Non
APP-12456,07/11/2023,Julien Marchand,323,Non résolu,,44.53,telephone,Résiliation,Oui,Non,Conforme,,Non
APP-12457,13/05/2023,Marie Lefevre,338,Résolu,4.0,,Email,Réclamation,Oui,Non,Conforme,2.0,Non
APP-12458,04/02/2023,Amandine Faure,301,Résolu,5.0,30.56,telephone,Litige paiement,Oui,Non,Conforme,,Non
APP-12459,25/11/2023,Julien Marchand,136,Résolu,5.0,41.86,Téléphone,Résiliation,Oui,Non,Conforme,,Non
APP-12460,11/05/2023,Julien Marchand,282,Résolu,1.0,29.03,Téléphone,Facturation,Oui,Non,Conforme,,Non
APP-12461,04/03/2023,Julien Marchand,181,Non résolu,5.0,18.16,Email,Souscription contrat,Oui,Oui,Conforme,,Non
APP-12462,21/12/2023,Nicolas Roux,54,Résolu,5.0,29.43,Chat,Litige paiement,Non,Non,Conforme,,Non
APP-12463,09/09/2023,Léa Girard,211,Résolu,2.0,40.89,Email,Panne compteur,Oui,Non,Conforme,10.0,Non
APP-12464,11/11/2023,Nicolas Roux,415,Résolu,4.0,27.19,TEL,Demande d'information,Oui,Non,Conforme,10.0,Non
APP-12465,13/02/2023,Nicolas Roux,332,Résolu,5.0,9.89,Email,Déménagement,Oui,Non,Conforme,3.0,Non
APP-12466,24/02/2023,Thomas Petit,235,Résolu,5.0,19.48,Téléphone,Litige paiement,Oui,Non,Conforme,6.0,Non
APP-12467,23/05/2023,Fatima Zahra,97,Résolu,4.0,14.73,TEL,Réclamation,Oui,Non,Conforme,,Non
APP-12468,05/01/2023,Sophie Nguyen,56,,2.0,17.55,Email,Litige paiement,Oui,Non,Conforme,8.0,Non
APP-12469,28/06/2023,Thomas Petit,244,Résolu,,25.17,Email,Litige paiement,Oui,Non,Conforme,,Non
APP-12470,27/09/2023,Amandine Faure,276,Non résolu,5.0,11.93,telephone,Panne compteur,Oui,Oui,Conforme,,Non
APP-12471,05/01/2023,Fatima Zahra,304,Résolu,5.0,36.71,Téléphone,Souscription contrat,Oui,Oui,Conforme,,Non
APP-12472,08/01/2023,Fatima Zahra,293,,,12.22,Email,Changement d'offre,Oui,Non,,6.0,Non
APP-12473,30/05/2023,Fatima Zahra,301,Résolu,3.0,31.82,Email,Panne compteur,Oui,Oui,Conforme,10.0,Non
APP-12474,29/04/2023,Julien Marchand,264,Résolu,4.0,31.92,Téléphone,Changement d'offre,Oui,Non,Conforme,9.0,Non
APP-12475,11/11/2023,Nicolas Roux,347,Non résolu,5.0,24.96,Téléphone,Réclamation,Oui,Non,,,Non
APP-12476,01/11/2023,Amandine Faure,192,Résolu,5.0,31.64,Email,Facturation,Oui,Non,Conforme,,Non
APP-12477,17/02/2023,Amandine Faure,242,Résolu,3.0,11.01,TEL,Relevé compteur,Oui,Oui,Non conforme,7.0,Non
APP-12478,11/02/2023,Nicolas Roux,83,Résolu,5.0,28.18,telephone,Demande d'information,Non,Non,Conforme,1.0,Non
APP-12479,19/12/2023,Thomas Petit,190,Résolu,5.0,12.94,Téléphone,Panne compteur,Oui,Non,Conforme,6.0,Non
APP-12480,14/01/2023,Sophie Nguyen,329,Résolu,5.0,14.04,telephone,Facturation,Oui,Non,Conforme,4.0,Non
APP-12481,16/05/2023,Sophie Nguyen,298,Non résolu,5.0,11.86,TEL,Résiliation,Oui,Non,Conforme,9.0,Non
APP-12482,29/07/2023,Karim Boudiaf,26,Non résolu,5.0,11.95,TEL,Souscription contrat,Oui,Non,Conforme,,Non
APP-12483,18/04/2023,Nicolas Roux,423,Résolu,,32.03,telephone,Déménagement,Oui,Non,Conforme,,Non
APP-12484,03/12/2023,Fatima Zahra,254,Résolu,3.0,31.16,Chat,Résiliation,Oui,Non,Conforme,,Non
APP-12485,18/11/2023,Thomas Petit,255,Résolu,4.0,10.79,Email,Demande d'information,Oui,Non,Conforme,5.0,Non
APP-12486,19/11/2023,Nicolas Roux,185,Non résolu,5.0,17.62,TEL,Souscription contrat,Oui,Non,Conforme,10.0,Non
APP-12487,21/05/2023,Yanis Belkacem,203,Résolu,4.0,22.25,Téléphone,Facturation,Oui,Non,Conforme,10.0,Non
APP-12488,02/06/2023,Amandine Faure,253,Résolu,4.0,38.89,telephone,Changement d'offre,Oui,Non,Non conforme,,Non
APP-12489,30/11/2023,Fatima Zahra,292,Résolu,3.0,,TEL,Facturation,Oui,Non,Conforme,,Non
APP-12490,05/11/2023,Léa Girard,183,Résolu,5.0,35.23,telephone,Souscription contrat,Oui,Non,Conforme,9.0,Non
APP-12491,11/03/2023,Thomas Petit,270,Résolu,4.0,18.18,Email,Facturation,Oui,Non,Conforme,7.0,Non
APP-12492,21/12/2023,Yanis Belkacem,114,Résolu,,44.91,TEL,Souscription contrat,Oui,Non,Conforme,,Non
APP-12493,13/09/2023,Yanis Belkacem,349,Non résolu,4.0,17.75,Chat,Demande d'information,Oui,Non,Conforme,10.0,Non
APP-12494,18/08/2023,Julien Marchand,268,Non résolu,5.0,8.91,telephone,Changement d'offre,Oui,Non,Conforme,6.0,Non
APP-12495,13/01/2023,Sophie Nguyen,225,Résolu,5.0,33.78,Email,Panne compteur,Oui,Non,Conforme,2.0,Non
APP-12496,21/01/2023,Fatima Zahra,308,Résolu,2.0,44.05,Email,Résiliation,Oui,Non,,8.0,Non
APP-12497,29/12/2023,Sophie Nguyen,286,Résolu,5.0,44.1,TEL,Déménagement,Oui,Non,,,Non
APP-12498,15/08/2023,Léa Girard,359,Résolu,5.0,12.75,TEL,Résiliation,Non,Non,Conforme,,Non
APP-12499,10/03/2023,Nicolas Roux,358,Résolu,5.0,32.06,TEL,Panne compteur,Oui,Oui,Conforme,9.0,Non
APP-12500,12/05/2023,Julien Marchand,191,,5.0,21.4,Chat,Relevé compteur,,Non,Conforme,,Non
APP-12501,02/07/2023,Nicolas Roux,233,Résolu,1.0,38.58,telephone,Panne compteur,Oui,Non,Conforme,,Non
APP-12502,01/09/2023,Yanis Belkacem,206,Résolu,5.0,10.04,telephone,Déménagement,Oui,Non,,,Non
APP-12503,22/09/2023,Thomas Petit,406,Résolu,5.0,23.8,TEL,Déménagement,Oui,Non,Conforme,6.0,Non
APP-12504,10/01/2023,Marie Lefevre,309,Résolu,5.0,31.72,Téléphone,Souscription contrat,Non,Oui,Conforme,,Non
APP-12505,03/04/2023,Julien Marchand,234,Résolu,4.0,19.53,telephone,Résiliation,Oui,Non,Conforme,,Non
APP-12506,26/08/2023,Thomas Petit,172,Non résolu,1.0,43.99,Téléphone,Litige paiement,Oui,Oui,Conforme,0.0,Non
APP-12507,04/02/2023,Nicolas Roux,243,Non résolu,4.0,21.32,Téléphone,Facturation,Oui,Non,Conforme,,Non
APP-12508,06/09/2023,Thomas Petit,42,Non résolu,1.0,33.25,Téléphone,Réclamation,Oui,Non,Non conforme,9.0,Non
APP-12509,20/07/2023,Léa Girard,209,Résolu,3.0,32.5,TEL,Panne compteur,Oui,Oui,Conforme,6.0,Non
APP-12510,26/04/2023,Amandine Faure,150,Non résolu,5.0,19.68,Email,Souscription contrat,Oui,Non,Conforme,7.0,Non
APP-12511,14/04/2023,Yanis Belkacem,322,Non résolu,,12.63,Email,Changement d'offre,Oui,Oui,Conforme,,Non
APP-12512,22/12/2023,Léa Girard,211,Non résolu,5.0,30.11,TEL,Litige paiement,Oui,Non,Conforme,,Oui
APP-12513,27/11/2023,Léa Girard,249,Résolu,,40.18,Chat,Résiliation,Oui,Non,Conforme,8.0,Non
APP-12514,27/01/2023,Karim Boudiaf,228,Résolu,5.0,24.99,TEL,Demande d'information,Oui,Non,,,Non
APP-12515,07/05/2023,Nicolas Roux,327,Résolu,1.0,10.85,telephone,Relevé compteur,Oui,Non,Non conforme,9.0,Non
APP-12516,02/04/2023,Léa Girard,329,Résolu,2.0,17.05,telephone,Souscription contrat,Oui,Non,Conforme,10.0,Non
APP-12517,19/07/2023,Nicolas Roux,287,Résolu,3.0,,TEL,Changement d'offre,Oui,Non,Conforme,,Non
APP-12518,14/03/2023,Fatima Zahra,345,Résolu,1.0,40.45,Téléphone,Demande d'information,Non,Non,Conforme,,Non
APP-12519,16/04/2023,Marie Lefevre,215,Résolu,,17.0,Email,Demande d'information,Oui,Oui,Conforme,9.0,Non
APP-12520,17/05/2023,Yanis Belkacem,117,Non résolu,,11.77,Téléphone,Changement d'offre,Oui,Non,Conforme,8.0,Non
APP-12521,23/05/2023,Julien Marchand,260,,5.0,41.71,Téléphone,Changement d'offre,,Non,Conforme,9.0,Non
APP-12522,05/12/2023,Léa Girard,289,Résolu,3.0,9.8,TEL,Changement d'offre,Oui,Non,Non conforme,,Non
APP-12523,11/07/2023,Amandine Faure,301,Résolu,5.0,39.22,TEL,Panne compteur,Oui,Non,Conforme,7.0,Non
APP-12524,25/02/2023,Yanis Belkacem,65,Résolu,5.0,28.22,telephone,Panne compteur,Oui,Oui,Conforme,,Non
APP-12525,26/09/2023,Sophie Nguyen,171,Résolu,4.0,11.38,telephone,Souscription contrat,Oui,Oui,Conforme,,Non
APP-12526,29/06/2023,Léa Girard,283,Résolu,5.0,14.9,Téléphone,Changement d'offre,Oui,Non,Conforme,8.0,Non
APP-12527,29/04/2023,Yanis Belkacem,374,Résolu,5.0,14.96,Email,Changement d'offre,Non,Non,,,Non
APP-12528,10/07/2023,Nicolas Roux,343,Non résolu,4.0,8.65,Chat,Demande d'information,Oui,Non,Conforme,8.0,Non
APP-12529,28/10/2023,Léa Girard,266,Non résolu,2.0,9.81,TEL,Déménagement,Oui,Non,Conforme,,Non
APP-12530,15/03/2023,Nicolas Roux,354,Résolu,1.0,20.09,Chat,Demande d'information,Oui,Non,Conforme,,Non
APP-12531,14/12/2023,Julien Marchand,265,Résolu,1.0,20.94,Email,Souscription contrat,Oui,Non,Conforme,,Non
APP-12532,14/02/2023,Fatima Zahra,100,Résolu,3.0,8.98,telephone,Résiliation,Oui,Non,Conforme,6.0,Non
APP-12533,15/05/2023,Marie Lefevre,299,Résolu,4.0,35.2,TEL,Souscription contrat,Oui,Non,Conforme,5.0,Non
APP-12534,09/04/2023,Léa Girard,346,Résolu,5.0,35.44,TEL,Panne compteur,Non,Non,Non conforme,7.0,Non
APP-12535,31/12/2023,Karim Boudiaf,406,,,32.98,Email,Résiliation,Oui,Non,Non conforme,,Non
APP-12536,30/12/2023,Amandine Faure,187,Résolu,4.0,12.67,Email,Facturation,Oui,Non,Conforme,,Non
APP-12537,10/08/2023,Sophie Nguyen,135,Résolu,5.0,12.8,telephone,Déménagement,Oui,Non,Conforme,10.0,Non
APP-12538,26/09/2023,Thomas Petit,316,Résolu,3.0,43.62,Chat,Facturation,Oui,Non,Conforme,,Non
APP-12539,11/09/2023,Karim Boudiaf,277,Non résolu,5.0,31.25,telephone,Facturation,Oui,Non,Conforme,5.0,Non
APP-12540,07/07/2023,Karim Boudiaf,269,Non résolu,5.0,30.88,TEL,Réclamation,Oui,Non,Conforme,9.0,Non
APP-12541,22/04/2023,Julien Marchand,355,Résolu,4.0,36.91,telephone,Relevé compteur,Oui,Non,Conforme,,Oui
APP-12542,28/01/2023,Nicolas Roux,316,Résolu,4.0,10.08,TEL,Souscription contrat,Oui,Non,Conforme,7.0,Non
APP-12543,26/01/2023,Nicolas Roux,286,,5.0,35.66,telephone,Souscription contrat,Oui,Non,Conforme,,Non
APP-12544,27/08/2023,Marie Lefevre,198,Résolu,5.0,31.7,Chat,Facturation,Oui,Oui,Conforme,7.0,Non
APP-12545,20/12/2023,Julien Marchand,308,Non résolu,4.0,19.62,Email,Relevé compteur,Oui,Non,Conforme,9.0,Non
APP-12546,01/09/2023,Julien Marchand,132,Non résolu,4.0,34.35,telephone,Relevé compteur,Oui,Oui,Non conforme,8.0,Non
APP-12547,23/10/2023,Sophie Nguyen,265,Non résolu,5.0,14.51,TEL,Facturation,Non,Oui,Non conforme,,Non
APP-12548,08/05/2023,Yanis Belkacem,236,Résolu,5.0,41.85,TEL,Litige paiement,Oui,Non,Conforme,7.0,Non
APP-12549,17/10/2023,Karim Boudiaf,96,Résolu,1.0,15.83,Téléphone,Déménagement,Oui,Non,Conforme,8.0,Non
APP-12550,05/07/2023,Thomas Petit,277,Non résolu,5.0,26.52,Téléphone,Relevé compteur,Non,Non,Conforme,,Non
APP-12551,01/12/2023,Thomas Petit,187,Non résolu,5.0,41.74,TEL,Résiliation,Oui,Non,Conforme,7.0,Non
APP-12552,03/08/2023,Yanis Belkacem,275,Résolu,,16.62,Téléphone,Changement d'offre,Oui,Non,Non conforme,9.0,Non
APP-12553,03/05/2023,Thomas Petit,153,Non résolu,4.0,13.8,Email,Litige paiement,Oui,Non,Conforme,,Non
APP-12554,10/07/2023,Julien Marchand,317,Résolu,2.0,35.93,telephone,Demande d'information,Oui,Non,Conforme,10.0,Non
APP-12555,19/06/2023,Fatima Zahra,390,Résolu,3.0,19.45,Email,Facturation,Oui,Non,Conforme,7.0,Non
APP-12556,27/05/2023,Léa Girard,44,Non résolu,4.0,44.41,TEL,Panne compteur,Oui,Non,Conforme,8.0,Non
APP-12557,11/09/2023,Julien Marchand,132,Résolu,,18.81,Email,Relevé compteur,Oui,Non,Conforme,,Non
APP-12558,29/07/2023,Thomas Petit,153,Non résolu,5.0,28.89,telephone,Résiliation,Oui,Non,Conforme,,Non
APP-12559,22/09/2023,Fatima Zahra,118,Résolu,3.0,17.34,TEL,Panne compteur,Oui,Non,Conforme,,Non
APP-12560,12/04/2023,Nicolas Roux,220,Résolu,1.0,41.15,telephone,Relevé compteur,Oui,Oui,Conforme,10.0,Non
APP-12561,23/04/2023,Nicolas Roux,274,Résolu,1.0,11.83,TEL,Souscription contrat,Oui,Non,Conforme,6.0,Non
APP-12562,09/07/2023,Marie Lefevre,302,Résolu,,14.24,telephone,Litige paiement,Oui,Non,Conforme,,Non
APP-12563,18/06/2023,Julien Marchand,263,Résolu,,43.83,TEL,Changement d'offre,Oui,Non,Conforme,,Non
APP-12564,21/03/2023,Fatima Zahra,299,Résolu,5.0,33.04,telephone,Relevé compteur,Non,Non,Conforme,,Non
APP-12565,23/09/2023,Léa Girard,233,Non résolu,,,TEL,Demande d'information,Oui,Non,Conforme,7.0,Non
APP-12566,05/04/2023,Léa Girard,156,Résolu,5.0,19.24,TEL,Changement d'offre,Oui,Non,Conforme,,Non
APP-12567,31/07/2023,Amandine Faure,186,Résolu,,11.44,TEL,Changement d'offre,Oui,Non,Conforme,8.0,Non
APP-12568,09/08/2023,Léa Girard,362,Résolu,,13.23,Email,Panne compteur,Oui,Non,Non conforme,9.0,Non
APP-12569,09/10/2023,Léa Girard,208,Résolu,,12.82,Chat,Souscription contrat,Oui,Non,Non conforme,8.0,Oui
APP-12570,06/05/2023,Yanis Belkacem,137,Résolu,5.0,11.61,Téléphone,Résiliation,Oui,Non,Non conforme,,Non
APP-12571,02/12/2023,Julien Marchand,288,Résolu,3.0,14.17,telephone,Réclamation,Oui,Non,Non conforme,,Non
APP-12572,15/04/2023,Nicolas Roux,361,Non résolu,5.0,27.88,Téléphone,Panne compteur,Oui,Non,Conforme,,Oui
APP-12573,21/04/2023,Karim Boudiaf,126,Résolu,5.0,33.05,Téléphone,Demande d'information,Oui,Oui,Conforme,,Non
APP-12574,18/12/2023,Julien Marchand,333,Résolu,5.0,17.85,Email,Facturation,Oui,Oui,Conforme,9.0,Non
APP-12575,27/02/2023,Sophie Nguyen,372,Non résolu,,9.44,Email,Changement d'offre,Oui,Non,Conforme,,Oui
APP-12576,03/01/2023,Karim Boudiaf,327,Non résolu,2.0,29.07,TEL,Résiliation,Oui,Non,Conforme,8.0,Non
APP-12577,22/04/2023,Amandine Faure,230,Résolu,2.0,38.8,Email,Réclamation,Oui,Oui,Conforme,,Non
APP-12578,20/12/2023,Amandine Faure,338,Résolu,,44.26,TEL,Facturation,Oui,Non,,,Oui
APP-12579,07/10/2023,Julien Marchand,347,Résolu,3.0,44.47,Téléphone,Relevé compteur,Oui,Oui,Conforme,,Non
APP-12580,02/04/2023,Fatima Zahra,141,Résolu,5.0,37.55,Email,Relevé compteur,Oui,Oui,Non conforme,,Non
APP-12581,27/02/2023,Karim Boudiaf,311,Non résolu,3.0,11.96,telephone,Souscription contrat,Non,Non,Conforme,,Non
APP-12582,17/08/2023,Amandine Faure,251,,4.0,22.16,Chat,Relevé compteur,Oui,Non,Conforme,8.0,Non
APP-12583,17/09/2023,Léa Girard,247,Résolu,3.0,,telephone,Facturation,Oui,Non,Conforme,,Non
APP-12584,17/04/2023,Marie Lefevre,146,Résolu,3.0,24.2,TEL,Panne compteur,Oui,Non,Conforme,,Oui
APP-12585,13/05/2023,Amandine Faure,415,Résolu,4.0,19.48,Email,Litige paiement,Oui,Non,Conforme,,Non
APP-12586,27/04/2023,Marie Lefevre,273,Résolu,5.0,17.35,Chat,Résiliation,Oui,Non,Conforme,10.0,Non
APP-12587,27/03/2023,Nicolas Roux,292,Résolu,5.0,10.49,Chat,Facturation,Oui,Non,Non conforme,6.0,Non
APP-12588,16/02/2023,Sophie Nguyen,276,Résolu,,31.43,Chat,Facturation,Oui,Non,Conforme,1.0,Non
APP-12589,25/07/2023,Thomas Petit,219,Résolu,5.0,34.68,Email,Panne compteur,Oui,Non,Conforme,8.0,Non
APP-12590,14/08/2023,Yanis Belkacem,318,Résolu,3.0,9.04,telephone,Réclamation,Oui,Non,Conforme,1.0,Non
APP-12591,06/10/2023,Karim Boudiaf,153,Résolu,3.0,21.89,Téléphone,Panne compteur,,Non,Conforme,,Non
APP-12592,13/09/2023,Léa Girard,149,Résolu,5.0,38.45,Chat,Relevé compteur,Oui,Oui,Conforme,6.0,Non
APP-12593,05/08/2023,Fatima Zahra,272,Résolu,,16.7,Téléphone,Souscription contrat,Non,Non,Conforme,8.0,Non
APP-12594,28/04/2023,Fatima Zahra,143,Résolu,5.0,30.05,telephone,Souscription contrat,Oui,Non,Conforme,,Non
APP-12595,18/05/2023,Amandine Faure,394,Résolu,5.0,11.98,Email,Souscription contrat,Oui,Non,Conforme,,Non
APP-12596,30/08/2023,Marie Lefevre,311,Résolu,5.0,44.98,Chat,Relevé compteur,Oui,Non,Conforme,10.0,Non
APP-12597,27/05/2023,Amandine Faure,188,Résolu,5.0,15.82,Email,Demande d'information,Oui,Non,Conforme,,Non
APP-12598,21/08/2023,Léa Girard,316,Résolu,4.0,43.72,telephone,Résiliation,Non,Non,,,Non
APP-12599,23/02/2023,Léa Girard,129,Non résolu,2.0,41.89,telephone,Panne compteur,Oui,Non,Conforme,,Non
APP-12600,01/08/2023,Julien Marchand,370,Résolu,4.0,13.02,telephone,Demande d'information,Oui,Non,Conforme,9.0,Non
APP-12601,01/12/2023,Fatima Zahra,241,Non résolu,2.0,44.17,TEL,Réclamation,Non,Non,,8.0,Non
APP-12602,27/03/2023,Karim Boudiaf,186,Résolu,5.0,18.05,Email,Résiliation,Oui,Non,Conforme,,Non
APP-12603,28/07/2023,Fatima Zahra,213,Résolu,3.0,38.19,telephone,Déménagement,Oui,Non,Conforme,8.0,Non
APP-12604,15/06/2023,Julien Marchand,172,Résolu,4.0,20.66,Chat,Panne compteur,Oui,Non,Conforme,8.0,Non
APP-12605,08/07/2023,Karim Boudiaf,220,Résolu,,44.31,telephone,Facturation,Oui,Non,Non conforme,7.0,Non
APP-12606,11/04/2023,Karim Boudiaf,134,Résolu,4.0,14.16,telephone,Changement d'offre,Oui,Non,,,Non
APP-12607,25/01/2023,Karim Boudiaf,403,Résolu,4.0,44.49,Email,Panne compteur,Oui,Non,Non conforme,,Non
APP-12608,17/08/2023,Fatima Zahra,189,Résolu,5.0,10.59,Email,Déménagement,Non,Non,Conforme,0.0,Non
APP-12609,17/05/2023,Nicolas Roux,314,Résolu,,10.1,telephone,Résiliation,Oui,Oui,Non conforme,,Non
APP-12610,04/09/2023,Sophie Nguyen,258,Résolu,5.0,42.36,Chat,Résiliation,Oui,Oui,Conforme,,Non
APP-12611,16/05/2023,Yanis Belkacem,151,Résolu,4.0,26.38,Email,Déménagement,Oui,Non,,10.0,Non
APP-12612,17/01/2023,Marie Lefevre,223,Résolu,4.0,34.22,Téléphone,Changement d'offre,Oui,Non,Conforme,,Non
APP-12613,04/02/2023,Thomas Petit,347,Non résolu,5.0,35.08,Chat,Réclamation,Oui,Non,Conforme,9.0,Non
APP-12614,08/09/2023,Yanis Belkacem,198,Résolu,4.0,31.58,Email,Déménagement,Oui,Non,Conforme,9.0,Oui
APP-12615,09/06/2023,Karim Boudiaf,142,Résolu,5.0,10.62,TEL,Facturation,Oui,Non,Conforme,3.0,Non
APP-12616,11/08/2023,Marie Lefevre,289,Non résolu,5.0,44.86,Email,Relevé compteur,Oui,Non,Conforme,8.0,Non
APP-12617,21/07/2023,Marie Lefevre,44,Résolu,3.0,25.56,Chat,Réclamation,Oui,Non,Conforme,8.0,Non
APP-12618,23/02/2023,Amandine Faure,215,Non résolu,4.0,37.47,Chat,Demande d'information,,Non,Conforme,9.0,Non
APP-12619,22/03/2023,Fatima Zahra,356,Résolu,5.0,30.03,Téléphone,Changement d'offre,Oui,Non,Conforme,9.0,Non
APP-12620,23/08/2023,Julien Marchand,220,Résolu,5.0,30.36,telephone,Demande d'information,Oui,Non,Conforme,,Non
APP-12621,29/05/2023,Léa Girard,324,Résolu,2.0,31.31,TEL,Souscription contrat,Non,Non,Conforme,,Non
APP-12622,21/05/2023,Yanis Belkacem,141,Résolu,,11.46,Chat,Relevé compteur,Oui,Non,Conforme,,Non
APP-12623,14/03/2023,Marie Lefevre,217,Résolu,1.0,,Chat,Réclamation,Oui,Non,Conforme,,Non
APP-12624,01/08/2023,Yanis Belkacem,174,Résolu,5.0,35.23,Téléphone,Résiliation,Oui,Non,Conforme,,Non
APP-12625,11/11/2023,Fatima Zahra,179,Non résolu,5.0,,Téléphone,Litige paiement,Oui,Oui,Non conforme,7.0,Non
APP-12626,09/02/2023,Karim Boudiaf,246,Résolu,4.0,14.01,Email,Demande d'information,,Non,Conforme,7.0,Non
APP-12627,27/05/2023,Karim Boudiaf,58,Résolu,5.0,43.51,Téléphone,Résiliation,Oui,Non,Non conforme,7.0,Non
APP-12628,11/07/2023,Fatima Zahra,369,Résolu,4.0,13.32,Email,Facturation,Oui,Non,Conforme,,Non
APP-12629,30/08/2023,Amandine Faure,193,Résolu,2.0,8.32,Email,Changement d'offre,Oui,Non,Conforme,,Non
APP-12630,21/08/2023,Julien Marchand,245,,4.0,24.85,TEL,Demande d'information,Oui,Oui,Conforme,,Non
APP-12631,19/06/2023,Fatima Zahra,212,Non résolu,2.0,27.17,Email,Déménagement,Oui,Non,Conforme,,Non
APP-12632,11/03/2023,Julien Marchand,238,Non résolu,2.0,34.57,Téléphone,Réclamation,,Non,Conforme,,Non
APP-12633,15/03/2023,Léa Girard,230,Non résolu,4.0,24.38,TEL,Panne compteur,Oui,Non,Conforme,8.0,Non
APP-12634,02/09/2023,Léa Girard,160,Non résolu,4.0,38.09,telephone,Réclamation,Oui,Non,Non conforme,,Non
APP-12635,28/01/2023,Sophie Nguyen,309,Résolu,5.0,29.77,TEL,Souscription contrat,Oui,Non,Conforme,,Non
APP-12636,14/11/2023,Julien Marchand,179,Résolu,5.0,31.24,Chat,Litige paiement,Oui,Oui,Conforme,,Non
APP-12637,03/06/2023,Yanis Belkacem,174,Résolu,4.0,38.71,Chat,Réclamation,Oui,Non,Conforme,8.0,Non
APP-12638,09/05/2023,Thomas Petit,100,Résolu,3.0,40.08,telephone,Réclamation,Non,Non,Non conforme,,Non
APP-12639,03/10/2023,Thomas Petit,191,Résolu,2.0,32.76,Email,Déménagement,Oui,Non,Conforme,,Non
APP-12640,23/01/2023,Yanis Belkacem,178,Résolu,5.0,15.56,Téléphone,Souscription contrat,Non,Non,Conforme,,Non
APP-12641,25/08/2023,Nicolas Roux,-22,Résolu,3.0,31.19,Email,Facturation,Oui,Oui,Conforme,,Oui
APP-12642,07/09/2023,Yanis Belkacem,58,Non résolu,4.0,28.94,Email,Demande d'information,Oui,Non,Conforme,7.0,Non
APP-12643,08/12/2023,Julien Marchand,-14,Non résolu,4.0,41.92,TEL,Panne compteur,Non,Non,Conforme,,Non
APP-12644,18/09/2023,Karim Boudiaf,219,Résolu,4.0,34.59,Email,Panne compteur,Non,Non,,,Non
APP-12645,17/10/2023,Julien Marchand,365,Résolu,4.0,,Chat,Demande d'information,Oui,Non,Conforme,,Non
APP-12646,28/10/2023,Thomas Petit,218,Résolu,,15.12,Chat,Souscription contrat,Oui,Non,Conforme,6.0,Non
APP-12647,25/11/2023,Léa Girard,477,Non résolu,4.0,25.17,Email,Déménagement,Oui,Non,Conforme,,Non
APP-12648,07/11/2023,Léa Girard,265,Résolu,3.0,20.41,Email,Facturation,Oui,Non,Conforme,,Non
APP-12649,27/06/2023,Yanis Belkacem,224,Résolu,1.0,43.23,Email,Réclamation,Oui,Non,Conforme,6.0,Non
APP-12650,25/02/2023,Yanis Belkacem,439,Non résolu,3.0,28.09,Téléphone,Litige paiement,Oui,Non,Non conforme,0.0,Non
APP-12651,30/03/2023,Julien Marchand,290,Résolu,3.0,12.79,Email,Changement d'offre,Oui,Non,Conforme,,Non
APP-12652,03/02/2023,Marie Lefevre,168,Non résolu,5.0,31.05,telephone,Changement d'offre,Oui,Non,Conforme,,Non
APP-12653,16/08/2023,Fatima Zahra,217,Résolu,5.0,24.53,telephone,Demande d'information,Oui,Oui,Conforme,,Non
APP-12654,05/05/2023,Amandine Faure,-177,Non résolu,5.0,14.09,TEL,Litige paiement,Oui,Non,Conforme,4.0,Non
APP-12655,29/11/2023,Karim Boudiaf,301,Non résolu,4.0,23.03,Email,Déménagement,Oui,Non,Conforme,9.0,Non
APP-12656,20/07/2023,Yanis Belkacem,257,Résolu,3.0,23.5,TEL,Déménagement,Oui,Non,Conforme,,Non
APP-12657,26/01/2023,Sophie Nguyen,276,,1.0,27.14,TEL,Résiliation,Oui,Non,Conforme,5.0,Non
APP-12658,30/12/2023,Fatima Zahra,128,Résolu,,29.67,Email,Panne compteur,Oui,Non,Non conforme,,Non
APP-12659,28/01/2023,Thomas Petit,326,Résolu,5.0,12.05,Email,Demande d'information,Oui,Non,Conforme,,Non
APP-12660,14/09/2023,Thomas Petit,126,,3.0,34.55,telephone,Facturation,Non,Oui,Conforme,,Non
APP-12661,31/07/2023,Fatima Zahra,305,Non résolu,4.0,36.74,Email,Demande d'information,Oui,Non,Conforme,6.0,Non
APP-12662,18/07/2023,Karim Boudiaf,332,Résolu,5.0,41.02,Téléphone,Souscription contrat,Oui,Non,Conforme,,Non
APP-12663,12/05/2023,Thomas Petit,380,,,10.91,telephone,Litige paiement,Oui,Non,Conforme,0.0,Non
APP-12664,18/01/2023,Yanis Belkacem,134,Résolu,5.0,44.56,Chat,Résiliation,Oui,Non,Conforme,,Non
APP-12665,06/07/2023,Yanis Belkacem,169,Résolu,2.0,22.41,Téléphone,Souscription contrat,Oui,Oui,Conforme,,Non
APP-12666,28/04/2023,Léa Girard,320,Résolu,,15.85,Téléphone,Souscription contrat,Oui,Non,Conforme,,Non
APP-12667,09/10/2023,Karim Boudiaf,341,Non résolu,5.0,16.84,Email,Relevé compteur,,Non,,7.0,Non
APP-12668,01/06/2023,Fatima Zahra,181,Résolu,4.0,,Téléphone,Déménagement,Oui,Oui,Conforme,,Non
APP-12669,27/05/2023,Julien Marchand,95,Résolu,4.0,16.67,telephone,Déménagement,Oui,Non,Conforme,0.0,Non
APP-12670,24/06/2023,Fatima Zahra,232,Résolu,4.0,20.52,Téléphone,Demande d'information,Oui,Non,Conforme,3.0,Non
APP-12671,19/04/2023,Karim Boudiaf,261,Résolu,5.0,8.26,TEL,Réclamation,,Non,Non conforme,,Non
APP-12672,22/09/2023,Marie Lefevre,325,Non résolu,4.0,13.42,Chat,Changement d'offre,Oui,Oui,Conforme,,Non
APP-12673,18/01/2023,Nicolas Roux,287,Résolu,4.0,13.91,telephone,Réclamation,Oui,Non,Non conforme,,Non
APP-12674,21/10/2023,Marie Lefevre,285,Résolu,5.0,9.66,Chat,Relevé compteur,Oui,Non,Conforme,7.0,Oui
APP-12675,31/05/2023,Sophie Nguyen,354,Résolu,5.0,31.03,Téléphone,Panne compteur,Oui,Non,Conforme,7.0,Non
APP-12676,03/06/2023,Marie Lefevre,150,Résolu,2.0,36.48,Chat,Changement d'offre,Oui,Non,Conforme,,Non
APP-12677,13/03/2023,Julien Marchand,109,Résolu,,38.0,Email,Facturation,,Non,Conforme,,Non
APP-12678,13/06/2023,Karim Boudiaf,291,Non résolu,1.0,23.04,Chat,Changement d'offre,Oui,Non,Conforme,,Non
APP-12679,11/01/2023,Amandine Faure,228,Résolu,5.0,36.56,telephone,Déménagement,Non,Non,Conforme,7.0,Non
APP-12680,05/05/2023,Amandine Faure,6500,Résolu,,41.59,Chat,Demande d'information,Oui,Non,Non conforme,4.0,Non
APP-12681,01/08/2023,Marie Lefevre,236,Résolu,4.0,11.23,telephone,Litige paiement,Oui,Oui,Conforme,7.0,Non
APP-12682,29/09/2023,Nicolas Roux,185,Résolu,4.0,37.79,telephone,Résiliation,Oui,Oui,Conforme,9.0,Non
APP-12683,04/09/2023,Karim Boudiaf,293,Résolu,5.0,39.45,telephone,Relevé compteur,Oui,Non,Conforme,7.0,Non
APP-12684,23/10/2023,Léa Girard,247,Résolu,5.0,9.84,telephone,Changement d'offre,Oui,Non,Conforme,8.0,Non
APP-12685,14/12/2023,Amandine Faure,236,Résolu,5.0,13.55,Chat,Déménagement,Non,Non,Non conforme,9.0,Non
APP-12686,22/02/2023,Karim Boudiaf,454,Non résolu,5.0,31.87,TEL,Panne compteur,Oui,Non,Conforme,10.0,Oui
APP-12687,08/07/2023,Marie Lefevre,346,Non résolu,4.0,8.63,Chat,Résiliation,Oui,Non,Conforme,,Non
APP-12688,15/06/2023,Marie Lefevre,305,Résolu,4.0,32.64,TEL,Demande d'information,Oui,Non,Non conforme,,Non
APP-12689,06/05/2023,Fatima Zahra,250,Résolu,5.0,38.44,TEL,Panne compteur,Oui,Non,Conforme,10.0,Non
APP-12690,23/11/2023,Sophie Nguyen,242,Résolu,5.0,25.0,TEL,Souscription contrat,Oui,Non,Conforme,,Non
APP-12691,24/03/2023,Amandine Faure,212,Non résolu,,26.46,Email,Souscription contrat,Non,Non,Conforme,1.0,Non
APP-12692,26/06/2023,Fatima Zahra,258,Non résolu,5.0,26.62,Téléphone,Déménagement,,Non,Conforme,,Non
APP-12693,20/10/2023,Fatima Zahra,196,,,36.31,telephone,Litige paiement,Oui,Oui,,,Non
APP-12694,28/06/2023,Julien Marchand,132,Non résolu,,31.99,TEL,Demande d'information,Oui,Non,Conforme,8.0,Non
APP-12695,03/05/2023,Karim Boudiaf,4700,Non résolu,4.0,14.38,telephone,Souscription contrat,Oui,Non,Conforme,,Non
APP-12696,05/01/2023,Fatima Zahra,266,Non résolu,,13.82,Téléphone,Relevé compteur,Oui,Non,Conforme,,Non
APP-12697,17/03/2023,Thomas Petit,326,Non résolu,4.0,43.61,Email,Réclamation,Non,Non,Conforme,3.0,Non
APP-12698,03/10/2023,Sophie Nguyen,168,Non résolu,5.0,31.19,Chat,Réclamation,Oui,Non,Conforme,9.0,Oui
APP-12699,14/04/2023,Julien Marchand,243,Résolu,2.0,17.37,Email,Souscription contrat,Oui,Oui,,,Non
APP-12700,08/11/2023,Marie Lefevre,286,Non résolu,5.0,44.22,Téléphone,Panne compteur,Oui,Non,Conforme,,Non
APP-12701,15/12/2023,Marie Lefevre,284,Non résolu,5.0,26.57,telephone,Relevé compteur,Oui,Non,,10.0,Non
APP-12702,12/06/2023,Fatima Zahra,384,Résolu,4.0,12.9,Email,Souscription contrat,Oui,Non,Conforme,,Non
APP-12703,19/09/2023,Fatima Zahra,214,Résolu,,28.24,Téléphone,Facturation,Oui,Non,Conforme,9.0,Oui
APP-12704,23/02/2023,Nicolas Roux,161,Résolu,5.0,23.47,Email,Souscription contrat,Non,Non,,9.0,Non
APP-12705,07/10/2023,Amandine Faure,248,Non résolu,3.0,39.57,Téléphone,Relevé compteur,Oui,Non,Non conforme,8.0,Non
APP-12706,26/09/2023,Yanis Belkacem,218,Résolu,5.0,40.37,Téléphone,Facturation,Oui,Non,Conforme,9.0,Non
APP-12707,05/12/2023,Marie Lefevre,203,Non résolu,5.0,12.77,Téléphone,Réclamation,Oui,Non,Conforme,7.0,Non
APP-12708,11/02/2023,Fatima Zahra,191,Résolu,5.0,31.06,Chat,Litige paiement,Oui,Non,Conforme,7.0,Oui
APP-12709,03/04/2023,Amandine Faure,266,Résolu,5.0,21.17,Chat,Déménagement,Non,Non,Conforme,,Non
APP-12710,08/10/2023,Marie Lefevre,180,Résolu,4.0,31.65,Téléphone,Demande d'information,Oui,Non,Conforme,,Non
APP-12711,04/11/2023,Karim Boudiaf,304,Résolu,3.0,16.72,telephone,Demande d'information,Oui,Non,Conforme,,Non
APP-12712,03/05/2023,Amandine Faure,300,Résolu,5.0,12.69,telephone,Changement d'offre,Oui,Non,Conforme,,Non
APP-12713,15/10/2023,Thomas Petit,274,Résolu,1.0,40.06,TEL,Panne compteur,Oui,Non,Conforme,6.0,Non
APP-12714,21/09/2023,Thomas Petit,150,Résolu,5.0,23.82,Chat,Changement d'offre,Oui,Non,Conforme,8.0,Non
APP-12715,19/04/2023,Nicolas Roux,262,Résolu,4.0,13.95,Email,Déménagement,Oui,Non,Conforme,10.0,Non
APP-12716,09/05/2023,Marie Lefevre,332,Résolu,4.0,11.91,TEL,Litige paiement,Oui,Non,Conforme,7.0,Non
APP-12717,23/05/2023,Yanis Belkacem,311,Résolu,3.0,26.73,Téléphone,Réclamation,Non,Non,Conforme,6.0,Non
APP-12718,06/10/2023,Marie Lefevre,298,Résolu,5.0,27.82,telephone,Litige paiement,Oui,Non,Conforme,8.0,Non
APP-12719,06/07/2023,Karim Boudiaf,241,Résolu,5.0,22.59,Email,Demande d'information,Oui,Non,Conforme,8.0,Non
APP-12720,27/01/2023,Julien Marchand,237,Résolu,4.0,25.46,TEL,Souscription contrat,Oui,Non,Conforme,8.0,Non
APP-12721,18/05/2023,Sophie Nguyen,348,Résolu,5.0,26.14,telephone,Déménagement,Oui,Non,Conforme,6.0,Non
APP-12722,23/07/2023,Marie Lefevre,265,Résolu,3.0,22.93,Email,Résiliation,Oui,Non,Conforme,8.0,Non
APP-12723,08/09/2023,Fatima Zahra,266,Non résolu,3.0,20.33,Email,Changement d'offre,Oui,Non,,2.0,Non
APP-12724,23/08/2023,Amandine Faure,487,Non résolu,4.0,16.82,Chat,Changement d'offre,Non,Non,Conforme,,Oui
APP-12725,13/04/2023,Fatima Zahra,212,Non résolu,4.0,37.38,Chat,Panne compteur,Non,Non,Conforme,8.0,Non
APP-12726,12/12/2023,Nicolas Roux,51,Résolu,4.0,11.95,Email,Souscription contrat,Oui,Non,Conforme,,Non
APP-12727,21/08/2023,Karim Boudiaf,224,Non résolu,5.0,16.84,Chat,Changement d'offre,Oui,Non,Conforme,4.0,Oui
APP-12728,03/10/2023,Thomas Petit,229,Non résolu,4.0,14.25,telephone,Relevé compteur,Oui,Non,Conforme,,Non
APP-12729,15/03/2023,Yanis Belkacem,263,Résolu,5.0,25.04,Chat,Litige paiement,Oui,Non,Conforme,,Non
APP-12730,16/11/2023,Léa Girard,283,Résolu,5.0,28.41,Chat,Demande d'information,Non,Non,Conforme,4.0,Non
APP-12731,20/04/2023,Nicolas Roux,64,Résolu,4.0,21.19,Email,Facturation,Oui,Oui,Conforme,,Non
APP-12732,30/12/2023,Karim Boudiaf,285,Résolu,5.0,21.96,Email,Demande d'information,Oui,Oui,Conforme,,Non
APP-12733,05/08/2023,Fatima Zahra,234,Non résolu,5.0,17.55,Email,Litige paiement,Oui,Non,Conforme,,Non
APP-12734,06/06/2023,Sophie Nguyen,216,Résolu,,36.1,Chat,Déménagement,Oui,Non,Conforme,,Non
APP-12735,03/09/2023,Julien Marchand,96,Non résolu,4.0,15.62,TEL,Litige paiement,Non,Non,Conforme,,Non
APP-12736,05/05/2023,Nicolas Roux,368,Non résolu,4.0,20.53,telephone,Demande d'information,Oui,Non,Non conforme,,Non
APP-12737,03/03/2023,Amandine Faure,202,Résolu,5.0,28.86,telephone,Facturation,Oui,Non,Conforme,9.0,Non
APP-12738,24/01/2023,Fatima Zahra,299,Résolu,4.0,9.93,TEL,Souscription contrat,Oui,Non,Conforme,,Non
APP-12739,22/10/2023,Nicolas Roux,167,Non résolu,4.0,39.54,TEL,Souscription contrat,,Non,Conforme,,Oui
APP-12740,31/05/2023,Julien Marchand,267,Résolu,5.0,21.04,telephone,Souscription contrat,Oui,Non,Conforme,8.0,Non
APP-12741,06/02/2023,Léa Girard,217,Résolu,4.0,34.74,Email,Réclamation,Non,Oui,Conforme,,Non
APP-12742,28/08/2023,Amandine Faure,296,Résolu,4.0,,Téléphone,Demande d'information,Oui,Non,Conforme,,Non
APP-12743,03/02/2023,Julien Marchand,214,Non résolu,4.0,12.69,telephone,Souscription contrat,Oui,Non,Non conforme,,Non
APP-12744,11/08/2023,Léa Girard,237,Résolu,3.0,11.03,TEL,Souscription contrat,Oui,Non,Conforme,9.0,Non
APP-12745,24/04/2023,Thomas Petit,120,,5.0,15.25,Email,Litige paiement,Oui,Non,Non conforme,7.0,Non
APP-12746,17/01/2023,Thomas Petit,301,Résolu,5.0,28.16,Chat,Litige paiement,Oui,Non,Non conforme,6.0,Non
APP-12747,03/03/2023,Marie Lefevre,222,Résolu,4.0,17.98,TEL,Souscription contrat,Oui,Non,Conforme,10.0,Non
APP-12748,17/05/2023,Fatima Zahra,330,Résolu,5.0,44.6,Chat,Déménagement,Oui,Non,,,Non
APP-12749,24/07/2023,Julien Marchand,355,Résolu,3.0,17.81,Téléphone,Demande d'information,Oui,Non,,,Non
APP-12750,05/07/2023,Karim Boudiaf,205,Non résolu,3.0,12.2,Téléphone,Souscription contrat,Oui,Non,Conforme,8.0,Non
APP-12751,29/09/2023,Marie Lefevre,253,Résolu,5.0,8.14,TEL,Relevé compteur,Oui,Non,Conforme,4.0,Non
APP-12752,25/12/2023,Léa Girard,244,Non résolu,3.0,19.1,TEL,Changement d'offre,Oui,Non,Conforme,,Non
APP-12753,28/09/2023,Karim Boudiaf,374,Résolu,5.0,13.6,Chat,Déménagement,Non,Non,Conforme,,Non
APP-12754,11/10/2023,Karim Boudiaf,164,Résolu,4.0,35.98,telephone,Facturation,Oui,Non,Conforme,10.0,Non
APP-12755,08/11/2023,Marie Lefevre,109,,1.0,27.97,Téléphone,Résiliation,Oui,Non,Conforme,,Non
APP-12756,27/02/2023,Marie Lefevre,222,Non résolu,4.0,42.53,Email,Déménagement,Oui,Non,,,Non
APP-12757,19/02/2023,Léa Girard,160,Résolu,,31.58,Téléphone,Souscription contrat,Non,Non,Non conforme,,Non
APP-12758,13/05/2023,Sophie Nguyen,225,Résolu,5.0,21.38,telephone,Relevé compteur,Oui,Oui,Non conforme,8.0,Non
APP-12759,14/10/2023,Fatima Zahra,366,Résolu,2.0,12.01,Téléphone,Déménagement,Oui,Non,Conforme,,Non
APP-12760,09/07/2023,Léa Girard,266,Non résolu,,14.22,Email,Demande d'information,Oui,Non,Conforme,5.0,Oui
APP-12761,22/10/2023,Yanis Belkacem,275,Résolu,4.0,26.95,Email,Réclamation,Oui,Non,Conforme,10.0,Non
APP-12762,28/12/2023,Yanis Belkacem,450,Non résolu,5.0,43.01,Téléphone,Changement d'offre,,Non,Non conforme,,Non
APP-12763,08/09/2023,Léa Girard,218,Résolu,,29.45,Chat,Demande d'information,Oui,Non,Conforme,8.0,Non
APP-12764,02/03/2023,Amandine Faure,182,Non résolu,3.0,10.33,Téléphone,Litige paiement,Oui,Non,Non conforme,8.0,Non
APP-12765,24/11/2023,Nicolas Roux,245,Résolu,4.0,14.93,Téléphone,Relevé compteur,Oui,Non,Conforme,7.0,Non
APP-12766,03/11/2023,Léa Girard,179,Résolu,3.0,38.93,Chat,Résiliation,Oui,Non,Conforme,,Non
APP-12767,16/04/2023,Yanis Belkacem,277,,,13.73,Email,Litige paiement,Oui,Non,Conforme,,Non
APP-12768,10/03/2023,Amandine Faure,145,Résolu,5.0,,telephone,Déménagement,Oui,Non,Conforme,,Non
APP-12769,20/10/2023,Fatima Zahra,165,Résolu,3.0,21.78,TEL,Résiliation,Oui,Oui,Conforme,,Non
APP-12770,05/03/2023,Amandine Faure,233,Résolu,4.0,23.07,Téléphone,Relevé compteur,Oui,Non,Conforme,10.0,Non
APP-12771,11/03/2023,Marie Lefevre,88,Résolu,2.0,,telephone,Litige paiement,Oui,Non,Non conforme,7.0,Oui
APP-12772,13/02/2023,Amandine Faure,191,Non résolu,5.0,38.95,telephone,Réclamation,Oui,Non,Conforme,,Non
APP-12773,16/05/2023,Sophie Nguyen,253,Résolu,5.0,26.94,TEL,Demande d'information,Oui,Non,Conforme,5.0,Non
APP-12774,27/09/2023,Thomas Petit,473,Non résolu,4.0,14.32,Téléphone,Résiliation,Oui,Non,Conforme,,Non
APP-12775,01/10/2023,Nicolas Roux,342,Résolu,5.0,,TEL,Changement d'offre,Oui,Non,Conforme,,Non
APP-12776,08/07/2023,Amandine Faure,185,Non résolu,2.0,29.96,telephone,Déménagement,Oui,Non,Conforme,,Non
APP-12777,12/06/2023,Fatima Zahra,148,Non résolu,5.0,15.77,TEL,Relevé compteur,Oui,Non,Conforme,,Oui
APP-12778,19/10/2023,Amandine Faure,178,Résolu,,13.02,Chat,Demande d'information,Oui,Non,Conforme,,Non
APP-12779,27/12/2023,Karim Boudiaf,327,Non résolu,3.0,13.39,TEL,Facturation,Oui,Non,Conforme,10.0,Non
APP-12780,25/07/2023,Julien Marchand,329,Résolu,5.0,36.96,Chat,Déménagement,Non,Non,Conforme,,Non
APP-12781,20/11/2023,Sophie Nguyen,363,Résolu,5.0,42.69,Téléphone,Facturation,Oui,Non,Conforme,9.0,Non
APP-12782,30/01/2023,Léa Girard,163,Résolu,5.0,17.01,Chat,Facturation,Oui,Non,Conforme,,Non
APP-12783,08/01/2023,Amandine Faure,-282,Résolu,4.0,39.16,telephone,Réclamation,Oui,Non,Non conforme,,Non
APP-12784,21/12/2023,Yanis Belkacem,170,Non résolu,3.0,42.04,Chat,Résiliation,Non,Non,Conforme,9.0,Non
APP-12785,21/03/2023,Thomas Petit,384,Non résolu,3.0,32.06,telephone,Demande d'information,Oui,Non,Conforme,9.0,Non
APP-12786,16/08/2023,Julien Marchand,166,Non résolu,4.0,22.88,TEL,Litige paiement,Non,Non,Conforme,4.0,Non
APP-12787,28/11/2023,Yanis Belkacem,130,Résolu,,9.9,telephone,Litige paiement,Oui,Non,Conforme,,Non
APP-12788,19/01/2023,Nicolas Roux,144,Résolu,5.0,22.84,Email,Réclamation,Oui,Non,Non conforme,,Non
APP-12789,29/03/2023,Fatima Zahra,239,Résolu,5.0,20.98,Téléphone,Résiliation,Oui,Non,Conforme,,Non
APP-12790,10/07/2023,Sophie Nguyen,300,Résolu,5.0,13.68,telephone,Demande d'information,Oui,Non,Conforme,5.0,Non
APP-12791,13/09/2023,Sophie Nguyen,294,Résolu,5.0,21.56,TEL,Relevé compteur,Oui,Non,Conforme,,Non
APP-12792,09/11/2023,Yanis Belkacem,147,Non résolu,2.0,37.54,telephone,Changement d'offre,Oui,Non,Conforme,,Non
APP-12793,26/10/2023,Thomas Petit,206,Résolu,,34.17,Téléphone,Facturation,Oui,Non,Conforme,,Non
APP-12794,28/01/2023,Thomas Petit,195,Résolu,4.0,11.91,Téléphone,Réclamation,Oui,Non,Conforme,,Non
APP-12795,11/04/2023,Nicolas Roux,136,Résolu,5.0,31.24,telephone,Changement d'offre,Non,Non,Conforme,,Non
APP-12796,06/10/2023,Léa Girard,193,Résolu,4.0,29.41,Chat,Facturation,Oui,Non,Conforme,,Non
APP-12797,04/11/2023,Karim Boudiaf,359,Résolu,5.0,41.72,Téléphone,Souscription contrat,Oui,Non,Conforme,5.0,Non
APP-12798,20/07/2023,Amandine Faure,125,Résolu,1.0,22.01,Email,Litige paiement,Oui,Non,Conforme,10.0,Non
APP-12799,08/11/2023,Karim Boudiaf,259,Résolu,4.0,39.2,TEL,Relevé compteur,Oui,Non,Conforme,,Non
APP-12800,04/11/2023,Sophie Nguyen,361,Résolu,3.0,40.07,Chat,Changement d'offre,Oui,Non,Non conforme,7.0,Non
APP-12801,19/03/2023,Sophie Nguyen,356,Résolu,,41.08,TEL,Souscription contrat,Oui,Non,Conforme,5.0,Non
APP-12802,10/04/2023,Thomas Petit,389,Résolu,4.0,36.01,Chat,Réclamation,Non,Non,Conforme,,Non
APP-12803,21/08/2023,Sophie Nguyen,267,Non résolu,,30.45,Chat,Demande d'information,Oui,Oui,Conforme,,Non
APP-12804,26/07/2023,Fatima Zahra,280,Non résolu,5.0,34.64,Téléphone,Facturation,Oui,Oui,Conforme,,Non
APP-12805,15/12/2023,Léa Girard,194,,3.0,11.19,Chat,Résiliation,Oui,Non,Conforme,,Non
APP-12806,16/07/2023,Fatima Zahra,123,Non résolu,3.0,20.49,Email,Réclamation,Oui,Non,Conforme,,Non
APP-12807,17/03/2023,Sophie Nguyen,227,Résolu,,8.67,Chat,Panne compteur,Oui,Non,Conforme,7.0,Non
APP-12808,13/09/2023,Julien Marchand,338,Résolu,3.0,30.92,Téléphone,Demande d'information,Non,Oui,Conforme,,Oui
APP-12809,02/09/2023,Yanis Belkacem,42,Résolu,,32.55,telephone,Relevé compteur,Oui,Non,Conforme,,Non
APP-12810,07/11/2023,Amandine Faure,198,Résolu,5.0,12.46,TEL,Résiliation,Oui,Non,Conforme,10.0,Non
APP-12811,17/09/2023,Yanis Belkacem,288,Résolu,4.0,39.51,Téléphone,Déménagement,Oui,Non,Conforme,,Non
APP-12812,19/07/2023,Karim Boudiaf,240,Résolu,3.0,44.31,Email,Changement d'offre,Oui,Non,Conforme,4.0,Non
APP-12813,21/05/2023,Amandine Faure,350,Non résolu,2.0,11.6,Chat,Panne compteur,Non,Non,Non conforme,10.0,Non
APP-12814,31/10/2023,Amandine Faure,328,Non résolu,5.0,20.95,Téléphone,Facturation,Oui,Oui,Conforme,,Non
APP-12815,14/07/2023,Thomas Petit,113,Résolu,5.0,42.35,TEL,Réclamation,Non,Non,Conforme,,Non
APP-12816,22/02/2023,Sophie Nguyen,247,Non résolu,,29.86,Email,Demande d'information,Oui,Non,Non conforme,,Non
APP-12817,30/08/2023,Thomas Petit,174,Résolu,1.0,32.15,telephone,Litige paiement,Oui,Non,Conforme,,Non
APP-12818,14/10/2023,Nicolas Roux,173,Résolu,5.0,39.22,Email,Résiliation,Oui,Non,Conforme,,Non
APP-12819,23/04/2023,Yanis Belkacem,119,Résolu,4.0,15.21,Téléphone,Déménagement,Oui,Non,Conforme,,Non
APP-12820,06/01/2023,Marie Lefevre,261,,5.0,36.2,telephone,Déménagement,Oui,Non,Non conforme,,Non
APP-12821,14/01/2023,Karim Boudiaf,352,Résolu,3.0,34.4,Email,Demande d'information,Oui,Non,Conforme,9.0,Oui
APP-12822,15/11/2023,Fatima Zahra,269,Résolu,3.0,40.11,TEL,Résiliation,Oui,Non,,,Non
APP-12823,23/05/2023,Thomas Petit,114,Résolu,5.0,23.99,Téléphone,Litige paiement,Oui,Non,Conforme,,Non
APP-12824,20/12/2023,Amandine Faure,235,Non résolu,4.0,13.28,telephone,Relevé compteur,Oui,Non,,2.0,Non
APP-12825,24/12/2023,Marie Lefevre,285,Non résolu,4.0,22.41,telephone,Panne compteur,Oui,Non,Conforme,10.0,Non
APP-12826,15/01/2023,Sophie Nguyen,228,Non résolu,3.0,40.12,Chat,Souscription contrat,Oui,Non,Conforme,7.0,Non
APP-12827,31/08/2023,Karim Boudiaf,5340,Non résolu,5.0,40.61,Chat,Demande d'information,Oui,Oui,Conforme,,Non
APP-12828,06/08/2023,Amandine Faure,180,Résolu,4.0,34.81,Email,Facturation,Non,Non,Conforme,,Non
APP-12829,18/08/2023,Julien Marchand,218,Résolu,2.0,,Email,Changement d'offre,Non,Oui,,8.0,Non
APP-12830,19/12/2023,Amandine Faure,333,Résolu,1.0,24.38,TEL,Demande d'information,Oui,Non,Conforme,10.0,Non
APP-12831,30/08/2023,Sophie Nguyen,178,Résolu,2.0,25.95,Téléphone,Demande d'information,Oui,Non,,,Non
APP-12832,01/03/2023,Léa Girard,190,Résolu,5.0,24.4,Téléphone,Demande d'information,Oui,Non,,5.0,Non
APP-12833,09/01/2023,Fatima Zahra,357,Résolu,1.0,21.92,TEL,Litige paiement,Oui,Non,Conforme,6.0,Non
APP-12834,12/01/2023,Léa Girard,279,Résolu,,37.93,Chat,Réclamation,Oui,Non,Conforme,,Non
APP-12835,29/11/2023,Amandine Faure,37,Résolu,5.0,21.39,telephone,Relevé compteur,Oui,Oui,Conforme,9.0,Non
APP-12836,19/02/2023,Nicolas Roux,423,Résolu,2.0,17.97,TEL,Souscription contrat,Oui,Non,Non conforme,,Non
APP-12837,28/07/2023,Léa Girard,266,Résolu,1.0,18.27,TEL,Résiliation,Oui,Non,Conforme,8.0,Non
APP-12838,09/10/2023,Amandine Faure,253,Résolu,5.0,29.36,Téléphone,Déménagement,Oui,Non,Conforme,,Non
APP-12839,18/04/2023,Karim Boudiaf,265,Résolu,,31.97,Email,Litige paiement,Non,Oui,Non conforme,7.0,Non
APP-12840,31/05/2023,Léa Girard,247,Résolu,4.0,26.85,TEL,Demande d'information,Oui,Non,,9.0,Non
APP-12841,21/03/2023,Thomas Petit,209,Résolu,5.0,28.19,telephone,Souscription contrat,Oui,Non,Conforme,,Non
APP-12842,24/11/2023,Yanis Belkacem,179,Résolu,5.0,15.15,Chat,Déménagement,Oui,Oui,Non conforme,,Non
APP-12843,22/06/2023,Nicolas Roux,219,Non résolu,3.0,43.18,Téléphone,Réclamation,Oui,Non,Conforme,,Non
APP-12844,16/05/2023,Fatima Zahra,161,Résolu,4.0,9.95,Chat,Souscription contrat,Oui,Non,Conforme,8.0,Non
APP-12845,12/05/2023,Karim Boudiaf,23,Non résolu,2.0,9.39,Email,Litige paiement,Oui,Non,Conforme,9.0,Oui
APP-12846,07/04/2023,Amandine Faure,268,Résolu,,26.82,TEL,Souscription contrat,Oui,Non,Conforme,,Non
APP-12847,13/12/2023,Karim Boudiaf,400,Non résolu,4.0,17.0,Email,Panne compteur,Oui,Non,Conforme,8.0,Non
APP-12848,13/10/2023,Julien Marchand,176,Non résolu,5.0,15.03,TEL,Panne compteur,Non,Non,Conforme,0.0,Non
APP-12849,20/05/2023,Sophie Nguyen,286,Non résolu,,25.05,TEL,Relevé compteur,Non,Non,Conforme,,Non
APP-12850,27/09/2023,Sophie Nguyen,151,Résolu,3.0,31.87,TEL,Facturation,Oui,Non,Conforme,10.0,Non
APP-12851,08/05/2023,Sophie Nguyen,165,Résolu,3.0,32.09,Email,Changement d'offre,Non,Non,Conforme,,Non
APP-12852,17/09/2023,Amandine Faure,211,Non résolu,5.0,10.7,Email,Changement d'offre,Oui,Non,Conforme,,Non
APP-12853,09/11/2023,Julien Marchand,350,Résolu,5.0,18.13,Email,Relevé compteur,Oui,Non,Conforme,,Non
APP-12854,19/06/2023,Julien Marchand,245,Résolu,4.0,34.26,Téléphone,Résiliation,Oui,Oui,Conforme,,Non
APP-12855,05/09/2023,Nicolas Roux,265,Résolu,,8.27,Chat,Résiliation,Oui,Oui,Conforme,,Non
APP-12856,19/02/2023,Amandine Faure,190,Résolu,5.0,29.06,Email,Souscription contrat,Oui,Non,Non conforme,7.0,Non
APP-12857,21/12/2023,Yanis Belkacem,241,Résolu,2.0,42.07,telephone,Déménagement,Oui,Non,Conforme,8.0,Non
APP-12858,12/06/2023,Yanis Belkacem,243,Résolu,4.0,24.95,telephone,Résiliation,Oui,Non,Conforme,2.0,Non
APP-12859,01/12/2023,Sophie Nguyen,284,,5.0,42.97,telephone,Demande d'information,Oui,Non,,6.0,Non
APP-12860,07/08/2023,Karim Boudiaf,197,Résolu,,25.23,Téléphone,Litige paiement,Oui,Oui,Non conforme,,Non
APP-12861,12/09/2023,Marie Lefevre,257,Non résolu,2.0,16.89,Chat,Changement d'offre,Oui,Non,,10.0,Non
APP-12862,11/07/2023,Marie Lefevre,17,Résolu,5.0,29.54,telephone,Panne compteur,Oui,Non,Conforme,,Non
APP-12863,18/12/2023,Nicolas Roux,89,Résolu,1.0,21.2,Chat,Souscription contrat,Oui,Oui,Non conforme,,Non
APP-12864,23/07/2023,Marie Lefevre,241,,,38.72,Chat,Demande d'information,Non,Non,Conforme,10.0,Non
APP-12865,29/03/2023,Karim Boudiaf,126,Résolu,,32.57,telephone,Déménagement,Oui,Non,Conforme,9.0,Non
APP-12866,17/06/2023,Fatima Zahra,285,Résolu,5.0,41.75,TEL,Changement d'offre,Oui,Non,Conforme,5.0,Non
APP-12867,09/06/2023,Thomas Petit,223,Résolu,4.0,15.75,Chat,Souscription contrat,Oui,Non,Conforme,9.0,Non
APP-12868,25/09/2023,Julien Marchand,260,,5.0,27.61,TEL,Demande d'information,Oui,Non,Conforme,0.0,Non
APP-12869,26/08/2023,Marie Lefevre,321,Résolu,4.0,9.03,Téléphone,Résiliation,Oui,Non,Conforme,0.0,Non
APP-12870,02/05/2023,Karim Boudiaf,216,Résolu,4.0,,Téléphone,Panne compteur,Oui,Oui,Non conforme,,Non
APP-12871,17/04/2023,Thomas Petit,94,Résolu,,31.25,Email,Facturation,Oui,Non,,,Non
APP-12872,17/07/2023,Léa Girard,386,Résolu,2.0,18.35,Chat,Souscription contrat,Oui,Oui,Conforme,,Non
APP-12873,26/10/2023,Fatima Zahra,274,Résolu,4.0,28.9,Chat,Demande d'information,Oui,Oui,Non conforme,0.0,Non
APP-12874,20/06/2023,Léa Girard,224,Résolu,4.0,35.76,telephone,Demande d'information,Oui,Oui,Non conforme,7.0,Non
APP-12875,26/02/2023,Julien Marchand,166,Non résolu,5.0,33.66,Email,Changement d'offre,,Oui,Conforme,,Oui
APP-12876,31/05/2023,Yanis Belkacem,53,Non résolu,4.0,24.3,TEL,Déménagement,Oui,Non,Conforme,7.0,Non
APP-12877,11/09/2023,Yanis Belkacem,238,Résolu,5.0,39.71,telephone,Relevé compteur,,Non,Conforme,,Non
APP-12878,26/09/2023,Yanis Belkacem,305,Non résolu,5.0,15.53,Email,Panne compteur,Oui,Non,Conforme,8.0,Non
APP-12879,01/03/2023,Sophie Nguyen,271,Résolu,4.0,40.31,Email,Changement d'offre,Oui,Non,,9.0,Non
APP-12880,29/08/2023,Fatima Zahra,130,Résolu,4.0,26.95,TEL,Demande d'information,Oui,Non,Conforme,,Non
APP-12881,04/01/2023,Karim Boudiaf,139,Non résolu,4.0,42.81,Email,Facturation,Oui,Non,Non conforme,6.0,Non
APP-12882,20/08/2023,Julien Marchand,227,Résolu,4.0,39.69,Téléphone,Changement d'offre,Oui,Non,,10.0,Non
APP-12883,05/08/2023,Fatima Zahra,201,Résolu,5.0,22.65,TEL,Réclamation,Non,Non,Conforme,,Non
APP-12884,11/10/2023,Sophie Nguyen,209,Résolu,4.0,22.27,telephone,Réclamation,Non,Non,Non conforme,,Non
APP-12885,31/08/2023,Thomas Petit,119,Non résolu,3.0,41.87,Chat,Souscription contrat,Oui,Non,Conforme,9.0,Non
APP-12886,31/05/2023,Sophie Nguyen,242,Résolu,4.0,44.57,telephone,Litige paiement,Oui,Non,Non conforme,5.0,Non
APP-12887,11/11/2023,Sophie Nguyen,384,Résolu,4.0,25.22,Email,Réclamation,Oui,Non,Conforme,7.0,Non
APP-12888,19/05/2023,Yanis Belkacem,133,Résolu,4.0,43.06,Téléphone,Panne compteur,Oui,Non,,,Non
APP-12889,25/04/2023,Fatima Zahra,220,Non résolu,5.0,36.37,Téléphone,Changement d'offre,Oui,Non,Conforme,10.0,Non
APP-12890,17/12/2023,Thomas Petit,294,Résolu,5.0,34.69,Téléphone,Réclamation,Oui,Non,Conforme,,Non
APP-12891,08/09/2023,Fatima Zahra,100,Résolu,3.0,42.83,Chat,Changement d'offre,Oui,Non,Conforme,5.0,Non
APP-12892,04/07/2023,Sophie Nguyen,243,Résolu,5.0,36.66,Email,Demande d'information,Oui,Non,Non conforme,7.0,Oui
APP-12893,01/03/2023,Amandine Faure,333,Résolu,4.0,28.8,Chat,Demande d'information,Oui,Oui,Conforme,,Non
APP-12894,03/11/2023,Thomas Petit,150,Résolu,4.0,12.67,telephone,Relevé compteur,Oui,Oui,,,Non
APP-12895,22/11/2023,Sophie Nguyen,252,Résolu,2.0,27.59,TEL,Facturation,Oui,Non,Non conforme,,Non
APP-12896,15/07/2023,Sophie Nguyen,326,Non résolu,5.0,43.85,Chat,Facturation,Oui,Non,Conforme,6.0,Non
APP-12897,02/03/2023,Nicolas Roux,449,Résolu,5.0,25.92,telephone,Résiliation,Oui,Oui,Conforme,10.0,Non
APP-12898,02/01/2023,Julien Marchand,247,Non résolu,4.0,39.12,Email,Panne compteur,Non,Non,Conforme,,Non
APP-12899,29/12/2023,Nicolas Roux,175,Résolu,3.0,44.88,TEL,Souscription contrat,Non,Oui,Non conforme,,Oui
APP-12900,10/05/2023,Sophie Nguyen,76,Non résolu,4.0,41.55,Chat,Changement d'offre,Oui,Non,Conforme,8.0,Non
APP-12901,06/12/2023,Thomas Petit,176,,5.0,15.08,Téléphone,Déménagement,Oui,Non,Conforme,10.0,Non
APP-12902,28/12/2023,Yanis Belkacem,114,Non résolu,4.0,9.52,TEL,Changement d'offre,Oui,Non,Conforme,9.0,Non
APP-12903,06/02/2023,Sophie Nguyen,393,Résolu,2.0,20.85,Téléphone,Résiliation,Oui,Oui,Conforme,8.0,Non
APP-12904,13/12/2023,Marie Lefevre,320,,4.0,43.11,TEL,Panne compteur,Oui,Oui,Conforme,7.0,Non
APP-12905,18/01/2023,Amandine Faure,139,Non résolu,,17.92,Email,Facturation,Non,Non,Conforme,8.0,Non
APP-12906,23/02/2023,Julien Marchand,170,,5.0,42.56,Chat,Résiliation,Oui,Non,Conforme,,Non
APP-12907,11/10/2023,Sophie Nguyen,246,Résolu,5.0,36.35,telephone,Changement d'offre,Oui,Oui,Conforme,,Non
APP-12908,04/06/2023,Fatima Zahra,332,Non résolu,5.0,31.96,telephone,Changement d'offre,Oui,Non,Conforme,,Non
APP-12909,05/03/2023,Karim Boudiaf,285,Résolu,3.0,43.85,telephone,Réclamation,Oui,Non,Conforme,,Non
APP-12910,08/01/2023,Marie Lefevre,276,Résolu,5.0,27.13,telephone,Résiliation,Non,Non,Conforme,6.0,Non
APP-12911,08/12/2023,Amandine Faure,258,Non résolu,4.0,12.33,telephone,Litige paiement,Oui,Non,,,Non
APP-12912,21/09/2023,Nicolas Roux,143,Résolu,4.0,29.92,Téléphone,Demande d'information,Non,Non,Conforme,,Non
APP-12913,09/01/2023,Léa Girard,247,Résolu,5.0,25.85,Email,Résiliation,Oui,Non,Conforme,,Non
APP-12914,09/08/2023,Karim Boudiaf,236,Résolu,4.0,43.17,Chat,Résiliation,Oui,Non,Non conforme,8.0,Non
APP-12915,07/09/2023,Nicolas Roux,113,Résolu,,22.19,telephone,Facturation,Oui,Non,Conforme,,Non
APP-12916,27/05/2023,Thomas Petit,390,Résolu,2.0,30.34,TEL,Changement d'offre,,Non,Conforme,,Non
APP-12917,05/05/2023,Sophie Nguyen,186,Résolu,5.0,19.06,telephone,Déménagement,Oui,Oui,Conforme,7.0,Non
APP-12918,14/08/2023,Yanis Belkacem,115,Non résolu,,43.74,Téléphone,Déménagement,Oui,Non,Conforme,,Non
APP-12919,10/06/2023,Thomas Petit,200,Résolu,5.0,12.83,Email,Litige paiement,Non,Non,Conforme,8.0,Non
APP-12920,27/12/2023,Nicolas Roux,216,Non résolu,5.0,16.21,Email,Réclamation,Oui,Non,,8.0,Non
APP-12921,22/11/2023,Thomas Petit,233,Non résolu,,36.88,Email,Changement d'offre,Oui,Non,Conforme,7.0,Non
APP-12922,21/07/2023,Nicolas Roux,215,Résolu,3.0,11.14,Téléphone,Panne compteur,Oui,Non,Conforme,8.0,Non
APP-12923,19/11/2023,Amandine Faure,238,Résolu,2.0,37.88,TEL,Relevé compteur,Oui,Non,Conforme,3.0,Non
APP-12924,31/05/2023,Marie Lefevre,253,Résolu,4.0,39.62,Email,Litige paiement,Oui,Non,,,Non
APP-12925,04/07/2023,Léa Girard,248,Résolu,5.0,33.28,Email,Relevé compteur,Oui,Non,Conforme,,Non
APP-12926,23/12/2023,Nicolas Roux,275,Résolu,4.0,26.81,Téléphone,Relevé compteur,Oui,Non,Conforme,,Non
APP-12927,17/10/2023,Thomas Petit,280,Résolu,,16.62,Téléphone,Changement d'offre,Oui,Non,Conforme,10.0,Non
APP-12928,05/12/2023,Léa Girard,283,Non résolu,2.0,44.29,telephone,Souscription contrat,Oui,Oui,Conforme,10.0,Non
APP-12929,07/06/2023,Léa Girard,305,Non résolu,4.0,13.76,TEL,Demande d'information,Oui,Non,Conforme,,Non
APP-12930,07/06/2023,Karim Boudiaf,177,Résolu,,37.32,Téléphone,Résiliation,Non,Non,Conforme,,Non
APP-12931,10/09/2023,Yanis Belkacem,180,Résolu,5.0,14.92,Chat,Panne compteur,Oui,Non,Non conforme,,Non
APP-12932,22/10/2023,Fatima Zahra,6660,Résolu,4.0,28.52,Chat,Réclamation,Non,Non,,,Non
APP-12933,29/05/2023,Amandine Faure,203,Résolu,1.0,41.36,telephone,Changement d'offre,Oui,Non,Non conforme,9.0,Non
APP-12934,20/10/2023,Nicolas Roux,228,Résolu,3.0,32.76,TEL,Panne compteur,Oui,Non,Conforme,9.0,Non
APP-12935,20/10/2023,Nicolas Roux,220,Résolu,4.0,40.87,Téléphone,Déménagement,Oui,Oui,Conforme,9.0,Non
APP-12936,10/05/2023,Sophie Nguyen,444,Résolu,2.0,14.97,Chat,Changement d'offre,Oui,Non,Conforme,8.0,Non
APP-12937,18/08/2023,Thomas Petit,163,Résolu,5.0,37.78,telephone,Déménagement,Oui,Non,Conforme,3.0,Non
APP-12938,23/05/2023,Nicolas Roux,161,Non résolu,2.0,28.69,Email,Changement d'offre,Non,Oui,,,Non
APP-12939,23/12/2023,Karim Boudiaf,239,Résolu,4.0,26.6,Chat,Déménagement,Non,Non,Non conforme,6.0,Non
APP-12940,19/11/2023,Julien Marchand,223,Résolu,5.0,20.36,TEL,Demande d'information,Oui,Non,Conforme,,Non
APP-12941,29/07/2023,Julien Marchand,138,Résolu,3.0,27.31,TEL,Facturation,,Non,,,Non
APP-12942,24/03/2023,Nicolas Roux,231,Résolu,5.0,36.16,Email,Relevé compteur,Oui,Non,Non conforme,10.0,Non
APP-12943,12/10/2023,Yanis Belkacem,241,Non résolu,5.0,34.38,Email,Relevé compteur,Oui,Non,Conforme,,Oui
APP-12944,22/11/2023,Sophie Nguyen,194,Non résolu,4.0,35.93,Chat,Réclamation,Oui,Non,Conforme,10.0,Non
APP-12945,22/02/2023,Léa Girard,226,Non résolu,4.0,43.34,telephone,Réclamation,Oui,Non,Conforme,,Non
APP-12946,19/07/2023,Julien Marchand,171,Résolu,5.0,14.8,telephone,Demande d'information,Oui,Non,Conforme,,Non
APP-12947,10/11/2023,Nicolas Roux,138,Résolu,3.0,29.35,Téléphone,Facturation,Oui,Non,Conforme,,Non
APP-12948,24/10/2023,Marie Lefevre,202,Résolu,3.0,33.79,Email,Déménagement,Non,Non,Non conforme,,Non
APP-12949,02/01/2023,Karim Boudiaf,150,Résolu,,28.72,Téléphone,Souscription contrat,Oui,Non,Non conforme,2.0,Non
APP-12950,24/02/2023,Amandine Faure,122,Résolu,2.0,28.8,TEL,Déménagement,Oui,Non,Conforme,1.0,Non
APP-12951,29/04/2023,Yanis Belkacem,73,Résolu,4.0,8.22,Email,Relevé compteur,Oui,Non,Conforme,,Non
APP-12952,07/04/2023,Amandine Faure,259,Résolu,,42.04,TEL,Souscription contrat,Oui,Non,Conforme,,Non
APP-12953,18/11/2023,Amandine Faure,199,Non résolu,1.0,18.02,telephone,Changement d'offre,Oui,Oui,Non conforme,,Non
APP-12954,08/02/2023,Léa Girard,333,Non résolu,4.0,40.62,Email,Déménagement,Oui,Non,Non conforme,,Non
APP-12955,26/12/2023,Amandine Faure,64,Résolu,5.0,42.85,Email,Déménagement,Non,Non,Non conforme,10.0,Non
APP-12956,01/11/2023,Karim Boudiaf,206,,4.0,32.76,Email,Réclamation,Oui,Non,Non conforme,5.0,Non
APP-12957,15/08/2023,Léa Girard,259,Résolu,4.0,23.18,Email,Demande d'information,Oui,Non,Conforme,8.0,Non
APP-12958,07/12/2023,Amandine Faure,182,Résolu,2.0,15.07,Email,Panne compteur,Oui,Oui,Conforme,8.0,Non
APP-12959,08/05/2023,Nicolas Roux,236,Résolu,4.0,37.25,TEL,Déménagement,Oui,Non,Conforme,4.0,Non
APP-12960,18/04/2023,Karim Boudiaf,73,Résolu,4.0,22.21,Email,Changement d'offre,Oui,Non,Conforme,7.0,Non
APP-12961,24/01/2023,Karim Boudiaf,201,Résolu,3.0,39.61,Email,Demande d'information,Oui,Oui,Conforme,7.0,Non
APP-12962,23/02/2023,Nicolas Roux,163,Non résolu,4.0,12.35,Téléphone,Panne compteur,Oui,Non,Conforme,,Non
APP-12963,29/03/2023,Léa Girard,323,,5.0,17.32,telephone,Réclamation,Oui,Oui,Conforme,10.0,Non
APP-12964,21/12/2023,Yanis Belkacem,253,Résolu,5.0,27.74,TEL,Résiliation,Oui,Non,Non conforme,,Non
APP-12965,13/10/2023,Marie Lefevre,309,Résolu,2.0,30.07,telephone,Panne compteur,Oui,Non,Conforme,,Non
APP-12966,18/11/2023,Léa Girard,344,Résolu,5.0,27.36,TEL,Changement d'offre,,Non,Conforme,,Non
APP-12967,15/09/2023,Thomas Petit,194,Résolu,5.0,12.32,TEL,Relevé compteur,Non,Non,Conforme,,Non
APP-12968,21/12/2023,Amandine Faure,249,Non résolu,4.0,42.65,Téléphone,Litige paiement,Oui,Non,Conforme,6.0,Non
APP-12969,19/02/2023,Léa Girard,142,Résolu,2.0,19.41,TEL,Demande d'information,Non,Oui,Conforme,10.0,Non
APP-12970,16/06/2023,Marie Lefevre,272,Résolu,4.0,17.17,telephone,Déménagement,,Non,Conforme,9.0,Non
APP-12971,10/01/2023,Amandine Faure,285,Non résolu,2.0,9.34,telephone,Changement d'offre,Oui,Non,,,Non
APP-12972,10/05/2023,Yanis Belkacem,266,Résolu,3.0,15.39,Chat,Litige paiement,Oui,Oui,Non conforme,0.0,Non
APP-12973,04/12/2023,Amandine Faure,194,Résolu,4.0,21.74,telephone,Relevé compteur,Oui,Non,Conforme,7.0,Non
APP-12974,28/08/2023,Léa Girard,400,Résolu,3.0,12.19,Téléphone,Demande d'information,Oui,Non,Conforme,5.0,Non
APP-12975,23/08/2023,Thomas Petit,241,Non résolu,,,Email,Changement d'offre,Oui,Non,Conforme,9.0,Non
APP-12976,22/02/2023,Amandine Faure,203,Résolu,1.0,28.01,telephone,Panne compteur,Oui,Non,Non conforme,,Non
APP-12977,28/10/2023,Karim Boudiaf,10,Résolu,5.0,38.28,telephone,Changement d'offre,Non,Non,Conforme,10.0,Non
APP-12978,26/08/2023,Fatima Zahra,279,Résolu,5.0,33.64,Téléphone,Demande d'information,Oui,Non,Non conforme,,Non
APP-12979,20/07/2023,Yanis Belkacem,197,Non résolu,1.0,28.57,telephone,Demande d'information,Oui,Non,Conforme,7.0,Non
APP-12980,08/01/2023,Amandine Faure,173,Résolu,5.0,13.12,Email,Souscription contrat,Oui,Non,Conforme,8.0,Non
APP-12981,10/07/2023,Thomas Petit,390,Résolu,4.0,32.63,Email,Panne compteur,Oui,Non,,9.0,Non
APP-12982,27/06/2023,Amandine Faure,439,Non résolu,4.0,20.51,telephone,Demande d'information,Oui,Non,Conforme,7.0,Non
APP-12983,01/02/2023,Yanis Belkacem,275,Résolu,1.0,41.55,Téléphone,Relevé compteur,Oui,Oui,Conforme,,Non
APP-12984,15/04/2023,Amandine Faure,168,Non résolu,,24.64,TEL,Panne compteur,Oui,Non,Conforme,9.0,Non
APP-12985,30/05/2023,Amandine Faure,255,,5.0,35.99,Chat,Résiliation,Non,Non,Conforme,4.0,Non
APP-12986,10/06/2023,Léa Girard,-237,Résolu,,41.11,Téléphone,Relevé compteur,Oui,Non,Conforme,10.0,Non
APP-12987,03/01/2023,Fatima Zahra,371,,5.0,17.9,Chat,Résiliation,Oui,Non,Conforme,,Non
APP-12988,23/03/2023,Nicolas Roux,318,,1.0,41.16,Téléphone,Demande d'information,Non,Non,Non conforme,6.0,Non
APP-12989,17/06/2023,Nicolas Roux,222,Non résolu,4.0,,TEL,Souscription contrat,Oui,Oui,Conforme,7.0,Non
APP-12990,02/01/2023,Nicolas Roux,313,Résolu,4.0,11.28,Chat,Demande d'information,Oui,Non,Non conforme,6.0,Non
APP-12991,10/05/2023,Nicolas Roux,278,Résolu,4.0,40.0,TEL,Facturation,Oui,Oui,,,Non
APP-12992,29/09/2023,Fatima Zahra,153,Non résolu,5.0,16.86,Téléphone,Facturation,Oui,Non,Conforme,8.0,Non
APP-12993,04/02/2023,Thomas Petit,191,Non résolu,3.0,23.46,Email,Relevé compteur,Oui,Oui,Conforme,,Non
APP-12994,26/10/2023,Fatima Zahra,166,Non résolu,3.0,12.99,telephone,Demande d'information,Oui,Non,Conforme,,Non
APP-12995,12/04/2023,Léa Girard,137,Résolu,5.0,18.96,telephone,Changement d'offre,Oui,Non,Conforme,6.0,Non
APP-12996,05/02/2023,Yanis Belkacem,93,Résolu,,20.83,telephone,Relevé compteur,Oui,Non,Conforme,8.0,Non
APP-12997,11/06/2023,Yanis Belkacem,422,,5.0,35.62,Téléphone,Litige paiement,Oui,Non,Non conforme,9.0,Non
APP-12998,01/12/2023,Karim Boudiaf,264,Résolu,,20.28,telephone,Facturation,Oui,Oui,Conforme,,Non
APP-12999,24/04/2023,Amandine Faure,277,Résolu,5.0,,telephone,Demande d'information,Oui,Non,Conforme,10.0,Non
APP-13000,13/01/2023,Fatima Zahra,180,Non résolu,,12.82,TEL,Changement d'offre,Oui,Non,Conforme,3.0,Non
APP-13001,11/06/2023,Nicolas Roux,281,,3.0,20.79,TEL,Résiliation,,Non,Conforme,,Non
APP-13002,17/03/2023,Julien Marchand,185,Résolu,1.0,10.34,Chat,Litige paiement,Oui,Non,Conforme,,Non
APP-13003,26/09/2023,Léa Girard,6120,Résolu,5.0,12.87,Email,Résiliation,Oui,Non,,7.0,Non
APP-13004,04/02/2023,Léa Girard,272,Résolu,4.0,17.37,Email,Litige paiement,Oui,Non,Non conforme,6.0,Non
APP-13005,09/06/2023,Sophie Nguyen,327,Résolu,4.0,28.55,Email,Litige paiement,Oui,Non,Conforme,6.0,Non
APP-13006,07/12/2023,Yanis Belkacem,430,Résolu,1.0,16.63,Chat,Facturation,Oui,Non,Conforme,,Non
APP-13007,27/06/2023,Fatima Zahra,273,Résolu,5.0,39.98,TEL,Litige paiement,Oui,Non,Non conforme,8.0,Non
APP-13008,21/12/2023,Nicolas Roux,340,Résolu,3.0,8.6,Chat,Facturation,Oui,Non,Conforme,8.0,Non
APP-13009,24/11/2023,Yanis Belkacem,141,Résolu,3.0,,Email,Litige paiement,Oui,Non,Conforme,7.0,Non
APP-13010,21/06/2023,Julien Marchand,107,Non résolu,,28.11,Téléphone,Réclamation,,Oui,Non conforme,8.0,Non
APP-13011,22/11/2023,Karim Boudiaf,126,Résolu,2.0,10.69,Téléphone,Changement d'offre,Oui,Non,Conforme,10.0,Non
APP-13012,10/05/2023,Julien Marchand,182,,3.0,33.05,Téléphone,Demande d'information,Oui,Non,Conforme,6.0,Non
APP-13013,08/01/2023,Nicolas Roux,299,Résolu,,37.72,TEL,Changement d'offre,Oui,Non,Conforme,6.0,Non
APP-13014,06/09/2023,Amandine Faure,385,Résolu,3.0,32.49,TEL,Souscription contrat,Oui,Non,Conforme,9.0,Non
APP-13015,21/10/2023,Yanis Belkacem,277,Résolu,5.0,21.15,TEL,Facturation,Oui,Oui,Conforme,,Non
APP-13016,22/09/2023,Sophie Nguyen,185,Résolu,4.0,29.13,telephone,Résiliation,Oui,Non,Non conforme,,Non
APP-13017,19/07/2023,Sophie Nguyen,321,Résolu,5.0,35.58,telephone,Déménagement,Oui,Non,Conforme,7.0,Non
APP-13018,12/09/2023,Fatima Zahra,105,Non résolu,3.0,25.0,Téléphone,Réclamation,Oui,Non,Conforme,10.0,Non
APP-13019,03/01/2023,Léa Girard,157,Résolu,4.0,38.26,Email,Facturation,Oui,Non,Conforme,,Non
APP-13020,12/02/2023,Marie Lefevre,247,Résolu,5.0,32.47,TEL,Réclamation,Oui,Non,Conforme,2.0,Non
APP-13021,23/09/2023,Fatima Zahra,308,Non résolu,4.0,41.42,telephone,Facturation,Non,Non,Non conforme,6.0,Non
APP-13022,09/10/2023,Yanis Belkacem,221,Résolu,5.0,34.23,telephone,Souscription contrat,Oui,Non,Conforme,,Non
APP-13023,24/02/2023,Marie Lefevre,211,Résolu,5.0,38.48,Téléphone,Panne compteur,Oui,Oui,Conforme,8.0,Non
APP-13024,03/07/2023,Marie Lefevre,216,Résolu,,11.31,TEL,Résiliation,Oui,Non,Conforme,,Non
APP-13025,09/08/2023,Thomas Petit,337,Résolu,4.0,24.2,TEL,Panne compteur,Oui,Non,Conforme,9.0,Non
APP-13026,30/06/2023,Julien Marchand,171,,5.0,36.57,TEL,Déménagement,Oui,Non,Non conforme,,Non
APP-13027,31/01/2023,Fatima Zahra,151,Non résolu,3.0,10.79,Chat,Souscription contrat,Oui,Oui,Non conforme,9.0,Non
APP-13028,29/04/2023,Marie Lefevre,215,,3.0,30.05,Email,Réclamation,Oui,Non,Conforme,,Non
APP-13029,31/10/2023,Fatima Zahra,351,Résolu,,11.32,TEL,Facturation,Oui,Non,Conforme,9.0,Non
APP-13030,22/11/2023,Léa Girard,180,Résolu,5.0,43.58,Chat,Résiliation,Oui,Non,Conforme,0.0,Non
APP-13031,04/12/2023,Karim Boudiaf,216,Résolu,4.0,37.87,Chat,Litige paiement,Oui,Non,Conforme,,Non
APP-13032,07/03/2023,Amandine Faure,104,Résolu,5.0,42.54,Téléphone,Souscription contrat,Oui,Non,Conforme,,Non
APP-13033,21/10/2023,Yanis Belkacem,220,Non résolu,5.0,20.75,TEL,Relevé compteur,Oui,Oui,Conforme,,Non
APP-13034,16/05/2023,Fatima Zahra,260,Résolu,4.0,,telephone,Panne compteur,Non,Non,Conforme,,Non
APP-13035,19/08/2023,Amandine Faure,132,Résolu,4.0,,Email,Résiliation,,Non,Conforme,10.0,Non
APP-13036,21/02/2023,Karim Boudiaf,337,Résolu,,25.65,TEL,Réclamation,Oui,Non,Conforme,,Non
APP-13037,22/11/2023,Nicolas Roux,258,Non résolu,4.0,44.8,Téléphone,Relevé compteur,Non,Non,Conforme,9.0,Non
APP-13038,11/05/2023,Julien Marchand,193,Résolu,,44.73,Chat,Facturation,Oui,Non,Conforme,,Non
APP-13039,25/11/2023,Julien Marchand,259,Résolu,5.0,23.09,telephone,Déménagement,Oui,Non,Non conforme,9.0,Non
APP-13040,23/09/2023,Fatima Zahra,282,Non résolu,5.0,19.26,telephone,Litige paiement,Non,Non,Conforme,,Non
APP-13041,24/07/2023,Sophie Nguyen,82,Résolu,,11.2,Chat,Déménagement,Oui,Non,Conforme,,Non
APP-13042,10/09/2023,Karim Boudiaf,263,Résolu,,44.97,Email,Déménagement,Non,Non,Non conforme,7.0,Non
APP-13043,11/09/2023,Thomas Petit,347,Résolu,4.0,18.61,Email,Relevé compteur,Oui,Oui,Conforme,1.0,Oui
APP-13044,23/01/2023,Sophie Nguyen,170,Résolu,5.0,14.07,Chat,Changement d'offre,Oui,Oui,Conforme,6.0,Non
APP-13045,20/09/2023,Marie Lefevre,195,Résolu,5.0,,telephone,Changement d'offre,Oui,Non,Conforme,7.0,Non
APP-13046,21/11/2023,Yanis Belkacem,322,Non résolu,,41.51,Email,Souscription contrat,Oui,Non,Conforme,10.0,Non
APP-13047,09/02/2023,Thomas Petit,179,Non résolu,5.0,44.08,Téléphone,Changement d'offre,Oui,Non,Conforme,8.0,Non
APP-13048,09/05/2023,Yanis Belkacem,279,Résolu,5.0,20.15,TEL,Demande d'information,Non,Non,,,Non
APP-13049,21/11/2023,Fatima Zahra,212,Résolu,5.0,12.18,telephone,Changement d'offre,Oui,Non,Non conforme,9.0,Non
APP-13050,07/12/2023,Léa Girard,270,Résolu,4.0,14.1,Chat,Souscription contrat,Oui,Non,Conforme,2.0,Non
APP-13051,01/12/2023,Amandine Faure,322,Résolu,4.0,23.9,TEL,Demande d'information,Oui,Non,Conforme,9.0,Non
APP-13052,24/08/2023,Léa Girard,329,Non résolu,2.0,24.78,TEL,Facturation,Oui,Oui,Conforme,,Non
APP-13053,13/07/2023,Fatima Zahra,159,Résolu,5.0,44.6,TEL,Changement d'offre,Non,Non,Conforme,10.0,Non
APP-13054,12/02/2023,Marie Lefevre,225,Résolu,1.0,25.83,telephone,Résiliation,Oui,Non,Conforme,,Non
APP-13055,06/04/2023,Karim Boudiaf,196,Résolu,4.0,26.62,Email,Demande d'information,Oui,Non,Conforme,,Non
APP-13056,14/06/2023,Julien Marchand,342,Résolu,5.0,40.37,Chat,Panne compteur,Oui,Non,Conforme,7.0,Non
APP-13057,29/11/2023,Léa Girard,157,Résolu,5.0,42.73,Email,Panne compteur,Oui,Oui,Conforme,,Non
APP-13058,23/10/2023,Marie Lefevre,276,Résolu,5.0,28.37,Email,Changement d'offre,Oui,Non,Conforme,,Non
APP-13059,15/08/2023,Marie Lefevre,271,Résolu,5.0,38.56,Email,Panne compteur,Non,Oui,Non conforme,10.0,Oui
APP-13060,09/12/2023,Nicolas Roux,165,Résolu,5.0,19.73,Chat,Souscription contrat,Oui,Non,Conforme,9.0,Non
APP-13061,20/07/2023,Amandine Faure,95,Résolu,3.0,25.29,telephone,Facturation,Non,Non,Conforme,9.0,Non
APP-13062,12/05/2023,Nicolas Roux,183,Résolu,2.0,27.49,telephone,Relevé compteur,Oui,Non,Conforme,4.0,Non
APP-13063,17/08/2023,Amandine Faure,213,Résolu,,10.11,TEL,Relevé compteur,Oui,Non,Non conforme,,Non
APP-13064,25/11/2023,Julien Marchand,218,Résolu,5.0,25.18,telephone,Résiliation,Oui,Non,Conforme,,Non
APP-13065,03/10/2023,Karim Boudiaf,210,Résolu,5.0,24.03,Chat,Panne compteur,Oui,Non,Conforme,1.0,Non
APP-13066,14/08/2023,Yanis Belkacem,297,Résolu,5.0,23.77,TEL,Litige paiement,Oui,Oui,Conforme,,Non
APP-13067,11/09/2023,Amandine Faure,312,Non résolu,5.0,20.35,telephone,Relevé compteur,Oui,Non,Conforme,,Non
APP-13068,07/08/2023,Marie Lefevre,336,Résolu,,9.93,TEL,Panne compteur,Oui,Non,Non conforme,9.0,Non
APP-13069,27/08/2023,Sophie Nguyen,175,,4.0,8.47,Téléphone,Litige paiement,Non,Non,Conforme,,Non
APP-13070,24/05/2023,Marie Lefevre,229,Résolu,5.0,12.84,TEL,Changement d'offre,Oui,Non,Conforme,3.0,Non
APP-13071,03/02/2023,Amandine Faure,369,Résolu,5.0,16.72,telephone,Réclamation,Oui,Non,Conforme,8.0,Non
APP-13072,09/11/2023,Fatima Zahra,225,Non résolu,,27.25,TEL,Panne compteur,Oui,Oui,Conforme,,Non
APP-13073,29/04/2023,Julien Marchand,406,Résolu,3.0,44.08,Email,Changement d'offre,Oui,Non,Conforme,,Non
APP-13074,30/03/2023,Julien Marchand,192,Non résolu,4.0,15.9,TEL,Litige paiement,Oui,Oui,Conforme,0.0,Non
APP-13075,28/11/2023,Thomas Petit,288,Non résolu,5.0,33.02,Téléphone,Résiliation,Oui,Non,Conforme,9.0,Non
APP-13076,22/03/2023,Julien Marchand,301,Non résolu,5.0,11.29,Email,Demande d'information,Non,Non,Conforme,,Non
APP-13077,23/05/2023,Julien Marchand,226,Non résolu,5.0,26.93,Email,Déménagement,Non,Non,Conforme,,Non
APP-13078,25/04/2023,Thomas Petit,204,Résolu,5.0,30.91,Chat,Facturation,,Non,Conforme,,Non
APP-13079,01/09/2023,Amandine Faure,147,Résolu,4.0,13.9,telephone,Déménagement,Oui,Non,Conforme,,Non
APP-13080,22/03/2023,Thomas Petit,208,Non résolu,4.0,24.61,TEL,Demande d'information,Oui,Non,Conforme,6.0,Non
APP-13081,28/12/2023,Karim Boudiaf,123,Résolu,1.0,30.16,telephone,Souscription contrat,Oui,Non,Conforme,,Non
APP-13082,18/02/2023,Fatima Zahra,338,Non résolu,5.0,18.18,Chat,Litige paiement,Oui,Non,Conforme,5.0,Non
APP-13083,30/10/2023,Yanis Belkacem,107,Résolu,5.0,41.65,TEL,Résiliation,Oui,Non,Conforme,,Non
APP-13084,01/04/2023,Sophie Nguyen,183,,,41.63,TEL,Changement d'offre,Oui,Non,Conforme,,Non
APP-13085,19/07/2023,Fatima Zahra,257,Résolu,4.0,43.44,telephone,Souscription contrat,Oui,Non,Conforme,,Non
APP-13086,12/05/2023,Fatima Zahra,245,Résolu,5.0,19.22,Chat,Facturation,Oui,Non,Non conforme,9.0,Non
APP-13087,10/08/2023,Yanis Belkacem,166,Résolu,4.0,22.54,Email,Litige paiement,Oui,Non,Conforme,4.0,Non
APP-13088,26/10/2023,Amandine Faure,267,Résolu,3.0,43.45,Email,Panne compteur,Oui,Non,Conforme,,Non
APP-13089,03/11/2023,Thomas Petit,127,Résolu,3.0,26.61,Chat,Relevé compteur,Oui,Oui,Conforme,7.0,Non
APP-13090,11/11/2023,Yanis Belkacem,258,Résolu,,20.59,Chat,Relevé compteur,Oui,Non,Conforme,,Non
APP-13091,25/05/2023,Yanis Belkacem,174,Résolu,4.0,39.67,Email,Litige paiement,Oui,Non,,,Non
APP-13092,20/05/2023,Julien Marchand,119,Non résolu,5.0,15.07,Email,Changement d'offre,Non,Non,Conforme,,Non
APP-13093,07/02/2023,Yanis Belkacem,214,Résolu,4.0,36.44,TEL,Résiliation,Oui,Non,Conforme,,Non
APP-13094,12/07/2023,Amandine Faure,319,Résolu,3.0,15.62,Téléphone,Panne compteur,Oui,Non,Conforme,10.0,Non
APP-13095,21/12/2023,Julien Marchand,170,Résolu,5.0,19.9,Email,Facturation,Oui,Oui,Conforme,6.0,Non
APP-13096,28/02/2023,Nicolas Roux,301,Résolu,3.0,42.47,TEL,Litige paiement,Oui,Oui,Conforme,8.0,Non
APP-13097,13/01/2023,Léa Girard,235,Résolu,4.0,15.65,telephone,Relevé compteur,Oui,Non,Conforme,,Non
APP-13098,22/01/2023,Marie Lefevre,151,Résolu,5.0,26.87,TEL,Panne compteur,Oui,Non,Conforme,7.0,Non
APP-13099,08/02/2023,Julien Marchand,204,Résolu,5.0,25.04,Chat,Panne compteur,Oui,Non,Conforme,,Non
APP-13100,12/11/2023,Léa Girard,224,Non résolu,1.0,41.16,telephone,Changement d'offre,Oui,Non,Conforme,3.0,Non
APP-13101,10/10/2023,Marie Lefevre,23,Résolu,5.0,37.85,telephone,Résiliation,Non,Non,Conforme,9.0,Non
APP-13102,09/03/2023,Thomas Petit,108,Non résolu,5.0,15.38,Téléphone,Changement d'offre,Oui,Non,Conforme,4.0,Non
APP-13103,23/06/2023,Karim Boudiaf,202,Résolu,4.0,9.4,Chat,Souscription contrat,Oui,Oui,Conforme,,Non
APP-13104,18/10/2023,Léa Girard,121,Résolu,3.0,9.94,Chat,Demande d'information,Oui,Non,Conforme,,Non
APP-13105,10/01/2023,Marie Lefevre,311,Résolu,3.0,16.55,TEL,Facturation,Oui,Non,Conforme,,Non
APP-13106,05/07/2023,Marie Lefevre,277,Résolu,3.0,25.87,TEL,Demande d'information,Oui,Non,Conforme,8.0,Non
APP-13107,28/05/2023,Sophie Nguyen,272,Non résolu,,,telephone,Souscription contrat,Oui,Non,Conforme,,Non
APP-13108,06/11/2023,Marie Lefevre,270,Résolu,5.0,15.42,Téléphone,Changement d'offre,Non,Oui,,,Non
APP-13109,25/08/2023,Nicolas Roux,234,Résolu,2.0,15.97,telephone,Souscription contrat,Oui,Non,Conforme,8.0,Non
APP-13110,06/11/2023,Léa Girard,163,Non résolu,5.0,22.04,Email,Souscription contrat,Oui,Non,Conforme,,Non
APP-13111,06/09/2023,Karim Boudiaf,191,Résolu,5.0,41.7,Email,Relevé compteur,Oui,Oui,Conforme,6.0,Non
APP-13112,29/08/2023,Karim Boudiaf,118,Résolu,4.0,42.57,TEL,Demande d'information,Oui,Non,,,Non
APP-13113,18/11/2023,Yanis Belkacem,399,Non résolu,4.0,9.79,TEL,Relevé compteur,Non,Non,Non conforme,,Non
APP-13114,15/04/2023,Léa Girard,268,Non résolu,1.0,30.78,telephone,Réclamation,Oui,Non,Conforme,,Non
APP-13115,15/08/2023,Marie Lefevre,113,Résolu,4.0,9.46,Email,Facturation,Oui,Non,Conforme,,Non
APP-13116,04/12/2023,Karim Boudiaf,393,Résolu,3.0,33.83,Téléphone,Déménagement,Oui,Non,Conforme,8.0,Non
APP-13117,18/07/2023,Julien Marchand,140,Résolu,5.0,31.61,telephone,Litige paiement,Oui,Non,Conforme,,Non
APP-13118,27/07/2023,Yanis Belkacem,183,Non résolu,,23.8,Chat,Souscription contrat,Oui,Non,Conforme,8.0,Non
APP-13119,11/03/2023,Marie Lefevre,215,Résolu,4.0,12.76,Email,Relevé compteur,Oui,Non,Conforme,7.0,Non
APP-13120,12/10/2023,Fatima Zahra,236,Résolu,5.0,19.74,TEL,Résiliation,Oui,Non,Conforme,,Non
APP-13121,08/01/2023,Yanis Belkacem,299,Résolu,1.0,36.35,TEL,Panne compteur,Oui,Non,Non conforme,8.0,Non
APP-13122,06/01/2023,Julien Marchand,62,Non résolu,5.0,38.04,Chat,Panne compteur,Oui,Non,Non conforme,,Non
APP-13123,19/01/2023,Thomas Petit,238,Non résolu,5.0,40.08,TEL,Résiliation,Oui,Non,Conforme,0.0,Non
APP-13124,26/04/2023,Marie Lefevre,210,Résolu,2.0,28.95,Email,Changement d'offre,Oui,Non,Conforme,,Non
APP-13125,28/11/2023,Karim Boudiaf,251,Non résolu,,36.24,Téléphone,Déménagement,Oui,Non,,,Non
APP-13126,28/12/2023,Fatima Zahra,206,Non résolu,,40.65,telephone,Litige paiement,Oui,Non,Conforme,,Non
APP-13127,21/12/2023,Thomas Petit,194,Résolu,5.0,8.74,Email,Déménagement,Oui,Non,Conforme,7.0,Non
APP-13128,22/04/2023,Sophie Nguyen,224,Résolu,1.0,24.53,Chat,Panne compteur,Oui,Non,Conforme,9.0,Non
APP-13129,25/02/2023,Fatima Zahra,387,Résolu,,8.26,telephone,Souscription contrat,Non,Non,Conforme,,Non
APP-13130,25/11/2023,Léa Girard,196,Non résolu,2.0,28.01,Téléphone,Souscription contrat,Oui,Non,Conforme,,Non
APP-13131,05/12/2023,Julien Marchand,338,Résolu,,33.06,TEL,Résiliation,Oui,Non,Non conforme,10.0,Non
APP-13132,12/08/2023,Amandine Faure,247,Résolu,,27.66,telephone,Facturation,Oui,Non,Conforme,,Non
APP-13133,26/06/2023,Fatima Zahra,243,Résolu,4.0,22.79,TEL,Changement d'offre,Non,Non,Conforme,5.0,Non
APP-13134,01/10/2023,Thomas Petit,252,Résolu,5.0,,Chat,Litige paiement,Non,Non,Conforme,3.0,Non
APP-13135,08/12/2023,Thomas Petit,278,Non résolu,4.0,19.03,Téléphone,Litige paiement,Oui,Oui,Conforme,,Non
APP-13136,18/09/2023,Yanis Belkacem,366,Résolu,4.0,25.42,telephone,Litige paiement,Oui,Non,Conforme,7.0,Non
APP-13137,18/01/2023,Amandine Faure,131,Résolu,3.0,15.36,telephone,Panne compteur,Oui,Non,Non conforme,,Non
APP-13138,14/04/2023,Amandine Faure,183,Résolu,5.0,,Chat,Résiliation,Oui,Oui,Conforme,8.0,Non
APP-13139,25/10/2023,Sophie Nguyen,253,Résolu,4.0,23.29,telephone,Résiliation,Non,Non,Conforme,,Non
APP-13140,23/12/2023,Amandine Faure,42,Résolu,3.0,35.7,TEL,Litige paiement,Oui,Oui,Conforme,7.0,Non
APP-13141,28/07/2023,Marie Lefevre,383,Résolu,,38.63,Chat,Changement d'offre,Oui,Non,Conforme,,Oui
APP-13142,23/03/2023,Léa Girard,254,Résolu,2.0,42.59,Téléphone,Résiliation,Oui,Non,Conforme,7.0,Non
APP-13143,05/05/2023,Nicolas Roux,115,Résolu,4.0,38.89,telephone,Facturation,Oui,Non,,,Non
APP-13144,27/11/2023,Amandine Faure,196,Résolu,5.0,23.89,Email,Déménagement,Oui,Oui,,,Non
APP-13145,27/03/2023,Fatima Zahra,315,Non résolu,2.0,25.42,telephone,Résiliation,,Non,Conforme,,Oui
APP-13146,22/10/2023,Fatima Zahra,219,Résolu,5.0,42.35,telephone,Litige paiement,Non,Oui,Conforme,5.0,Non
APP-13147,23/03/2023,Marie Lefevre,227,Résolu,4.0,29.45,Chat,Demande d'information,Oui,Non,Conforme,,Non
APP-13148,26/12/2023,Karim Boudiaf,297,Non résolu,5.0,20.79,Email,Facturation,Oui,Non,Conforme,,Non
APP-13149,24/11/2023,Karim Boudiaf,263,Résolu,5.0,31.0,Email,Réclamation,Oui,Non,Conforme,,Non
APP-13150,01/08/2023,Léa Girard,285,Résolu,5.0,20.97,Email,Panne compteur,Non,Non,Conforme,8.0,Non
APP-13151,11/09/2023,Amandine Faure,296,Résolu,,21.94,Email,Panne compteur,Oui,Non,Non conforme,,Non
APP-13152,30/05/2023,Fatima Zahra,172,Résolu,5.0,17.27,Email,Facturation,Oui,Non,Conforme,7.0,Non
APP-13153,19/07/2023,Nicolas Roux,180,,5.0,37.82,TEL,Déménagement,Oui,Non,Non conforme,,Non
APP-13154,30/04/2023,Nicolas Roux,162,Résolu,4.0,26.66,Chat,Facturation,Oui,Non,Conforme,6.0,Non
APP-13155,09/10/2023,Marie Lefevre,184,Résolu,2.0,40.03,Téléphone,Déménagement,Oui,Non,,,Non
APP-13156,15/09/2023,Julien Marchand,223,Résolu,3.0,21.19,telephone,Changement d'offre,Oui,Non,Conforme,,Non
APP-13157,26/07/2023,Thomas Petit,230,Résolu,4.0,35.66,telephone,Litige paiement,Oui,Oui,Non conforme,10.0,Non
APP-13158,02/01/2023,Thomas Petit,358,Résolu,4.0,43.5,TEL,Panne compteur,Oui,Non,Conforme,,Non
APP-13159,01/03/2023,Léa Girard,258,Non résolu,5.0,37.33,Téléphone,Changement d'offre,Oui,Oui,Conforme,8.0,Non
APP-13160,12/07/2023,Yanis Belkacem,225,Résolu,4.0,9.48,Email,Déménagement,,Non,Conforme,,Non
APP-13161,09/01/2023,Léa Girard,465,,4.0,44.42,telephone,Litige paiement,Oui,Non,Conforme,,Non
APP-13162,29/10/2023,Léa Girard,144,Non résolu,5.0,32.67,Téléphone,Litige paiement,Oui,Non,Conforme,8.0,Non
APP-13163,11/01/2023,Julien Marchand,208,Résolu,4.0,18.52,telephone,Relevé compteur,Oui,Non,Conforme,9.0,Non
APP-13164,26/03/2023,Sophie Nguyen,392,Résolu,1.0,24.49,TEL,Réclamation,Oui,Non,Conforme,5.0,Non
APP-13165,15/06/2023,Thomas Petit,390,Résolu,,38.94,TEL,Relevé compteur,Oui,Non,Conforme,10.0,Non
APP-13166,30/01/2023,Léa Girard,207,Résolu,,27.89,Email,Panne compteur,Oui,Non,,3.0,Non
APP-13167,24/07/2023,Nicolas Roux,89,,5.0,32.55,telephone,Souscription contrat,Oui,Oui,Non conforme,9.0,Non
APP-13168,10/02/2023,Yanis Belkacem,195,Non résolu,5.0,31.9,telephone,Facturation,Oui,Non,Conforme,1.0,Non
APP-13169,27/12/2023,Yanis Belkacem,359,Résolu,5.0,13.57,telephone,Relevé compteur,Oui,Non,Conforme,,Non
APP-13170,18/07/2023,Léa Girard,224,Résolu,5.0,34.99,Chat,Relevé compteur,Oui,Oui,Conforme,10.0,Non
APP-13171,10/02/2023,Fatima Zahra,297,Résolu,1.0,8.75,Chat,Réclamation,Oui,Non,Non conforme,8.0,Non
APP-13172,23/08/2023,Marie Lefevre,234,Résolu,5.0,40.5,Email,Panne compteur,Oui,Non,Conforme,,Non
APP-13173,22/05/2023,Marie Lefevre,109,Non résolu,3.0,27.51,TEL,Relevé compteur,Oui,Non,Conforme,,Non
APP-13174,16/01/2023,Julien Marchand,237,Résolu,5.0,26.15,Téléphone,Litige paiement,Oui,Non,Conforme,9.0,Non
APP-13175,29/08/2023,Thomas Petit,309,Résolu,5.0,12.43,Chat,Souscription contrat,,Non,,,Non
APP-13176,02/09/2023,Fatima Zahra,183,Non résolu,2.0,41.29,Email,Panne compteur,Oui,Non,Conforme,9.0,Non
APP-13177,28/09/2023,Léa Girard,307,Non résolu,5.0,41.7,Chat,Panne compteur,Oui,Non,Conforme,,Non
APP-13178,17/12/2023,Yanis Belkacem,242,Résolu,4.0,33.05,TEL,Déménagement,Oui,Oui,Conforme,9.0,Non
APP-13179,08/05/2023,Fatima Zahra,302,Résolu,3.0,36.81,Email,Souscription contrat,Oui,Non,Conforme,4.0,Non
APP-13180,29/09/2023,Yanis Belkacem,264,Résolu,4.0,9.27,Chat,Souscription contrat,Oui,Non,Non conforme,8.0,Non
APP-13181,01/07/2023,Léa Girard,150,Résolu,1.0,26.41,telephone,Résiliation,Oui,Non,Conforme,,Oui
APP-13182,20/05/2023,Karim Boudiaf,209,Résolu,5.0,21.51,telephone,Changement d'offre,Oui,Non,Non conforme,,Non
APP-13183,18/08/2023,Yanis Belkacem,206,Résolu,3.0,24.0,Chat,Réclamation,Non,Oui,Conforme,8.0,Non
APP-13184,21/07/2023,Léa Girard,179,Non résolu,,26.64,TEL,Facturation,Oui,Non,Conforme,4.0,Non
APP-13185,22/11/2023,Nicolas Roux,257,Résolu,4.0,14.76,TEL,Relevé compteur,Oui,Non,Conforme,9.0,Non
APP-13186,04/12/2023,Marie Lefevre,411,Résolu,,28.6,telephone,Relevé compteur,Oui,Non,Conforme,,Non
APP-13187,20/09/2023,Yanis Belkacem,332,Non résolu,2.0,35.32,telephone,Demande d'information,,Non,Non conforme,8.0,Non
APP-13188,19/11/2023,Léa Girard,345,Résolu,4.0,24.01,Téléphone,Changement d'offre,Oui,Non,Non conforme,8.0,Non
APP-13189,17/09/2023,Fatima Zahra,174,Résolu,2.0,25.91,TEL,Facturation,Oui,Non,Conforme,,Non
APP-13190,11/07/2023,Amandine Faure,346,Résolu,5.0,19.46,TEL,Réclamation,Oui,Non,Conforme,9.0,Oui
APP-13191,18/11/2023,Léa Girard,378,Non résolu,4.0,11.17,telephone,Changement d'offre,Oui,Non,Conforme,6.0,Non
APP-13192,13/07/2023,Fatima Zahra,172,Non résolu,4.0,21.2,telephone,Litige paiement,Oui,Non,Conforme,4.0,Non
APP-13193,18/04/2023,Karim Boudiaf,274,Résolu,4.0,29.92,Téléphone,Demande d'information,Oui,Non,Non conforme,7.0,Non
APP-13194,20/11/2023,Julien Marchand,276,Résolu,4.0,,TEL,Demande d'information,Oui,Non,Conforme,,Non
APP-13195,17/03/2023,Amandine Faure,215,Résolu,4.0,8.34,Chat,Résiliation,Oui,Non,Conforme,,Non
APP-13196,17/04/2023,Karim Boudiaf,110,Résolu,5.0,10.48,Email,Litige paiement,Oui,Non,Non conforme,10.0,Non
APP-13197,14/12/2023,Yanis Belkacem,301,Non résolu,4.0,9.04,Chat,Résiliation,Oui,Non,Conforme,,Non
APP-13198,20/11/2023,Yanis Belkacem,283,Résolu,5.0,23.39,Téléphone,Changement d'offre,Oui,Non,Conforme,,Non
APP-13199,13/07/2023,Nicolas Roux,-210,Résolu,2.0,34.65,Chat,Changement d'offre,Oui,Non,Conforme,,Non
APP-10110,20/06/2023,Sophie Nguyen,282,Non résolu,3.0,43.65,Email,Changement d'offre,Oui,Non,Conforme,,Non
APP-12802,10/04/2023,Thomas Petit,389,Résolu,4.0,36.01,Chat,Réclamation,Non,Non,Conforme,,Non
APP-12964,21/12/2023,Yanis Belkacem,253,Résolu,5.0,27.74,TEL,Résiliation,Oui,Non,Non conforme,,Non
APP-11857,15/01/2023,Amandine Faure,127,Résolu,4.0,20.68,Téléphone,Panne compteur,Non,Non,Conforme,8.0,Non
APP-10560,13/02/2023,Marie Lefevre,257,Non résolu,5.0,37.47,Téléphone,Changement d'offre,Oui,Non,Conforme,5.0,Oui
APP-10563,04/08/2023,Nicolas Roux,402,Résolu,5.0,26.19,TEL,Déménagement,Oui,Non,Conforme,8.0,Non
APP-10346,12/05/2023,Marie Lefevre,246,Résolu,,36.21,Email,Panne compteur,Oui,Non,Conforme,,Non
APP-13160,12/07/2023,Yanis Belkacem,225,Résolu,4.0,9.48,Email,Déménagement,,Non,Conforme,,Non
APP-10126,23/03/2023,Thomas Petit,325,Résolu,3.0,40.93,Email,Changement d'offre,Non,Non,Conforme,9.0,Non
APP-11077,27/08/2023,Amandine Faure,365,Résolu,2.0,10.65,TEL,Souscription contrat,Oui,Non,,,Non
APP-10586,27/06/2023,Fatima Zahra,245,Non résolu,4.0,34.24,Chat,Relevé compteur,Oui,Non,Conforme,,Non
APP-12473,30/05/2023,Fatima Zahra,301,Résolu,3.0,31.82,Email,Panne compteur,Oui,Oui,Conforme,10.0,Non
APP-12246,25/08/2023,Fatima Zahra,187,Résolu,4.0,9.54,TEL,Souscription contrat,Oui,Non,Conforme,10.0,Non
APP-12846,07/04/2023,Amandine Faure,268,Résolu,,26.82,TEL,Souscription contrat,Oui,Non,Conforme,,Non
APP-12016,02/07/2023,Sophie Nguyen,269,Résolu,4.0,17.66,telephone,Relevé compteur,Oui,Non,Conforme,8.0,Non
APP-10013,20/10/2023,Yanis Belkacem,47,Non résolu,3.0,15.39,Email,Demande d'information,Oui,Non,Conforme,,Non
APP-11784,29/09/2023,Marie Lefevre,231,,5.0,29.77,Téléphone,Réclamation,Oui,Oui,Conforme,8.0,Non
APP-12821,14/01/2023,Karim Boudiaf,352,Résolu,3.0,34.4,Email,Demande d'information,Oui,Non,Conforme,9.0,Oui
APP-11012,12/02/2023,Julien Marchand,385,Non résolu,4.0,29.89,telephone,Déménagement,,Oui,Conforme,,Non
APP-12772,13/02/2023,Amandine Faure,191,Non résolu,5.0,38.95,telephone,Réclamation,Oui,Non,Conforme,,Non
APP-12715,19/04/2023,Nicolas Roux,262,Résolu,4.0,13.95,Email,Déménagement,Oui,Non,Conforme,10.0,Non
APP-11468,18/09/2023,Nicolas Roux,-1,Résolu,3.0,,TEL,Demande d'information,Non,Non,Conforme,9.0,Non
APP-13197,14/12/2023,Yanis Belkacem,301,Non résolu,4.0,9.04,Chat,Résiliation,Oui,Non,Conforme,,Non
APP-10165,19/06/2023,Yanis Belkacem,128,Non résolu,,28.19,Chat,Changement d'offre,Oui,Non,Conforme,8.0,Non
APP-10045,15/01/2023,Nicolas Roux,333,Résolu,5.0,41.58,Chat,Réclamation,Oui,Non,Conforme,8.0,Non
APP-10595,03/11/2023,Nicolas Roux,196,Résolu,,16.11,telephone,Réclamation,Non,Non,,,Non
APP-11322,02/08/2023,Léa Girard,32,Non résolu,4.0,42.52,telephone,Panne compteur,Oui,Non,Conforme,4.0,Non
APP-11653,09/07/2023,Léa Girard,593,Résolu,4.0,9.29,TEL,Relevé compteur,Oui,Non,Conforme,,Non
APP-12031,28/11/2023,Thomas Petit,14,Non résolu,4.0,15.26,Téléphone,Demande d'information,Oui,Non,Non conforme,7.0,Non
APP-11621,07/02/2023,Yanis Belkacem,386,Résolu,4.0,31.86,Email,Relevé compteur,Oui,Non,Conforme,,Non
APP-11592,31/05/2023,Julien Marchand,148,Non résolu,5.0,12.8,TEL,Résiliation,Oui,Non,Conforme,4.0,Non
APP-10205,09/02/2023,Nicolas Roux,225,Résolu,5.0,26.23,TEL,Panne compteur,Non,Non,Conforme,,Oui
APP-13159,01/03/2023,Léa Girard,258,Non résolu,5.0,37.33,Téléphone,Changement d'offre,Oui,Oui,Conforme,8.0,Non
APP-10366,26/09/2023,Sophie Nguyen,150,Non résolu,5.0,44.44,telephone,Demande d'information,Oui,Non,Conforme,7.0,Non
APP-10546,28/02/2023,Fatima Zahra,298,Résolu,4.0,23.53,telephone,Facturation,Oui,Non,Conforme,8.0,Non
