IdTicket,DateTicket,Operateur,TempsTraitement_Min,Resolu,Satisfaction_Client,CoutFacturation,Canal_Contact,Motif,Traite,Reprise_Appel,Conforme,Score_NPS,Motif_Reclamation
TCK20000,2023-01-17,Op003,4.2,Oui,,19.56,Mail,Facturation,Oui,0,Faux,,Comportement agent
TCK20001,2023-04-17,Op001,5.9,0,,35.86,Réseaux sociaux,Résiliation,0,1,Vrai,,
TCK20002,2023-01-07,Op008,4.8,Non,9.0,38.59,TEL,Déménagement,1,1,Vrai,,
TCK20003,2023-04-03,Op002,3.8,0,10.0,55.37,Réseaux sociaux,Panne compteur,Non,0,Vrai,,
TCK20004,2023-10-21,Op004,4.7,1,8.0,53.97,Tel,Litige paiement,0,1,Vrai,,
TCK20005,2023-01-03,Op002,2.6,0,,30.5,Tel,Demande d'information,0,0,,,
TCK20006,2023-07-16,Op007,3.1,1,3.0,23.91,Chat,Souscription contrat,0,1,Vrai,,
TCK20007,2023-05-10,Op005,4.4,0,8.0,26.23,Tel,Relevé compteur,Non,0,Vrai,5.0,
TCK20008,2023-03-26,Op002,4.3,1,6.0,,Mail,Déménagement,1,0,Vrai,,
TCK20009,2023-01-24,Op002,4.8,Oui,10.0,33.04,Chat,Changement d'offre,Non,0,Vrai,,
TCK20010,2023-01-11,Op004,2.8,Non,9.0,34.32,TEL,Réclamation,Non,0,,1.0,
TCK20011,2023-11-13,Op004,5.4,0,9.0,46.93,Chat,Souscription contrat,0,0,Vrai,,
TCK20012,2023-04-19,Op001,5.1,1,9.0,,Réseaux sociaux,Facturation,1,1,Vrai,8.0,
TCK20013,2023-06-27,Op004,6.2,oui,8.0,43.45,Réseaux sociaux,Résiliation,0,0,Vrai,3.0,Comportement agent
TCK20014,2023-04-14,Op001,5.1,Non,4.0,23.24,Réseaux sociaux,Souscription contrat,Non,0,Vrai,5.0,
TCK20015,2023-05-13,Op001,3.7,oui,4.0,56.68,Tel,Panne compteur,0,0,Vrai,,
TCK20016,2023-07-23,Op006,6.2,0,3.0,20.95,Réseaux sociaux,Panne compteur,Non,0,Vrai,5.0,Comportement agent
TCK20017,2023-12-04,Op008,6.0,0,,32.15,Mail,Panne compteur,Oui,1,Vrai,,
TCK20018,2023-01-07,Op008,6.9,Oui,5.0,15.2,Réseaux sociaux,Réclamation,Non,0,Faux,9.0,
TCK20019,2023-11-07,Op005,5.5,0,8.0,58.12,Chat,Souscription contrat,Oui,1,Vrai,5.0,
TCK20020,2023-11-24,Op008,3.9,0,3.0,51.14,Chat,Panne compteur,Non,0,Vrai,6.0,
TCK20021,2023-05-08,Op008,5.5,Oui,10.0,,TEL,Demande d'information,1,0,Faux,8.0,Erreur technique
TCK20022,2023-02-19,Op007,0.6,Non,4.0,25.72,Réseaux sociaux,Souscription contrat,Oui,0,Vrai,8.0,Délai de traitement
TCK20023,2023-11-08,Op006,6.9,Non,,39.05,Tel,Relevé compteur,0,0,,,
TCK20024,2023-01-09,Op007,3.4,Non,,41.46,Réseaux sociaux,Relevé compteur,1,0,Faux,,
TCK20025,2023-01-30,Op006,7.3,Oui,7.0,44.97,Chat,Déménagement,0,0,Vrai,,Facturation incorrecte
TCK20026,2023-09-13,Op008,4.2,oui,,52.99,Chat,Changement d'offre,0,0,Vrai,9.0,
TCK20027,2023-02-18,Op008,4.6,1,9.0,32.91,Chat,Souscription contrat,0,1,Vrai,10.0,
TCK20028,2023-11-23,Op003,2.9,oui,2.0,34.15,TEL,Déménagement,1,0,Vrai,6.0,
TCK20029,2023-09-02,Op004,3.0,Non,,54.34,Tel,Souscription contrat,Non,0,Vrai,7.0,
TCK20030,2023-08-15,Op005,7.0,1,4.0,14.84,Mail,Souscription contrat,Oui,0,Vrai,8.0,
TCK20031,2023-07-31,Op003,3.3,Oui,4.0,33.8,Chat,Souscription contrat,Oui,0,Vrai,,
TCK20032,2023-11-17,Op001,4.5,1,4.0,21.68,TEL,Facturation,Non,0,Vrai,8.0,
TCK20033,2023-12-08,Op004,1.8,Oui,9.0,30.48,Mail,Résiliation,Oui,0,Vrai,,
TCK20034,2023-05-12,Op006,5.7,Non,,21.41,TEL,Panne compteur,Non,0,Vrai,,
TCK20035,2023-09-07,Op007,5.8,1,5.0,56.11,Tel,Déménagement,1,1,Vrai,9.0,
TCK20036,2023-11-25,Op002,1.4,Non,4.0,35.1,Chat,Litige paiement,Oui,0,,,
TCK20037,2023-09-01,Op002,6.9,Non,,40.25,Chat,Relevé compteur,Oui,0,Faux,,
TCK20038,2023-05-25,Op005,3.3,0,,,TEL,Facturation,0,1,Faux,5.0,
TCK20039,2023-03-27,Op001,9.6,0,5.0,35.25,Réseaux sociaux,Demande d'information,Oui,1,Vrai,9.0,
TCK20040,2023-08-01,Op006,5.3,oui,6.0,,Mail,Résiliation,Non,0,Vrai,,
TCK20041,2023-07-06,Op001,3.7,Oui,5.0,37.09,Tel,Résiliation,1,1,Faux,6.0,Comportement agent
TCK20042,2023-09-26,Op008,5.1,Non,10.0,56.62,Tel,Résiliation,1,0,Vrai,1.0,
TCK20043,2023-10-20,Op003,3.6,Non,10.0,57.37,Réseaux sociaux,Souscription contrat,1,0,Vrai,,Comportement agent
TCK20044,2023-10-15,Op001,2.8,0,,35.92,Réseaux sociaux,Souscription contrat,0,0,Vrai,,
TCK20045,2023-10-14,Op007,3.9,Non,,15.63,TEL,Souscription contrat,Non,0,Vrai,,
TCK20046,2023-12-02,Op005,3.5,oui,9.0,,Mail,Résiliation,0,0,Faux,9.0,Délai de traitement
TCK20047,2023-09-21,Op004,1.8,1,7.0,29.16,TEL,Panne compteur,Non,1,Vrai,,
TCK20048,2023-07-07,Op004,4.1,Oui,6.0,18.54,Chat,Déménagement,1,0,Faux,,
TCK20049,2023-08-08,Op008,7.1,oui,10.0,23.36,Mail,Changement d'offre,1,0,Faux,2.0,
TCK20050,2023-11-12,Op002,2.4,0,9.0,40.58,TEL,Réclamation,Non,0,Vrai,10.0,
TCK20051,2023-04-05,Op007,4.6,1,,38.29,Réseaux sociaux,Souscription contrat,1,0,Vrai,8.0,
TCK20052,2023-02-11,Op008,5.0,1,,55.61,Chat,Changement d'offre,Oui,0,Vrai,8.0,Erreur technique
TCK20053,2023-12-24,Op006,4.8,0,10.0,57.3,Réseaux sociaux,Déménagement,1,1,Vrai,5.0,
TCK20054,2023-07-14,Op003,3.5,1,8.0,25.11,Chat,Changement d'offre,1,1,,10.0,
TCK20055,2023-11-30,Op008,3.8,Non,7.0,54.75,TEL,Demande d'information,Non,0,Faux,10.0,
TCK20056,2023-08-23,Op007,4.2,Non,,32.12,TEL,Résiliation,Oui,0,Vrai,,
TCK20057,2023-12-12,Op001,4.5,Oui,,12.3,Réseaux sociaux,Réclamation,1,0,Faux,3.0,
TCK20058,2023-03-22,Op004,0.9,Oui,,33.67,Chat,Changement d'offre,0,0,Faux,10.0,
TCK20059,2023-04-06,Op008,5.5,0,9.0,40.66,Chat,Souscription contrat,Oui,0,Vrai,,
TCK20060,2023-08-07,Op007,5.2,1,4.0,31.7,Réseaux sociaux,Réclamation,Non,1,Vrai,8.0,
TCK20061,2023-11-25,Op005,6.0,1,3.0,50.97,TEL,Demande d'information,0,0,Vrai,4.0,
TCK20062,2023-05-27,Op002,1.3,1,8.0,12.35,Mail,Résiliation,Non,1,Vrai,5.0,
TCK20063,2023-02-23,Op007,5.0,Oui,10.0,43.43,Chat,Déménagement,Oui,0,Vrai,10.0,
TCK20064,2023-04-08,Op004,4.3,Non,9.0,50.62,Réseaux sociaux,Panne compteur,1,0,Faux,8.0,
TCK20065,2023-08-24,Op005,4.8,Non,,52.67,Tel,Déménagement,Oui,0,Vrai,4.0,
TCK20066,2023-05-19,Op008,4.1,1,3.0,55.2,Réseaux sociaux,Relevé compteur,0,0,Vrai,,
TCK20067,2023-09-27,Op008,5.2,0,,26.03,Tel,Litige paiement,Oui,0,Faux,8.0,
TCK20068,2023-12-22,Op008,3.4,oui,10.0,,Chat,Résiliation,1,1,Vrai,,
TCK20069,2023-02-01,Op003,4.6,oui,8.0,12.19,Chat,Litige paiement,Non,0,Vrai,,
TCK20070,2023-08-01,Op002,3.7,Non,9.0,22.81,Mail,Panne compteur,0,0,Faux,,
TCK20071,2023-05-14,Op006,7.6,oui,7.0,19.52,TEL,Facturation,0,0,Vrai,,
TCK20072,2023-04-02,Op008,3.7,1,8.0,34.24,Chat,Déménagement,0,0,Vrai,,
TCK20073,2023-02-21,Op008,2.3,1,,27.75,Tel,Facturation,Non,1,Vrai,7.0,
TCK20074,2023-04-17,Op004,4.7,1,1.0,42.08,Réseaux sociaux,Résiliation,0,0,Vrai,9.0,
TCK20075,2023-10-08,Op008,4.4,Oui,4.0,11.17,Tel,Réclamation,0,0,Faux,6.0,
TCK20076,2023-07-15,Op006,6.3,Oui,10.0,25.07,TEL,Demande d'information,0,0,Vrai,,Erreur technique
TCK20077,2023-06-20,Op005,4.2,0,6.0,,Chat,Demande d'information,0,1,Vrai,5.0,
TCK20078,2023-01-09,Op001,4.9,1,9.0,40.3,Réseaux sociaux,Demande d'information,0,0,Vrai,,
TCK20079,2023-12-07,Op004,3.9,Non,,38.52,TEL,Demande d'information,1,0,Vrai,7.0,
TCK20080,2023-08-13,Op005,2.3,oui,9.0,,Chat,Demande d'information,Non,0,Vrai,3.0,
TCK20081,2023-08-24,Op003,5.4,0,1.0,35.2,Tel,Réclamation,Oui,0,Faux,9.0,
TCK20082,2023-06-20,Op007,1.3,0,8.0,57.42,TEL,Facturation,Non,0,,5.0,
TCK20083,2023-12-31,Op003,5.2,Non,8.0,,Mail,Facturation,1,0,Vrai,,
TCK20084,2023-10-16,Op008,5.4,Oui,7.0,13.9,Chat,Déménagement,1,0,Faux,8.0,
TCK20085,2023-01-26,Op003,5.9,oui,6.0,15.31,Mail,Litige paiement,Non,0,Faux,7.0,
TCK20086,2023-03-09,Op005,2.3,1,6.0,58.91,Mail,Souscription contrat,Oui,0,Vrai,,
TCK20087,2023-01-14,Op002,4.5,Non,9.0,17.93,TEL,Souscription contrat,Oui,0,Vrai,,
TCK20088,2023-04-30,Op006,0.4,Non,9.0,41.97,Tel,Changement d'offre,Non,0,Vrai,10.0,
TCK20089,2023-09-07,Op007,4.1,1,,16.45,TEL,Changement d'offre,Non,0,Vrai,,
TCK20090,2023-04-07,Op001,1.5,0,4.0,54.39,Mail,Relevé compteur,1,1,,,
TCK20091,2023-08-29,Op003,3.6,0,10.0,12.03,Mail,Relevé compteur,0,0,Vrai,,
TCK20092,2023-12-29,Op008,6.2,0,10.0,11.56,Chat,Résiliation,0,1,Vrai,6.0,Erreur technique
TCK20093,2023-09-29,Op004,3.3,Non,,58.34,Chat,Souscription contrat,0,0,Vrai,6.0,
TCK20094,2023-10-25,Op005,1.1,Oui,5.0,28.13,Chat,Panne compteur,0,0,Faux,,
TCK20095,2023-07-09,Op007,5.0,0,9.0,13.32,TEL,Résiliation,0,0,Vrai,8.0,
TCK20096,2023-12-22,Op004,3.2,Non,9.0,57.45,Mail,Demande d'information,0,0,Vrai,,
TCK20097,2023-11-16,Op002,8.1,oui,7.0,,Chat,Demande d'information,Non,0,Vrai,,
TCK20098,2023-09-02,Op003,4.9,Non,10.0,34.12,Tel,Changement d'offre,1,0,Faux,9.0,
TCK20099,2023-09-15,Op005,1.6,0,8.0,45.14,Chat,Souscription contrat,1,0,Vrai,,
TCK20100,2023-01-22,Op007,5.8,oui,,19.46,Tel,Souscription contrat,Oui,0,Vrai,,
TCK20101,2023-05-16,Op002,3.0,Oui,4.0,38.67,Chat,Demande d'information,Non,1,Vrai,9.0,
TCK20102,2023-08-04,Op001,5.3,oui,,57.11,TEL,Relevé compteur,Oui,0,Vrai,7.0,
TCK20103,2023-06-16,Op004,3.9,Non,8.0,35.92,Mail,Souscription contrat,Non,0,Vrai,,
TCK20104,2023-04-17,Op008,2.3,Oui,,12.49,Mail,Panne compteur,1,0,Vrai,9.0,
TCK20105,2023-01-16,Op006,3.3,Non,,23.43,Mail,Souscription contrat,Oui,1,Faux,10.0,
TCK20106,2023-10-09,Op008,5.3,Oui,10.0,57.2,Chat,Réclamation,0,0,Vrai,1.0,Comportement agent
TCK20107,2023-01-16,Op008,8.3,oui,3.0,,Tel,Panne compteur,0,0,Faux,,
TCK20108,2023-11-07,Op005,7.4,Non,10.0,34.47,TEL,Facturation,1,0,Vrai,,
TCK20109,2023-02-01,Op008,3.0,Non,10.0,35.63,Chat,Déménagement,0,0,Vrai,0.0,Délai de traitement
TCK20110,2023-05-29,Op001,3.9,1,4.0,33.54,Chat,Résiliation,1,1,Vrai,7.0,
TCK20111,2023-09-25,Op008,1.4,oui,8.0,,Réseaux sociaux,Changement d'offre,Oui,0,Vrai,7.0,Facturation incorrecte
TCK20112,2023-06-20,Op007,5.0,Oui,6.0,26.47,Réseaux sociaux,Changement d'offre,1,0,Vrai,10.0,
TCK20113,2023-06-21,Op002,4.8,Oui,10.0,12.11,Réseaux sociaux,Panne compteur,Oui,0,Vrai,5.0,
TCK20114,2023-11-28,Op007,10.1,1,7.0,18.42,Réseaux sociaux,Souscription contrat,Oui,0,Vrai,9.0,
TCK20115,2023-02-08,Op003,4.0,Non,6.0,48.02,TEL,Réclamation,Oui,0,Vrai,1.0,
TCK20116,2023-01-18,Op007,5.0,oui,,45.22,Mail,Relevé compteur,1,1,Vrai,,
TCK20117,2023-05-02,Op002,4.1,oui,,32.69,Chat,Facturation,1,0,Vrai,6.0,
TCK20118,2023-11-16,Op008,6.6,Oui,5.0,34.01,Mail,Litige paiement,Non,0,Vrai,,
TCK20119,2023-05-12,Op003,4.7,1,7.0,28.66,Tel,Souscription contrat,Non,0,Vrai,10.0,
TCK20120,2023-11-17,Op007,9.4,0,5.0,19.45,Tel,Demande d'information,1,0,Vrai,6.0,
TCK20121,2023-03-17,Op005,4.1,Non,8.0,55.05,TEL,Litige paiement,0,0,Vrai,0.0,
TCK20122,2023-12-20,Op003,6.5,1,4.0,14.97,Chat,Panne compteur,0,0,Faux,5.0,
TCK20123,2023-10-15,Op003,7.1,Non,8.0,40.21,Réseaux sociaux,Souscription contrat,1,1,Faux,5.0,Délai de traitement
TCK20124,2023-03-01,Op003,0.1,0,,,TEL,Relevé compteur,Non,0,,0.0,
TCK20125,2023-12-11,Op004,5.7,oui,9.0,39.44,Réseaux sociaux,Relevé compteur,Non,0,Vrai,9.0,
TCK20126,2023-04-16,Op004,4.2,oui,,,Réseaux sociaux,Relevé compteur,Non,0,Faux,0.0,
TCK20127,2023-11-29,Op001,3.0,1,2.0,18.74,TEL,Résiliation,1,0,Vrai,,
TCK20128,2023-09-16,Op001,4.6,1,,44.37,Chat,Réclamation,1,0,Vrai,,
TCK20129,2023-08-02,Op002,5.0,0,2.0,26.27,TEL,Déménagement,1,0,Vrai,,
TCK20130,2023-06-08,Op004,3.4,0,7.0,,Mail,Panne compteur,Non,0,Vrai,2.0,
TCK20131,2023-09-02,Op007,1.5,0,2.0,42.49,Tel,Réclamation,0,0,Vrai,,
TCK20132,2023-08-17,Op006,1.3,Non,5.0,,TEL,Résiliation,Non,1,Vrai,7.0,
TCK20133,2023-10-12,Op007,5.0,0,,13.08,Chat,Résiliation,Oui,0,Faux,,Comportement agent
TCK20134,2023-09-10,Op005,2.5,Non,6.0,,Tel,Souscription contrat,1,0,Vrai,1.0,
TCK20135,2023-02-15,Op001,6.0,Oui,10.0,13.28,Tel,Litige paiement,0,0,Vrai,,
TCK20136,2023-12-17,Op001,5.7,oui,9.0,30.23,Chat,Panne compteur,Non,0,Vrai,8.0,
TCK20137,2023-11-03,Op001,7.7,1,9.0,28.18,Réseaux sociaux,Panne compteur,Non,0,Vrai,,
TCK20138,2023-08-16,Op003,5.7,0,8.0,58.53,Tel,Souscription contrat,Non,1,Faux,8.0,
TCK20139,2023-07-02,Op006,2.5,oui,5.0,18.79,Chat,Relevé compteur,Non,0,Faux,,
TCK20140,2023-12-09,Op008,1.9,1,,32.33,TEL,Facturation,0,0,Vrai,5.0,
TCK20141,2023-06-05,Op005,7.9,Non,,22.71,Réseaux sociaux,Résiliation,Non,0,Vrai,,
TCK20142,2023-08-13,Op006,4.4,Non,9.0,37.17,Réseaux sociaux,Résiliation,1,0,Vrai,,
TCK20143,2023-03-23,Op005,6.9,oui,9.0,25.24,Chat,Souscription contrat,0,0,Vrai,8.0,
TCK20144,2023-03-23,Op002,2.9,0,10.0,44.5,TEL,Relevé compteur,1,1,Vrai,,
TCK20145,2023-11-15,Op008,5.6,oui,10.0,29.52,Chat,Relevé compteur,Oui,0,Faux,,
TCK20146,2023-11-23,Op001,2.9,1,10.0,,Mail,Déménagement,Non,0,Faux,7.0,Comportement agent
TCK20147,2023-07-19,Op001,0.1,oui,7.0,28.39,Réseaux sociaux,Facturation,0,0,Vrai,7.0,
TCK20148,2023-12-30,Op004,4.0,Oui,,,Tel,Changement d'offre,1,0,Faux,,
TCK20149,2023-01-12,Op002,3.4,1,10.0,43.19,Mail,Résiliation,Oui,0,Vrai,6.0,Erreur technique
TCK20150,2023-05-09,Op006,2.3,1,9.0,33.01,Réseaux sociaux,Litige paiement,1,0,Vrai,4.0,
TCK20151,2023-01-13,Op008,6.2,1,,,Mail,Déménagement,Oui,0,Vrai,3.0,
TCK20152,2023-08-17,Op008,3.5,1,3.0,11.15,Chat,Changement d'offre,Non,0,Vrai,9.0,
TCK20153,2023-07-19,Op002,3.4,1,7.0,54.84,Chat,Panne compteur,Non,0,Vrai,9.0,
TCK20154,2023-05-21,Op003,3.3,1,8.0,23.98,Tel,Changement d'offre,0,0,Vrai,9.0,
TCK20155,2023-07-18,Op002,3.2,1,4.0,16.37,Chat,Panne compteur,Non,0,Faux,,
TCK20156,2023-06-17,Op007,3.4,oui,,16.71,TEL,Relevé compteur,0,0,Vrai,10.0,
TCK20157,2023-07-15,Op006,4.9,1,7.0,42.24,Réseaux sociaux,Panne compteur,Oui,0,Faux,,
TCK20158,2023-03-07,Op003,6.8,0,5.0,37.87,Réseaux sociaux,Demande d'information,0,0,Faux,8.0,
TCK20159,2023-07-09,Op005,2.7,1,7.0,22.8,Chat,Déménagement,0,0,Vrai,7.0,
TCK20160,2023-11-18,Op003,3.0,Non,,36.82,Tel,Demande d'information,Oui,0,Vrai,9.0,
TCK20161,2023-04-13,Op001,5.1,Oui,5.0,31.86,TEL,Souscription contrat,Non,1,Faux,8.0,
TCK20162,2023-09-23,Op008,5.7,Oui,4.0,53.57,Mail,Réclamation,Oui,0,Vrai,,
TCK20163,2023-05-03,Op006,1.8,1,,59.95,Tel,Souscription contrat,Oui,0,Vrai,,
TCK20164,2023-07-17,Op001,1.8,oui,8.0,21.26,Chat,Souscription contrat,Non,1,Vrai,5.0,
TCK20165,2023-08-22,Op004,7.5,0,9.0,22.85,Réseaux sociaux,Panne compteur,Non,1,Vrai,,
TCK20166,2023-05-01,Op008,0.4,Non,2.0,55.69,Mail,Panne compteur,1,0,Vrai,6.0,
TCK20167,2023-12-12,Op007,3.9,oui,9.0,28.41,Réseaux sociaux,Changement d'offre,Non,1,Vrai,7.0,
TCK20168,2023-11-19,Op003,2.0,Non,8.0,51.83,TEL,Relevé compteur,Non,1,Vrai,,
TCK20169,2023-05-18,Op006,1.8,0,8.0,42.54,Mail,Résiliation,Oui,0,Vrai,,
TCK20170,2023-04-07,Op005,1.7,Oui,9.0,50.9,Chat,Souscription contrat,Oui,0,Faux,,
TCK20171,2023-06-11,Op003,6.4,Non,5.0,11.92,Chat,Panne compteur,Non,1,Vrai,,
TCK20172,2023-08-30,Op007,4.6,oui,,29.91,Réseaux sociaux,Réclamation,Oui,0,Vrai,8.0,
TCK20173,2023-01-05,Op004,6.5,1,10.0,34.86,Mail,Panne compteur,1,1,Vrai,9.0,
TCK20174,2023-11-02,Op002,4.2,1,10.0,27.15,TEL,Changement d'offre,Non,1,Vrai,0.0,
TCK20175,2023-12-03,Op003,6.4,1,7.0,,Chat,Résiliation,Oui,0,Vrai,3.0,
TCK20176,2023-08-30,Op004,4.2,0,7.0,34.82,Chat,Réclamation,Oui,0,Vrai,,Facturation incorrecte
TCK20177,2023-04-10,Op003,2.5,0,5.0,30.18,Tel,Relevé compteur,1,0,Faux,6.0,
TCK20178,2023-03-13,Op002,3.1,Oui,6.0,58.07,Mail,Demande d'information,1,0,Vrai,6.0,
TCK20179,2023-04-17,Op008,7.7,Non,2.0,39.96,Mail,Litige paiement,0,0,Vrai,,Comportement agent
TCK20180,2023-01-21,Op002,4.3,1,5.0,29.86,Chat,Déménagement,Oui,0,Vrai,9.0,Comportement agent
TCK20181,2023-02-01,Op007,4.7,oui,7.0,26.84,Tel,Facturation,Oui,0,Vrai,5.0,
TCK20182,2023-12-25,Op004,6.5,Oui,,13.92,Mail,Relevé compteur,1,0,Vrai,5.0,
TCK20183,2023-03-03,Op006,4.9,1,9.0,13.63,TEL,Souscription contrat,1,0,Vrai,5.0,
TCK20184,2023-11-15,Op001,3.8,oui,3.0,43.44,Réseaux sociaux,Relevé compteur,Oui,0,Vrai,,
TCK20185,2023-10-21,Op005,5.4,oui,,,TEL,Facturation,1,0,Vrai,5.0,
TCK20186,2023-12-05,Op004,6.8,0,8.0,16.25,Chat,Demande d'information,0,0,Faux,6.0,
TCK20187,2023-10-26,Op007,4.8,Oui,4.0,16.49,Tel,Demande d'information,0,1,Faux,,Facturation incorrecte
TCK20188,2023-12-13,Op001,5.7,1,4.0,30.75,Chat,Litige paiement,Oui,0,,9.0,
TCK20189,2023-03-25,Op005,4.6,Oui,,26.35,Réseaux sociaux,Réclamation,1,1,Vrai,7.0,
TCK20190,2023-01-01,Op004,5.7,oui,9.0,51.85,Réseaux sociaux,Changement d'offre,Non,0,Vrai,8.0,
TCK20191,2023-09-17,Op006,4.8,oui,4.0,59.77,Tel,Réclamation,0,0,Vrai,,
TCK20192,2023-12-05,Op003,6.6,1,,24.26,Chat,Changement d'offre,0,0,Faux,7.0,
TCK20193,2023-08-20,Op008,5.2,Non,6.0,21.96,TEL,Litige paiement,Non,0,Vrai,7.0,
TCK20194,2023-05-10,Op008,4.7,oui,7.0,38.02,TEL,Demande d'information,1,0,Vrai,4.0,
TCK20195,2023-12-30,Op007,0.3,Oui,3.0,,Chat,Litige paiement,Oui,0,Vrai,,
TCK20196,2023-12-16,Op004,3.0,1,5.0,40.63,TEL,Réclamation,Oui,1,Vrai,10.0,
TCK20197,2023-07-04,Op007,6.9,Oui,5.0,39.27,TEL,Litige paiement,Non,1,Faux,7.0,
TCK20198,2023-06-20,Op003,8.3,oui,9.0,22.97,Tel,Panne compteur,Oui,0,Vrai,,
TCK20199,2023-06-25,Op003,5.8,0,3.0,14.23,Réseaux sociaux,Déménagement,Oui,0,Faux,4.0,
TCK20200,2023-03-26,Op004,4.0,Non,1.0,35.01,TEL,Relevé compteur,Oui,0,Vrai,9.0,
TCK20201,2023-04-24,Op004,3.8,0,5.0,52.02,Chat,Relevé compteur,0,1,Vrai,7.0,
TCK20202,2023-01-29,Op006,6.2,Non,,27.55,Tel,Demande d'information,Oui,1,Faux,,
TCK20203,2023-11-25,Op002,5.7,0,8.0,30.23,Réseaux sociaux,Changement d'offre,0,1,Vrai,9.0,Délai de traitement
TCK20204,2023-03-04,Op001,2.3,1,,13.06,Réseaux sociaux,Déménagement,1,0,Vrai,,
TCK20205,2023-07-08,Op003,3.7,oui,7.0,39.55,Mail,Panne compteur,Non,0,Vrai,,
TCK20206,2023-11-26,Op003,5.8,oui,10.0,,Mail,Déménagement,1,0,Vrai,8.0,
TCK20207,2023-11-28,Op004,3.6,1,8.0,45.2,Réseaux sociaux,Litige paiement,1,0,Vrai,,
TCK20208,2023-03-12,Op006,4.3,Non,4.0,43.1,Tel,Résiliation,1,1,Vrai,9.0,
TCK20209,2023-04-05,Op002,5.6,1,10.0,33.24,Tel,Demande d'information,Oui,0,Vrai,,Délai de traitement
TCK20210,2023-01-13,Op003,3.0,0,8.0,19.43,TEL,Changement d'offre,Non,0,Vrai,9.0,
TCK20211,2023-02-09,Op002,8.3,Non,,35.39,Chat,Déménagement,Non,0,Vrai,7.0,
TCK20212,2023-09-17,Op001,7.0,Oui,,46.78,Chat,Changement d'offre,Oui,1,,7.0,
TCK20213,2023-02-03,Op003,4.7,0,,43.19,Mail,Souscription contrat,Oui,0,Vrai,,
TCK20214,2023-10-10,Op002,5.1,1,5.0,35.02,Tel,Relevé compteur,Non,0,Vrai,8.0,
TCK20215,2023-07-31,Op008,3.4,Oui,5.0,54.7,TEL,Demande d'information,1,0,Vrai,,
TCK20216,2023-10-26,Op001,5.7,Non,8.0,17.41,TEL,Relevé compteur,1,0,Vrai,,
TCK20217,2023-06-04,Op006,0.6,oui,,47.32,TEL,Résiliation,Non,1,Vrai,9.0,
TCK20218,2023-09-23,Op001,7.5,1,9.0,,Réseaux sociaux,Litige paiement,Oui,0,Vrai,,
TCK20219,2023-09-18,Op005,5.6,Non,,55.83,Mail,Relevé compteur,Non,0,Vrai,,
TCK20220,2023-08-23,Op002,6.3,Oui,5.0,,Mail,Changement d'offre,Non,0,Vrai,8.0,
TCK20221,2023-09-23,Op005,6.7,1,9.0,29.72,Mail,Panne compteur,1,0,Vrai,2.0,
TCK20222,2023-06-21,Op005,8.1,1,9.0,30.87,Tel,Changement d'offre,1,0,Vrai,8.0,
TCK20223,2023-06-22,Op004,5.2,Oui,2.0,46.53,Chat,Panne compteur,0,0,,5.0,
TCK20224,2023-11-17,Op006,3.1,0,6.0,,Chat,Demande d'information,0,0,Faux,8.0,
TCK20225,2023-08-09,Op006,4.6,Non,4.0,19.6,Chat,Résiliation,Non,0,Vrai,6.0,
TCK20226,2023-01-27,Op005,5.4,Oui,8.0,54.74,Tel,Changement d'offre,0,0,Vrai,,
TCK20227,2023-05-23,Op008,5.9,0,8.0,15.88,Réseaux sociaux,Souscription contrat,Oui,1,Vrai,,
TCK20228,2023-06-25,Op007,6.2,oui,7.0,18.83,Tel,Relevé compteur,Oui,1,Faux,,
TCK20229,2023-06-21,Op005,2.3,1,6.0,39.01,TEL,Réclamation,1,1,Vrai,,
TCK20230,2023-01-17,Op007,4.0,0,3.0,,Réseaux sociaux,Souscription contrat,0,0,Vrai,,
TCK20231,2023-06-11,Op002,5.7,oui,9.0,43.51,TEL,Relevé compteur,1,0,Vrai,,
TCK20232,2023-04-19,Op005,5.3,Non,9.0,,Chat,Résiliation,1,0,Vrai,6.0,
TCK20233,2023-08-27,Op005,2.4,oui,5.0,26.82,TEL,Déménagement,0,0,Vrai,10.0,
TCK20234,2023-02-12,Op008,3.3,0,5.0,18.94,TEL,Changement d'offre,0,0,Faux,5.0,
TCK20235,2023-04-16,Op001,2.7,1,,55.1,Mail,Litige paiement,0,0,,9.0,
TCK20236,2023-05-19,Op005,1.9,oui,4.0,32.42,Mail,Réclamation,Oui,0,Vrai,9.0,
TCK20237,2023-02-26,Op003,3.5,0,10.0,26.03,Chat,Souscription contrat,Non,0,Vrai,9.0,
TCK20238,2023-06-02,Op007,6.5,Oui,9.0,38.29,Tel,Réclamation,Non,0,Vrai,,
TCK20239,2023-11-29,Op006,4.2,1,9.0,,Chat,Résiliation,Non,0,Vrai,9.0,Facturation incorrecte
TCK20240,2023-01-17,Op006,5.4,Oui,8.0,35.67,Mail,Résiliation,Non,0,,,
TCK20241,2023-07-23,Op001,2.9,1,,42.53,Tel,Panne compteur,1,0,Vrai,7.0,
TCK20242,2023-12-11,Op007,4.2,0,,,Réseaux sociaux,Litige paiement,Oui,1,Vrai,,
TCK20243,2023-10-25,Op002,6.2,0,,55.06,Mail,Déménagement,0,0,Vrai,10.0,
TCK20244,2023-09-02,Op007,4.4,Oui,8.0,40.16,Mail,Réclamation,Oui,0,Faux,,
TCK20245,2023-08-10,Op001,7.5,0,7.0,26.28,Chat,Facturation,0,0,Faux,7.0,
TCK20246,2023-02-27,Op006,4.3,oui,8.0,41.17,Réseaux sociaux,Litige paiement,1,0,Vrai,9.0,
TCK20247,2023-01-13,Op001,4.0,Non,4.0,12.82,TEL,Résiliation,Non,0,Vrai,0.0,
TCK20248,2023-01-19,Op004,4.4,Non,5.0,26.63,Tel,Résiliation,Non,0,Faux,10.0,
TCK20249,2023-11-20,Op003,3.8,0,5.0,31.91,TEL,Demande d'information,Oui,1,Faux,6.0,
TCK20250,2023-05-07,Op007,3.2,oui,4.0,44.46,Chat,Facturation,Non,1,Faux,,
TCK20251,2023-11-10,Op002,3.6,0,5.0,,TEL,Facturation,1,0,Vrai,,
TCK20252,2023-05-18,Op005,1.9,1,3.0,25.98,Chat,Souscription contrat,Non,0,Faux,,
TCK20253,2023-04-05,Op003,4.6,Oui,,39.59,Chat,Facturation,1,0,Faux,,
TCK20254,2023-08-15,Op005,6.0,1,10.0,45.82,Tel,Relevé compteur,1,0,Vrai,,
TCK20255,2023-02-24,Op004,6.0,Non,8.0,43.47,Chat,Changement d'offre,Oui,0,Vrai,,
TCK20256,2023-09-03,Op002,8.5,Oui,7.0,11.92,Tel,Changement d'offre,0,0,Vrai,5.0,
TCK20257,2023-07-24,Op006,3.9,1,5.0,41.07,Réseaux sociaux,Déménagement,Oui,0,Faux,5.0,
TCK20258,2023-08-04,Op006,4.5,1,,27.88,TEL,Relevé compteur,Non,0,Vrai,6.0,
TCK20259,2023-06-06,Op006,7.3,Oui,3.0,23.87,Chat,Résiliation,Oui,0,Vrai,9.0,
TCK20260,2023-03-03,Op008,7.0,0,7.0,53.55,Mail,Souscription contrat,0,1,Vrai,,
TCK20261,2023-10-30,Op008,6.3,Non,2.0,27.12,TEL,Facturation,0,0,Vrai,5.0,
TCK20262,2023-10-30,Op006,5.1,oui,9.0,,Mail,Résiliation,0,0,Vrai,,
TCK20263,2023-04-22,Op006,7.2,0,,54.14,Mail,Panne compteur,Non,0,Vrai,,
TCK20264,2023-07-14,Op004,7.7,Non,7.0,38.89,Chat,Réclamation,0,0,Vrai,,
TCK20265,2023-02-25,Op008,9.5,0,,47.47,Mail,Facturation,Non,0,Vrai,5.0,
TCK20266,2023-06-24,Op001,8.7,Non,,34.12,Tel,Litige paiement,Non,0,Vrai,10.0,
TCK20267,2023-02-13,Op007,5.6,Non,8.0,14.68,Tel,Réclamation,Oui,0,Vrai,7.0,
TCK20268,2023-08-11,Op002,5.9,Non,10.0,25.59,Tel,Relevé compteur,1,0,Vrai,7.0,
TCK20269,2023-09-05,Op004,6.0,0,6.0,25.31,Réseaux sociaux,Facturation,Non,0,Faux,7.0,
TCK20270,2023-02-25,Op008,3.9,oui,5.0,39.65,Réseaux sociaux,Déménagement,Non,1,Vrai,6.0,
TCK20271,2023-02-15,Op007,5.5,Non,4.0,56.8,Tel,Relevé compteur,Non,0,Faux,,Facturation incorrecte
TCK20272,2023-07-17,Op005,3.0,0,1.0,44.48,Tel,Déménagement,0,0,Vrai,5.0,
TCK20273,2023-01-01,Op005,7.6,0,4.0,27.2,Mail,Litige paiement,Oui,1,Vrai,,
TCK20274,2023-05-25,Op006,5.8,0,9.0,,Chat,Panne compteur,Oui,1,,,
TCK20275,2023-07-29,Op001,6.8,Non,10.0,27.76,TEL,Souscription contrat,0,1,Vrai,,
TCK20276,2023-04-21,Op005,7.3,Non,5.0,36.87,Chat,Déménagement,1,0,Vrai,9.0,
TCK20277,2023-09-20,Op007,5.1,oui,8.0,52.04,Chat,Résiliation,Non,0,Vrai,9.0,
TCK20278,2023-08-25,Op002,4.3,0,7.0,21.85,TEL,Demande d'information,Oui,0,Vrai,,
TCK20279,2023-10-18,Op006,3.9,oui,6.0,32.36,Réseaux sociaux,Résiliation,1,0,Vrai,10.0,
TCK20280,2023-11-18,Op005,5.0,Oui,7.0,37.7,TEL,Réclamation,0,1,Faux,7.0,Facturation incorrecte
TCK20281,2023-07-02,Op005,4.4,1,,,Réseaux sociaux,Changement d'offre,Non,1,Faux,,
TCK20282,2023-01-17,Op005,5.2,Oui,4.0,16.99,Réseaux sociaux,Changement d'offre,1,0,Vrai,8.0,
TCK20283,2023-04-29,Op001,4.9,0,10.0,14.81,TEL,Changement d'offre,Oui,1,Vrai,8.0,
TCK20284,2023-02-20,Op005,5.8,Oui,,37.12,Chat,Relevé compteur,1,0,Vrai,,
TCK20285,2023-09-20,Op003,4.3,oui,4.0,36.37,Chat,Panne compteur,0,0,Vrai,8.0,
TCK20286,2023-02-17,Op005,5.8,0,10.0,20.43,Mail,Déménagement,1,0,,7.0,
TCK20287,2023-12-22,Op001,4.9,1,,43.26,Chat,Demande d'information,Non,0,Vrai,8.0,
TCK20288,2023-05-06,Op005,4.8,0,9.0,,Chat,Litige paiement,0,0,Vrai,7.0,
TCK20289,2023-01-26,Op007,3.2,1,10.0,18.2,Tel,Résiliation,Oui,0,Vrai,4.0,Facturation incorrecte
TCK20290,2023-09-06,Op008,2.9,Non,10.0,33.17,Tel,Changement d'offre,1,0,Faux,5.0,
TCK20291,2023-03-23,Op002,6.4,0,,39.97,TEL,Souscription contrat,0,1,Faux,,
TCK20292,2023-12-12,Op002,5.5,Oui,,,Mail,Litige paiement,0,0,,,
TCK20293,2023-03-13,Op006,3.2,0,8.0,25.13,Réseaux sociaux,Réclamation,Oui,0,Faux,,
TCK20294,2023-08-20,Op003,2.8,oui,9.0,44.41,Réseaux sociaux,Souscription contrat,Oui,0,Vrai,,Délai de traitement
TCK20295,2023-03-15,Op001,5.3,Non,10.0,16.41,Chat,Demande d'information,1,0,Vrai,7.0,
TCK20296,2023-09-03,Op003,1.7,oui,5.0,47.42,Mail,Déménagement,1,1,Faux,7.0,Facturation incorrecte
TCK20297,2023-04-05,Op008,3.7,0,4.0,23.1,Chat,Litige paiement,1,0,Vrai,8.0,
TCK20298,2023-12-27,Op003,5.3,Non,4.0,14.39,Chat,Souscription contrat,1,1,Vrai,,Délai de traitement
TCK20299,2023-12-21,Op006,2.3,1,8.0,29.58,Réseaux sociaux,Déménagement,0,1,Vrai,,
TCK20300,2023-10-09,Op008,6.2,Oui,5.0,41.24,Réseaux sociaux,Changement d'offre,Oui,0,Vrai,7.0,
TCK20301,2023-11-02,Op004,6.8,oui,,24.13,Tel,Réclamation,1,0,Vrai,9.0,
TCK20302,2023-03-18,Op008,3.0,Non,,45.95,Chat,Panne compteur,0,0,Vrai,9.0,
TCK20303,2023-12-02,Op004,4.0,Non,,35.19,Tel,Changement d'offre,Non,0,Faux,6.0,
TCK20304,2023-09-08,Op005,2.7,0,,26.22,Chat,Déménagement,Oui,0,Vrai,,Facturation incorrecte
TCK20305,2023-07-23,Op003,6.0,Oui,6.0,26.71,Chat,Déménagement,1,0,Vrai,8.0,
TCK20306,2023-09-13,Op006,4.6,Non,8.0,35.91,Réseaux sociaux,Litige paiement,0,0,Vrai,9.0,
TCK20307,2023-06-09,Op008,4.5,0,8.0,32.78,Réseaux sociaux,Changement d'offre,1,0,Vrai,,
TCK20308,2023-08-26,Op007,0.6,1,2.0,56.21,Tel,Demande d'information,0,0,Faux,9.0,
TCK20309,2023-03-26,Op007,4.2,1,9.0,11.22,Tel,Litige paiement,1,0,Vrai,,
TCK20310,2023-11-18,Op007,6.9,Non,,20.97,TEL,Demande d'information,1,0,Vrai,9.0,
TCK20311,2023-11-19,Op003,8.5,Oui,6.0,31.44,Tel,Souscription contrat,0,0,Vrai,,
TCK20312,2023-07-15,Op003,6.8,0,8.0,10.04,Chat,Litige paiement,Non,0,Faux,8.0,
TCK20313,2023-12-11,Op006,6.1,1,,56.84,TEL,Demande d'information,0,0,,9.0,
TCK20314,2023-10-20,Op002,3.6,0,7.0,23.17,TEL,Demande d'information,0,1,Vrai,8.0,
TCK20315,2023-01-04,Op001,3.4,Oui,9.0,11.89,TEL,Changement d'offre,0,0,Vrai,,
TCK20316,2023-08-05,Op001,3.2,oui,10.0,15.35,Tel,Demande d'information,1,0,,,
TCK20317,2023-02-22,Op008,3.9,1,,45.97,Réseaux sociaux,Demande d'information,0,0,Vrai,,
TCK20318,2023-02-15,Op001,3.7,1,10.0,11.05,Tel,Litige paiement,0,0,Faux,8.0,
TCK20319,2023-08-27,Op008,5.7,Non,3.0,21.15,Tel,Demande d'information,1,0,Vrai,,
TCK20320,2023-01-02,Op008,1.8,oui,5.0,,Réseaux sociaux,Panne compteur,Non,0,Vrai,,
TCK20321,2023-10-05,Op005,3.8,oui,,35.8,Chat,Déménagement,Oui,0,Vrai,4.0,
TCK20322,2023-11-14,Op003,4.8,Non,,27.72,Chat,Relevé compteur,Oui,0,Vrai,10.0,
TCK20323,2023-08-06,Op002,6.1,Oui,10.0,29.06,Tel,Souscription contrat,1,0,Faux,,
TCK20324,2023-07-16,Op002,7.3,1,4.0,32.58,TEL,Réclamation,0,0,Faux,7.0,
TCK20325,2023-10-18,Op005,3.4,oui,7.0,52.84,Réseaux sociaux,Litige paiement,Non,0,Vrai,,
TCK20326,2023-12-27,Op002,4.2,Oui,7.0,38.03,Chat,Souscription contrat,0,0,Vrai,5.0,
TCK20327,2023-01-07,Op008,5.3,Oui,9.0,14.75,Réseaux sociaux,Résiliation,0,0,Vrai,,
TCK20328,2023-02-05,Op004,3.8,Non,3.0,20.31,Mail,Souscription contrat,1,0,Vrai,,
TCK20329,2023-02-27,Op008,2.1,oui,,53.83,Chat,Déménagement,Oui,0,Faux,8.0,
TCK20330,2023-06-24,Op001,4.2,Oui,,40.28,Chat,Souscription contrat,0,0,Vrai,6.0,
TCK20331,2023-12-01,Op004,2.3,Oui,9.0,44.59,Chat,Facturation,0,0,Faux,,
TCK20332,2023-03-29,Op006,6.2,Oui,7.0,38.42,TEL,Panne compteur,0,0,Vrai,5.0,
TCK20333,2023-03-21,Op008,4.0,oui,8.0,31.98,Mail,Panne compteur,1,0,Vrai,9.0,
TCK20334,2023-03-12,Op002,4.4,Non,9.0,51.04,Réseaux sociaux,Relevé compteur,Oui,0,Vrai,7.0,
TCK20335,2023-10-22,Op003,3.2,Oui,7.0,40.73,Tel,Panne compteur,1,0,Vrai,10.0,
TCK20336,2023-10-24,Op006,4.5,Oui,,15.92,TEL,Réclamation,Oui,0,Vrai,8.0,
TCK20337,2023-03-14,Op006,6.8,1,6.0,10.68,Tel,Réclamation,Non,0,Faux,,
TCK20338,2023-07-04,Op007,6.4,Non,9.0,49.51,Réseaux sociaux,Demande d'information,1,0,Vrai,,
TCK20339,2023-06-08,Op002,2.6,1,6.0,24.79,TEL,Litige paiement,Non,0,Vrai,10.0,
TCK20340,2023-01-13,Op005,0.4,Non,4.0,30.53,Mail,Panne compteur,0,0,Vrai,,
TCK20341,2023-09-13,Op006,4.2,1,9.0,21.57,Réseaux sociaux,Souscription contrat,Non,0,,6.0,
TCK20342,2023-03-26,Op006,4.0,Oui,,12.77,Chat,Panne compteur,0,0,Vrai,,
TCK20343,2023-03-16,Op001,3.9,0,4.0,19.91,Mail,Changement d'offre,1,0,Vrai,6.0,
TCK20344,2023-11-06,Op008,3.5,0,,27.89,Tel,Litige paiement,Oui,0,Vrai,8.0,
TCK20345,2023-10-07,Op003,2.5,0,3.0,10.42,TEL,Réclamation,Oui,0,Vrai,8.0,
TCK20346,2023-12-28,Op002,8.6,oui,5.0,42.69,TEL,Réclamation,0,0,Vrai,5.0,
TCK20347,2023-11-25,Op001,7.9,0,7.0,29.35,Chat,Demande d'information,0,0,Vrai,,
TCK20348,2023-11-02,Op008,3.8,Non,7.0,12.7,TEL,Résiliation,0,0,Vrai,,
TCK20349,2023-01-17,Op001,4.7,oui,10.0,32.86,Réseaux sociaux,Résiliation,1,0,Vrai,7.0,
TCK20350,2023-12-02,Op008,6.3,Non,9.0,15.23,TEL,Facturation,Non,1,Vrai,3.0,
TCK20351,2023-10-04,Op007,4.7,oui,2.0,51.13,Tel,Déménagement,0,0,Vrai,,
TCK20352,2023-01-20,Op008,3.6,0,10.0,,Mail,Litige paiement,0,1,,9.0,
TCK20353,2023-02-24,Op007,2.2,0,,25.83,TEL,Facturation,1,0,Vrai,6.0,
TCK20354,2023-01-31,Op002,2.5,Non,8.0,35.18,Réseaux sociaux,Demande d'information,1,1,Vrai,,
TCK20355,2023-06-28,Op008,3.9,1,,50.08,Mail,Litige paiement,Oui,0,Vrai,,
TCK20356,2023-10-07,Op005,3.7,1,,52.44,Tel,Souscription contrat,1,1,Faux,7.0,
TCK20357,2023-08-31,Op003,0.7,1,2.0,45.3,TEL,Facturation,0,0,Vrai,8.0,
TCK20358,2023-01-13,Op006,1.4,Oui,9.0,54.25,Mail,Demande d'information,0,0,Vrai,8.0,
TCK20359,2023-07-21,Op006,4.4,1,7.0,,TEL,Panne compteur,Oui,0,Faux,1.0,
TCK20360,2023-04-26,Op006,1.9,1,,23.46,Chat,Relevé compteur,Non,0,Vrai,6.0,Facturation incorrecte
TCK20361,2023-09-04,Op007,5.2,Oui,10.0,50.16,Chat,Demande d'information,Oui,0,Faux,,
TCK20362,2023-07-04,Op007,5.0,1,3.0,29.74,Réseaux sociaux,Litige paiement,1,0,Vrai,,Délai de traitement
TCK20363,2023-07-23,Op001,3.8,Non,,34.61,Réseaux sociaux,Résiliation,1,1,Vrai,,
TCK20364,2023-10-17,Op006,4.1,Non,2.0,36.87,Chat,Réclamation,0,0,Vrai,,
TCK20365,2023-11-24,Op008,6.2,oui,2.0,12.46,TEL,Facturation,0,0,Vrai,8.0,
TCK20366,2023-04-25,Op007,3.1,1,10.0,15.69,TEL,Changement d'offre,Non,0,Vrai,6.0,
TCK20367,2023-01-30,Op005,5.1,Non,6.0,30.55,Réseaux sociaux,Litige paiement,Oui,0,Vrai,8.0,
TCK20368,2023-08-20,Op007,6.9,0,5.0,18.92,TEL,Panne compteur,Oui,0,Vrai,9.0,
TCK20369,2023-11-01,Op005,6.2,1,,13.98,Mail,Souscription contrat,Oui,0,Vrai,10.0,
TCK20370,2023-08-26,Op006,3.4,Non,,,Tel,Souscription contrat,Oui,0,Vrai,4.0,
TCK20371,2023-09-06,Op006,5.4,0,7.0,51.09,TEL,Résiliation,Non,1,Vrai,8.0,
TCK20372,2023-05-21,Op002,5.4,oui,3.0,26.86,Chat,Panne compteur,1,0,Vrai,0.0,
TCK20373,2023-04-24,Op003,7.0,oui,4.0,,Tel,Changement d'offre,1,0,Faux,,
TCK20374,2023-11-13,Op008,3.5,Oui,8.0,35.49,Tel,Litige paiement,Non,0,Vrai,,
TCK20375,2023-08-02,Op003,3.9,0,6.0,39.26,Tel,Panne compteur,1,1,Vrai,,
TCK20376,2023-05-30,Op001,3.8,Oui,9.0,,Mail,Souscription contrat,Oui,0,Vrai,,
TCK20377,2023-01-05,Op007,0.5,Oui,,28.18,Réseaux sociaux,Facturation,1,0,Faux,,
TCK20378,2023-03-09,Op002,5.9,Non,9.0,18.2,TEL,Facturation,Oui,1,Vrai,,
TCK20379,2023-10-07,Op002,5.0,0,,29.07,Tel,Facturation,Non,0,Vrai,9.0,
TCK20380,2023-02-26,Op005,5.1,oui,5.0,46.44,Réseaux sociaux,Résiliation,0,0,Vrai,10.0,
TCK20381,2023-03-11,Op006,2.7,oui,6.0,56.6,Tel,Panne compteur,Non,1,Faux,7.0,
TCK20382,2023-11-01,Op007,4.8,1,,12.86,Mail,Panne compteur,0,0,Faux,10.0,
TCK20383,2023-08-27,Op006,3.3,oui,4.0,54.69,Mail,Réclamation,0,0,Vrai,7.0,Délai de traitement
TCK20384,2023-04-02,Op004,8.2,Oui,10.0,51.58,Réseaux sociaux,Changement d'offre,1,0,,6.0,
TCK20385,2023-12-20,Op004,5.1,oui,3.0,17.52,TEL,Relevé compteur,Non,0,Vrai,8.0,
TCK20386,2023-03-27,Op003,3.1,oui,9.0,33.42,Mail,Déménagement,1,1,Faux,9.0,
TCK20387,2023-10-24,Op007,3.8,0,9.0,39.92,Mail,Déménagement,Non,1,Vrai,,
TCK20388,2023-11-30,Op005,4.4,oui,,54.76,Chat,Changement d'offre,1,0,Vrai,4.0,
TCK20389,2023-06-14,Op005,3.7,1,4.0,59.13,Tel,Résiliation,Non,1,Vrai,9.0,
TCK20390,2023-11-22,Op003,2.6,oui,4.0,55.29,Mail,Changement d'offre,Non,0,Vrai,10.0,
TCK20391,2023-09-13,Op005,5.3,oui,8.0,35.81,Chat,Demande d'information,Oui,0,Vrai,,
TCK20392,2023-02-21,Op005,6.0,Non,8.0,45.46,TEL,Réclamation,Oui,0,Vrai,3.0,Comportement agent
TCK20393,2023-03-11,Op004,6.1,1,8.0,20.02,Chat,Relevé compteur,Non,0,Vrai,,
TCK20394,2023-08-01,Op006,5.7,0,8.0,20.99,Mail,Facturation,0,0,Vrai,7.0,
TCK20395,2023-08-27,Op007,2.7,Oui,5.0,31.93,Réseaux sociaux,Changement d'offre,1,1,Vrai,,
TCK20396,2023-09-28,Op002,5.7,0,3.0,32.66,TEL,Réclamation,0,0,Vrai,,Facturation incorrecte
TCK20397,2023-06-22,Op001,5.7,oui,8.0,49.61,Réseaux sociaux,Demande d'information,1,0,Vrai,,
TCK20398,2023-03-03,Op006,5.3,Oui,,21.42,Tel,Facturation,1,0,Faux,0.0,
TCK20399,2023-09-07,Op004,6.3,Non,10.0,23.7,TEL,Réclamation,0,0,Vrai,0.0,
TCK20400,2023-03-30,Op007,3.2,Non,,23.66,Réseaux sociaux,Résiliation,1,1,Vrai,9.0,
TCK20401,2023-11-02,Op008,3.9,Oui,7.0,20.48,Mail,Relevé compteur,Oui,1,Vrai,,
TCK20402,2023-07-15,Op002,6.1,1,4.0,15.22,TEL,Panne compteur,Non,0,Vrai,10.0,
TCK20403,2023-06-10,Op005,4.3,Oui,8.0,46.01,Mail,Litige paiement,Oui,0,Vrai,,
TCK20404,2023-03-24,Op005,3.4,1,4.0,56.13,TEL,Litige paiement,0,0,Faux,,
TCK20405,2023-11-30,Op005,5.0,Non,1.0,38.42,TEL,Déménagement,Non,1,Faux,9.0,
TCK20406,2023-05-24,Op006,6.8,Non,,,Chat,Changement d'offre,Non,0,Vrai,,
TCK20407,2023-04-21,Op004,3.3,oui,7.0,22.87,Tel,Facturation,0,0,Vrai,5.0,
TCK20408,2023-04-04,Op006,4.4,0,9.0,51.97,Mail,Panne compteur,0,0,Vrai,,
TCK20409,2023-01-17,Op002,4.6,Non,5.0,32.41,Réseaux sociaux,Demande d'information,1,0,Vrai,7.0,
TCK20410,2023-05-31,Op003,2.3,Oui,8.0,43.85,Chat,Résiliation,Non,0,Vrai,4.0,
TCK20411,2023-12-17,Op004,5.6,1,5.0,48.61,Tel,Facturation,Oui,0,Vrai,,
TCK20412,2023-08-10,Op003,8.7,0,8.0,32.82,Mail,Panne compteur,Non,1,Vrai,,Facturation incorrecte
TCK20413,2023-08-04,Op008,3.5,oui,10.0,54.7,Chat,Panne compteur,Oui,0,Vrai,3.0,
TCK20414,2023-07-01,Op001,6.7,0,9.0,50.07,Mail,Litige paiement,Oui,0,Vrai,10.0,
TCK20415,2023-02-10,Op007,4.5,1,3.0,30.53,Tel,Panne compteur,Oui,0,Vrai,8.0,
TCK20416,2023-07-18,Op003,3.6,Oui,8.0,51.31,Tel,Résiliation,Non,0,Vrai,6.0,
TCK20417,2023-03-29,Op003,2.0,oui,8.0,21.38,Tel,Résiliation,1,0,Vrai,,Délai de traitement
TCK20418,2023-02-10,Op005,7.0,oui,8.0,27.67,Mail,Facturation,1,0,Vrai,,
TCK20419,2023-08-19,Op008,4.7,0,3.0,42.11,Réseaux sociaux,Demande d'information,1,0,Vrai,,
TCK20420,2023-04-24,Op004,3.7,0,8.0,49.72,Réseaux sociaux,Litige paiement,Non,0,Vrai,3.0,
TCK20421,2023-06-22,Op001,4.0,0,8.0,14.95,Réseaux sociaux,Déménagement,Oui,1,,9.0,Délai de traitement
TCK20422,2023-08-04,Op007,5.7,1,,27.32,Réseaux sociaux,Réclamation,Non,0,Vrai,4.0,
TCK20423,2023-01-08,Op005,3.7,Non,9.0,58.65,Mail,Demande d'information,Non,1,Vrai,,
TCK20424,2023-09-20,Op008,2.8,Oui,7.0,45.38,Tel,Déménagement,0,0,Vrai,9.0,
TCK20425,2023-09-17,Op004,4.3,oui,2.0,11.56,Réseaux sociaux,Déménagement,0,1,Vrai,10.0,
TCK20426,2023-07-05,Op008,4.2,0,5.0,,TEL,Relevé compteur,Non,0,Vrai,9.0,
TCK20427,2023-02-14,Op006,4.2,Non,9.0,58.01,Tel,Relevé compteur,Non,0,Vrai,9.0,
TCK20428,2023-02-12,Op008,6.3,1,6.0,29.88,Réseaux sociaux,Relevé compteur,0,0,Vrai,,
TCK20429,2023-07-09,Op002,5.6,Oui,,26.82,Réseaux sociaux,Demande d'information,1,0,Vrai,9.0,
TCK20430,2023-05-09,Op004,4.3,0,5.0,37.59,Mail,Réclamation,1,0,Vrai,8.0,
TCK20431,2023-08-31,Op005,1.6,oui,10.0,41.59,Chat,Changement d'offre,Oui,0,Vrai,8.0,
TCK20432,2023-03-14,Op002,4.5,oui,5.0,26.67,TEL,Litige paiement,0,1,Vrai,8.0,
TCK20433,2023-09-08,Op008,3.9,1,,32.46,Mail,Panne compteur,Oui,1,Vrai,8.0,
TCK20434,2023-12-06,Op007,1.4,1,9.0,30.74,Mail,Litige paiement,Non,0,Vrai,2.0,
TCK20435,2023-03-26,Op006,7.9,Non,9.0,46.64,Mail,Réclamation,1,1,Vrai,,
TCK20436,2023-11-14,Op008,6.1,0,4.0,22.5,Tel,Relevé compteur,Non,0,Faux,4.0,Comportement agent
TCK20437,2023-08-14,Op008,5.4,0,,,TEL,Réclamation,0,0,Faux,,
TCK20438,2023-12-27,Op001,7.0,Oui,,28.49,TEL,Résiliation,Oui,0,Vrai,,Facturation incorrecte
TCK20439,2023-09-06,Op004,7.7,Non,,34.3,Tel,Relevé compteur,Non,0,Faux,5.0,Délai de traitement
TCK20440,2023-05-17,Op008,3.0,oui,9.0,20.69,TEL,Changement d'offre,Oui,0,Vrai,9.0,
TCK20441,2023-07-02,Op008,3.7,oui,5.0,15.28,Tel,Changement d'offre,Oui,0,Vrai,,
TCK20442,2023-04-01,Op004,6.5,oui,2.0,57.53,Mail,Souscription contrat,Non,0,,,
TCK20443,2023-12-05,Op005,6.8,Non,7.0,46.48,Chat,Facturation,0,0,Faux,4.0,
TCK20444,2023-03-28,Op001,4.2,0,4.0,39.29,Mail,Résiliation,Oui,1,Vrai,9.0,
TCK20445,2023-12-31,Op007,6.5,Oui,5.0,58.8,TEL,Souscription contrat,Non,1,Faux,,
TCK20446,2023-07-23,Op002,6.1,Non,9.0,14.15,Réseaux sociaux,Souscription contrat,1,0,,8.0,
TCK20447,2023-02-04,Op005,4.6,Non,3.0,19.55,TEL,Résiliation,Oui,0,Faux,10.0,
TCK20448,2023-05-06,Op002,8.2,Non,,,Chat,Déménagement,1,0,,6.0,
TCK20449,2023-12-13,Op008,1.9,Oui,10.0,50.81,Mail,Changement d'offre,0,0,Vrai,6.0,
TCK20450,2023-11-17,Op008,2.2,Oui,5.0,34.74,Réseaux sociaux,Souscription contrat,1,0,Faux,,
TCK20451,2023-05-31,Op003,5.3,oui,3.0,47.12,Mail,Changement d'offre,Oui,0,Vrai,,
TCK20452,2023-06-22,Op001,4.5,0,8.0,25.26,Mail,Réclamation,1,0,Vrai,8.0,
TCK20453,2023-08-03,Op006,7.3,Oui,8.0,58.69,Chat,Demande d'information,Non,1,Vrai,5.0,
TCK20454,2023-09-17,Op007,2.8,Non,,24.02,TEL,Demande d'information,Non,0,Vrai,2.0,
TCK20455,2023-10-30,Op004,7.6,oui,9.0,46.56,Réseaux sociaux,Facturation,Non,0,Vrai,9.0,
TCK20456,2023-03-24,Op005,3.3,1,9.0,36.49,Chat,Résiliation,1,0,Vrai,9.0,
TCK20457,2023-01-21,Op007,3.6,1,,24.5,Chat,Déménagement,1,0,Faux,,
TCK20458,2023-06-05,Op008,2.9,1,7.0,42.75,Mail,Déménagement,0,1,Vrai,5.0,
TCK20459,2023-12-17,Op004,5.0,0,,24.16,Réseaux sociaux,Litige paiement,Oui,0,Vrai,,
TCK20460,2023-06-16,Op004,5.8,Oui,7.0,40.43,Chat,Résiliation,1,0,Vrai,6.0,Comportement agent
TCK20461,2023-07-09,Op001,3.2,1,6.0,58.55,Mail,Demande d'information,1,0,Faux,,
TCK20462,2023-08-16,Op004,7.2,Oui,9.0,13.18,Réseaux sociaux,Relevé compteur,0,1,Vrai,9.0,
TCK20463,2023-10-12,Op003,2.6,oui,,,Mail,Réclamation,Oui,0,Faux,,
TCK20464,2023-11-19,Op008,5.3,oui,9.0,36.95,Réseaux sociaux,Déménagement,0,0,Faux,7.0,
TCK20465,2023-04-14,Op004,4.3,oui,7.0,24.39,Réseaux sociaux,Litige paiement,0,0,Faux,,
TCK20466,2023-09-20,Op002,5.2,0,,42.24,TEL,Panne compteur,Non,0,Vrai,2.0,
TCK20467,2023-11-22,Op004,3.3,0,9.0,28.7,Chat,Souscription contrat,1,0,Vrai,10.0,Facturation incorrecte
TCK20468,2023-11-02,Op007,5.4,Oui,,26.05,Mail,Déménagement,Oui,1,Vrai,,
TCK20469,2023-11-20,Op007,4.1,Non,,22.61,Réseaux sociaux,Changement d'offre,Non,0,Vrai,9.0,
TCK20470,2023-12-26,Op008,6.8,Oui,4.0,15.16,Chat,Déménagement,Non,0,Vrai,5.0,
TCK20471,2023-04-22,Op001,4.7,1,9.0,,Réseaux sociaux,Souscription contrat,Oui,1,Vrai,7.0,
TCK20472,2023-10-12,Op008,5.5,0,8.0,29.25,Chat,Déménagement,1,0,Faux,5.0,
TCK20473,2023-06-04,Op001,3.0,0,8.0,30.11,Chat,Changement d'offre,Non,0,Vrai,,
TCK20474,2023-12-05,Op006,4.1,Oui,6.0,34.05,Chat,Résiliation,Oui,0,Faux,10.0,
TCK20475,2023-09-19,Op007,2.7,0,,28.82,Chat,Demande d'information,1,0,Vrai,1.0,
TCK20476,2023-08-28,Op004,3.6,1,9.0,44.28,Chat,Demande d'information,0,0,Faux,8.0,
TCK20477,2023-09-07,Op008,4.2,oui,9.0,31.81,Mail,Souscription contrat,Non,0,Faux,5.0,Erreur technique
TCK20478,2023-05-04,Op004,5.4,Oui,9.0,50.13,Chat,Facturation,Non,0,Faux,5.0,
TCK20479,2023-12-21,Op007,3.6,oui,9.0,,Chat,Panne compteur,Oui,0,Faux,,
TCK20480,2023-08-11,Op002,1.1,Non,,41.9,Tel,Facturation,1,0,Faux,,Délai de traitement
TCK20481,2023-07-07,Op006,4.3,oui,9.0,24.41,Mail,Réclamation,Oui,0,,7.0,
TCK20482,2023-06-05,Op005,5.9,1,7.0,12.02,TEL,Déménagement,Oui,0,Faux,,
TCK20483,2023-01-27,Op004,2.9,oui,9.0,14.74,Tel,Changement d'offre,1,0,Vrai,,
TCK20484,2023-01-07,Op007,3.1,Non,5.0,22.05,Mail,Litige paiement,Non,0,Vrai,5.0,
TCK20485,2023-04-08,Op001,3.7,0,9.0,56.81,Mail,Panne compteur,Oui,0,Vrai,,
TCK20486,2023-10-25,Op007,0.4,Non,,53.67,Mail,Litige paiement,Oui,1,Vrai,3.0,
TCK20487,2023-01-27,Op004,5.1,Oui,6.0,29.75,Chat,Litige paiement,Oui,0,Vrai,7.0,Facturation incorrecte
TCK20488,2023-02-04,Op005,2.5,1,5.0,28.89,Réseaux sociaux,Demande d'information,Oui,0,Vrai,9.0,
TCK20489,2023-01-27,Op006,3.4,1,8.0,25.83,Chat,Relevé compteur,Non,1,Vrai,,
TCK20490,2023-07-20,Op001,2.4,oui,8.0,38.86,Tel,Demande d'information,1,0,Vrai,,
TCK20491,2023-04-24,Op006,6.3,Oui,10.0,13.29,Réseaux sociaux,Facturation,Oui,1,Vrai,10.0,
TCK20492,2023-07-10,Op008,3.8,0,9.0,56.85,Réseaux sociaux,Déménagement,0,0,Faux,7.0,
TCK20493,2023-10-18,Op001,2.2,Non,6.0,28.86,TEL,Relevé compteur,1,0,Vrai,,
TCK20494,2023-02-06,Op005,2.3,Non,10.0,16.35,Tel,Panne compteur,1,1,Vrai,6.0,
TCK20495,2023-04-09,Op002,6.0,Non,5.0,,TEL,Résiliation,1,0,Vrai,9.0,Facturation incorrecte
TCK20496,2023-01-07,Op004,4.2,1,,17.88,Mail,Litige paiement,Non,0,Vrai,8.0,Délai de traitement
TCK20497,2023-10-10,Op007,3.9,0,3.0,18.7,Chat,Litige paiement,1,1,Vrai,5.0,
TCK20498,2023-12-25,Op004,0.8,oui,9.0,35.33,Tel,Panne compteur,Oui,0,Vrai,,Comportement agent
TCK20499,2023-08-21,Op002,6.3,oui,,38.14,Chat,Déménagement,1,0,Faux,,
TCK20500,2023-12-09,Op002,2.5,1,8.0,46.67,TEL,Demande d'information,Oui,1,Vrai,,Facturation incorrecte
TCK20501,2023-08-01,Op003,2.6,0,9.0,53.56,Chat,Demande d'information,0,0,Vrai,9.0,
TCK20502,2023-08-06,Op007,4.0,1,,37.57,Tel,Souscription contrat,0,0,Faux,7.0,
TCK20503,2023-02-22,Op007,5.9,Non,8.0,27.98,Chat,Déménagement,1,0,Vrai,,
TCK20504,2023-04-30,Op007,4.9,Non,9.0,,Chat,Résiliation,0,1,Vrai,4.0,Comportement agent
TCK20505,2023-06-26,Op007,2.7,Oui,,36.26,Mail,Changement d'offre,Oui,0,Vrai,,
TCK20506,2023-08-17,Op003,4.1,Non,10.0,49.85,Tel,Changement d'offre,Non,1,Vrai,5.0,
TCK20507,2023-06-27,Op006,2.0,oui,,39.52,Mail,Panne compteur,0,0,Faux,,
TCK20508,2023-09-28,Op008,4.7,1,3.0,45.14,TEL,Changement d'offre,0,0,Vrai,8.0,
TCK20509,2023-09-06,Op001,2.9,0,,49.64,Chat,Souscription contrat,Oui,1,Vrai,7.0,
TCK20510,2023-10-27,Op003,2.7,1,,45.51,Réseaux sociaux,Résiliation,Oui,0,Vrai,,
TCK20511,2023-08-20,Op001,5.2,0,,43.87,Chat,Résiliation,0,0,,1.0,
TCK20512,2023-07-15,Op002,4.4,1,10.0,26.65,Chat,Panne compteur,Oui,0,Vrai,,
TCK20513,2023-01-04,Op002,3.9,Non,10.0,43.47,Tel,Déménagement,1,0,Vrai,5.0,Délai de traitement
TCK20514,2023-06-26,Op002,5.3,1,5.0,55.66,Chat,Demande d'information,0,0,Faux,2.0,
TCK20515,2023-03-31,Op007,2.0,0,,49.89,TEL,Réclamation,0,0,Vrai,,
TCK20516,2023-03-13,Op008,6.4,Non,5.0,,TEL,Déménagement,1,0,Vrai,,
TCK20517,2023-06-24,Op001,4.0,Non,1.0,22.59,Chat,Demande d'information,1,0,Vrai,,
TCK20518,2023-04-19,Op001,4.6,Oui,10.0,49.68,Mail,Changement d'offre,0,1,Faux,9.0,
TCK20519,2023-01-31,Op005,4.9,Non,10.0,14.28,Chat,Déménagement,1,0,Vrai,,
TCK20520,2023-12-03,Op006,5.5,1,4.0,11.1,Chat,Résiliation,Non,0,Faux,5.0,
TCK20521,2023-06-27,Op007,3.2,1,4.0,50.84,Tel,Facturation,Non,1,Vrai,8.0,
TCK20522,2023-12-24,Op004,6.8,Oui,4.0,44.8,Tel,Déménagement,1,0,Vrai,,Comportement agent
TCK20523,2023-03-22,Op006,1.7,1,3.0,,Réseaux sociaux,Souscription contrat,0,1,Vrai,,
TCK20524,2023-11-12,Op004,3.1,oui,8.0,13.48,Chat,Litige paiement,0,1,Vrai,,
TCK20525,2023-11-02,Op005,3.9,oui,8.0,39.45,Tel,Souscription contrat,Oui,0,Vrai,9.0,
TCK20526,2023-08-21,Op001,7.5,Non,1.0,35.49,Tel,Résiliation,0,0,,5.0,
TCK20527,2023-11-25,Op005,4.8,Non,8.0,31.12,Chat,Réclamation,Oui,0,Vrai,10.0,
TCK20528,2023-11-13,Op007,3.9,oui,5.0,26.78,Mail,Demande d'information,Oui,0,Vrai,8.0,
TCK20529,2023-06-23,Op003,4.4,Oui,9.0,58.8,Chat,Relevé compteur,Non,0,Vrai,,
TCK20530,2023-11-24,Op003,3.8,1,,39.39,Chat,Relevé compteur,1,1,Vrai,1.0,
TCK20531,2023-01-11,Op003,6.0,Non,5.0,52.36,Chat,Demande d'information,1,1,Faux,10.0,
TCK20532,2023-03-20,Op006,3.9,1,,13.73,Réseaux sociaux,Résiliation,0,0,,8.0,
TCK20533,2023-09-01,Op002,4.4,1,7.0,35.52,TEL,Relevé compteur,Non,0,Vrai,,
TCK20534,2023-02-10,Op002,5.5,1,5.0,40.88,TEL,Réclamation,0,0,Vrai,7.0,
TCK20535,2023-05-18,Op007,5.3,oui,7.0,42.22,TEL,Résiliation,1,1,Faux,5.0,
TCK20536,2023-04-01,Op004,3.3,oui,8.0,45.43,Réseaux sociaux,Litige paiement,Non,0,Faux,0.0,
TCK20537,2023-04-21,Op006,6.0,0,,20.74,Tel,Déménagement,Non,0,,8.0,
TCK20538,2023-10-15,Op007,3.6,0,,30.92,TEL,Déménagement,0,0,,,
TCK20539,2023-11-18,Op005,2.7,oui,,35.43,Réseaux sociaux,Panne compteur,0,0,Vrai,,
TCK20540,2023-05-29,Op002,1.3,1,9.0,11.46,TEL,Relevé compteur,0,0,Faux,7.0,
TCK20541,2023-08-31,Op001,4.2,Non,,40.26,Réseaux sociaux,Relevé compteur,Non,0,,10.0,
TCK20542,2023-04-19,Op002,1.7,Oui,,,Réseaux sociaux,Demande d'information,1,0,Vrai,7.0,
TCK20543,2023-07-26,Op006,3.0,1,5.0,53.35,Réseaux sociaux,Changement d'offre,1,0,,,
TCK20544,2023-08-25,Op006,5.6,oui,9.0,34.75,TEL,Demande d'information,Non,0,Vrai,,
TCK20545,2023-05-11,Op003,5.3,Non,9.0,16.55,Mail,Panne compteur,0,0,Faux,5.0,
TCK20546,2023-11-26,Op001,2.7,oui,2.0,,Chat,Facturation,1,0,Faux,5.0,
TCK20547,2023-01-31,Op006,5.7,Oui,10.0,32.06,Réseaux sociaux,Réclamation,0,0,Vrai,,
TCK20548,2023-04-04,Op003,4.3,0,6.0,47.22,Mail,Déménagement,0,0,Vrai,5.0,
TCK20549,2023-03-06,Op005,6.5,Oui,5.0,40.97,Chat,Souscription contrat,Oui,0,Faux,,
TCK20550,2023-07-24,Op006,4.0,Non,,49.29,TEL,Souscription contrat,1,0,Vrai,6.0,
TCK20551,2023-07-16,Op007,6.9,Oui,,33.12,TEL,Facturation,Non,1,Vrai,9.0,
TCK20552,2023-11-07,Op007,4.5,Non,,33.13,Chat,Déménagement,1,1,Vrai,5.0,
TCK20553,2023-12-10,Op006,5.8,Non,9.0,,Réseaux sociaux,Facturation,Oui,0,Vrai,,
TCK20554,2023-04-03,Op006,5.5,Non,9.0,,Tel,Demande d'information,0,0,Vrai,,
TCK20555,2023-07-15,Op007,5.4,1,7.0,37.72,Mail,Résiliation,1,0,Vrai,9.0,
TCK20556,2023-10-04,Op005,4.3,Non,10.0,58.4,Chat,Réclamation,0,1,Faux,,
TCK20557,2023-12-01,Op005,2.1,oui,5.0,47.65,Chat,Résiliation,Non,0,Vrai,9.0,
TCK20558,2023-04-11,Op006,8.4,Oui,8.0,51.5,TEL,Souscription contrat,0,1,Vrai,8.0,
TCK20559,2023-04-06,Op008,3.7,oui,10.0,12.46,Réseaux sociaux,Demande d'information,Non,0,Vrai,4.0,
TCK20560,2023-12-09,Op008,4.8,Oui,4.0,,Réseaux sociaux,Réclamation,1,1,Faux,,
TCK20561,2023-05-24,Op001,6.6,Non,,19.87,Tel,Changement d'offre,Oui,1,Vrai,,Délai de traitement
TCK20562,2023-11-30,Op005,2.4,oui,5.0,,Chat,Souscription contrat,Non,0,Vrai,,Facturation incorrecte
TCK20563,2023-03-27,Op008,2.8,Non,7.0,36.54,Chat,Demande d'information,Oui,0,Vrai,,
TCK20564,2023-08-10,Op008,4.0,1,10.0,21.67,Réseaux sociaux,Déménagement,Non,0,Vrai,,
TCK20565,2023-03-09,Op008,4.9,oui,10.0,32.67,TEL,Souscription contrat,1,0,Vrai,9.0,
TCK20566,2023-03-03,Op007,7.4,Oui,9.0,32.37,TEL,Demande d'information,1,0,Vrai,6.0,
TCK20567,2023-01-22,Op004,4.7,oui,,49.49,Mail,Relevé compteur,1,0,Vrai,6.0,
TCK20568,2023-10-17,Op006,2.9,0,,17.82,TEL,Relevé compteur,Non,1,,,
TCK20569,2023-06-22,Op008,5.0,oui,,31.85,Tel,Relevé compteur,1,0,Faux,4.0,
TCK20570,2023-09-05,Op002,7.1,Oui,6.0,39.04,Mail,Résiliation,Oui,0,Faux,,
TCK20571,2023-03-13,Op003,3.4,Oui,6.0,,Mail,Résiliation,Oui,0,Vrai,10.0,
TCK20572,2023-02-04,Op002,2.4,Oui,5.0,21.34,TEL,Changement d'offre,Non,0,Vrai,9.0,
TCK20573,2023-10-10,Op008,3.8,0,,38.78,Mail,Relevé compteur,1,0,Vrai,,
TCK20574,2023-07-28,Op006,5.4,Oui,10.0,18.53,Réseaux sociaux,Demande d'information,Non,0,Vrai,,
TCK20575,2023-02-03,Op005,0.3,oui,,43.15,Tel,Déménagement,Non,1,Vrai,4.0,
TCK20576,2023-01-03,Op005,3.7,Non,3.0,34.58,Chat,Panne compteur,1,0,Vrai,5.0,
TCK20577,2023-04-10,Op001,5.7,1,,58.78,Chat,Déménagement,Oui,1,Vrai,,
TCK20578,2023-10-30,Op003,6.2,oui,10.0,,TEL,Réclamation,Oui,0,Vrai,5.0,
TCK20579,2023-04-20,Op007,1.4,Non,4.0,14.51,Chat,Panne compteur,Non,0,Vrai,9.0,Comportement agent
TCK20580,2023-06-13,Op008,3.1,1,7.0,57.96,Mail,Souscription contrat,Non,0,Vrai,,
TCK20581,2023-10-01,Op004,4.9,oui,,45.78,Réseaux sociaux,Litige paiement,1,0,Vrai,,
TCK20582,2023-07-30,Op005,5.7,0,7.0,39.49,TEL,Facturation,1,0,Faux,,Facturation incorrecte
TCK20583,2023-09-24,Op006,6.2,Oui,5.0,32.5,Tel,Facturation,1,0,Vrai,,
TCK20584,2023-06-22,Op007,5.9,oui,9.0,39.17,Chat,Facturation,1,0,Vrai,7.0,
TCK20585,2023-09-11,Op007,4.5,0,9.0,36.92,TEL,Souscription contrat,Non,0,Vrai,,
TCK20586,2023-12-18,Op008,1.9,Oui,,10.19,TEL,Résiliation,Oui,0,Faux,8.0,
TCK20587,2023-11-28,Op005,4.1,0,1.0,22.08,Tel,Souscription contrat,0,0,Vrai,,
TCK20588,2023-03-30,Op005,0.2,Oui,4.0,32.42,Chat,Réclamation,Oui,0,Vrai,8.0,
TCK20589,2023-10-16,Op007,4.8,Non,,59.03,Tel,Panne compteur,Non,0,Vrai,7.0,
TCK20590,2023-02-01,Op005,3.3,Oui,5.0,16.68,Tel,Résiliation,1,0,Vrai,9.0,
TCK20591,2023-02-24,Op007,0.8,0,7.0,12.4,TEL,Souscription contrat,1,0,Vrai,8.0,
TCK20592,2023-02-06,Op002,5.2,oui,8.0,48.04,Chat,Réclamation,Oui,1,Vrai,,
TCK20593,2023-08-25,Op003,7.1,Oui,,17.49,Mail,Relevé compteur,0,1,,0.0,
TCK20594,2023-05-20,Op005,1.7,Oui,10.0,21.4,Tel,Déménagement,1,1,Vrai,9.0,
TCK20595,2023-07-12,Op004,5.3,0,10.0,10.58,TEL,Déménagement,0,0,Vrai,,
TCK20596,2023-01-27,Op005,3.8,0,,15.84,Réseaux sociaux,Panne compteur,0,0,Vrai,5.0,
TCK20597,2023-05-23,Op002,3.1,0,8.0,59.29,Chat,Changement d'offre,1,0,Faux,,
TCK20598,2023-09-25,Op001,3.1,1,,19.95,Chat,Déménagement,Non,0,Vrai,,
TCK20599,2023-07-05,Op006,3.8,Non,8.0,39.39,Mail,Résiliation,Oui,0,Vrai,,
TCK20600,2023-09-22,Op007,3.8,Oui,10.0,42.04,TEL,Résiliation,1,0,Vrai,3.0,
TCK20601,2023-12-07,Op008,4.4,oui,6.0,30.7,Tel,Panne compteur,0,0,Vrai,7.0,
TCK20602,2023-05-24,Op001,3.0,Oui,,42.7,Chat,Litige paiement,Oui,0,Faux,,
TCK20603,2023-06-05,Op001,3.3,1,10.0,30.81,Chat,Changement d'offre,Non,1,Vrai,3.0,
TCK20604,2023-01-29,Op003,5.5,0,9.0,38.25,Mail,Relevé compteur,1,0,Faux,5.0,
TCK20605,2023-09-25,Op007,2.8,1,9.0,52.93,Réseaux sociaux,Déménagement,Non,1,Vrai,9.0,Délai de traitement
TCK20606,2023-02-04,Op008,5.0,0,9.0,43.68,TEL,Réclamation,0,0,Vrai,8.0,
TCK20607,2023-11-11,Op008,3.9,oui,5.0,15.75,Tel,Souscription contrat,Oui,0,Vrai,,
TCK20608,2023-01-20,Op008,3.5,1,1.0,57.25,Chat,Réclamation,1,0,,,Comportement agent
TCK20609,2023-09-30,Op007,7.8,0,9.0,17.08,Tel,Panne compteur,0,0,Vrai,10.0,
TCK20610,2023-05-23,Op002,2.2,1,1.0,57.84,TEL,Litige paiement,Oui,0,,10.0,
TCK20611,2023-02-08,Op005,7.3,Oui,6.0,26.5,Réseaux sociaux,Résiliation,Oui,0,Faux,9.0,
TCK20612,2023-04-27,Op004,6.0,Oui,9.0,59.78,Chat,Réclamation,Oui,0,Vrai,7.0,
TCK20613,2023-02-02,Op001,3.4,oui,,22.63,Réseaux sociaux,Panne compteur,Non,0,Vrai,,
TCK20614,2023-01-02,Op002,6.1,oui,,24.75,TEL,Réclamation,Non,0,Vrai,10.0,
TCK20615,2023-01-21,Op004,0.4,1,,10.76,Réseaux sociaux,Souscription contrat,1,1,,2.0,
TCK20616,2023-06-27,Op008,3.2,oui,4.0,,Tel,Réclamation,Oui,0,Vrai,,
TCK20617,2023-05-02,Op001,2.8,1,,32.18,Réseaux sociaux,Souscription contrat,0,1,Vrai,10.0,
TCK20618,2023-10-15,Op004,4.7,oui,8.0,45.25,Tel,Résiliation,Non,0,Vrai,,
TCK20619,2023-01-03,Op004,4.3,Non,4.0,14.26,Mail,Souscription contrat,0,0,Faux,8.0,
TCK20620,2023-11-10,Op005,6.9,0,9.0,57.81,Mail,Réclamation,1,0,Vrai,9.0,Comportement agent
TCK20621,2023-11-06,Op001,6.8,0,9.0,10.15,Chat,Relevé compteur,Oui,0,Vrai,8.0,
TCK20622,2023-07-07,Op002,4.8,oui,6.0,56.61,Chat,Relevé compteur,0,0,Vrai,8.0,
TCK20623,2023-03-15,Op003,4.3,oui,,46.03,Tel,Litige paiement,Non,0,Vrai,,
TCK20624,2023-10-14,Op008,4.0,0,9.0,35.69,Mail,Déménagement,Non,0,Vrai,0.0,
TCK20625,2023-10-02,Op008,4.8,Non,,21.58,Tel,Relevé compteur,Non,0,Vrai,,Délai de traitement
TCK20626,2023-06-19,Op001,5.4,1,,16.75,Mail,Panne compteur,Non,0,Faux,10.0,
TCK20627,2023-06-12,Op002,3.6,1,6.0,33.43,Tel,Résiliation,0,0,Vrai,,
TCK20628,2023-08-09,Op007,2.2,1,,25.81,Réseaux sociaux,Facturation,1,0,Faux,10.0,
TCK20629,2023-08-26,Op001,4.9,Oui,5.0,31.22,Mail,Souscription contrat,Non,0,Vrai,8.0,
TCK20630,2023-06-21,Op003,2.5,oui,9.0,58.61,Mail,Demande d'information,1,0,Vrai,,
TCK20631,2023-08-26,Op002,2.8,Oui,5.0,,Mail,Panne compteur,Oui,0,Vrai,,
TCK20632,2023-12-18,Op006,5.4,1,10.0,10.02,Mail,Souscription contrat,0,0,Vrai,,
TCK20633,2023-02-03,Op004,3.2,0,,39.81,TEL,Litige paiement,0,0,Vrai,8.0,
TCK20634,2023-09-12,Op004,4.1,Non,,19.28,TEL,Réclamation,Oui,0,Vrai,3.0,
TCK20635,2023-03-15,Op005,5.3,1,9.0,42.58,TEL,Litige paiement,1,0,Vrai,0.0,
TCK20636,2023-09-26,Op004,6.3,Oui,3.0,25.97,Chat,Relevé compteur,Oui,0,Vrai,10.0,
TCK20637,2023-05-18,Op005,6.5,1,,22.61,Mail,Litige paiement,Oui,0,Vrai,,
TCK20638,2023-10-27,Op004,6.6,oui,5.0,32.62,Tel,Souscription contrat,0,1,,,Comportement agent
TCK20639,2023-11-27,Op006,4.2,Oui,9.0,,Chat,Panne compteur,Non,0,Vrai,0.0,
TCK20640,2023-08-20,Op008,2.4,0,9.0,31.32,Mail,Souscription contrat,0,0,Vrai,8.0,
TCK20641,2023-09-18,Op005,4.0,Non,9.0,36.87,TEL,Réclamation,Non,0,Vrai,4.0,
TCK20642,2023-04-17,Op003,4.4,Non,5.0,49.07,Chat,Réclamation,0,0,Vrai,4.0,
TCK20643,2023-10-08,Op006,3.8,oui,10.0,44.0,Chat,Demande d'information,Non,0,Vrai,,
TCK20644,2023-02-10,Op003,5.8,1,4.0,10.9,TEL,Litige paiement,0,0,Vrai,9.0,
TCK20645,2023-02-26,Op003,4.9,1,10.0,37.85,Tel,Changement d'offre,Non,0,Vrai,,
TCK20646,2023-04-06,Op005,4.9,1,5.0,26.19,Réseaux sociaux,Demande d'information,Non,1,Vrai,,
TCK20647,2023-08-01,Op008,7.1,Non,3.0,16.81,Réseaux sociaux,Réclamation,Oui,0,Faux,5.0,
TCK20648,2023-08-07,Op005,4.4,1,10.0,53.91,TEL,Facturation,0,0,Vrai,,
TCK20649,2023-04-08,Op003,6.3,0,,39.29,Tel,Déménagement,0,0,Vrai,6.0,
TCK20650,2023-08-13,Op003,6.4,oui,5.0,42.96,Réseaux sociaux,Relevé compteur,Oui,0,Vrai,,
TCK20651,2023-12-30,Op001,5.6,Oui,8.0,29.9,Chat,Résiliation,0,0,Vrai,,
TCK20652,2023-02-09,Op002,7.0,oui,10.0,28.68,Tel,Litige paiement,0,1,,6.0,
TCK20653,2023-10-05,Op004,4.6,oui,8.0,29.41,TEL,Déménagement,1,0,Vrai,5.0,
TCK20654,2023-02-17,Op005,5.0,0,3.0,30.66,Chat,Déménagement,1,0,Faux,3.0,
TCK20655,2023-06-15,Op001,3.2,0,10.0,30.28,Réseaux sociaux,Relevé compteur,1,0,,9.0,
TCK20656,2023-06-28,Op001,3.7,Non,,39.69,Réseaux sociaux,Résiliation,0,0,Faux,,
TCK20657,2023-06-28,Op003,4.9,1,5.0,48.6,TEL,Réclamation,Oui,0,Vrai,8.0,
TCK20658,2023-11-22,Op005,3.8,0,,54.87,TEL,Réclamation,1,1,,,
TCK20659,2023-08-16,Op005,5.2,Non,7.0,42.81,Tel,Changement d'offre,0,0,Vrai,3.0,
TCK20660,2023-12-06,Op004,4.4,Non,,37.1,Mail,Résiliation,0,0,Vrai,5.0,
TCK20661,2023-07-08,Op008,6.4,oui,,55.95,Tel,Facturation,1,1,Vrai,,
TCK20662,2023-07-15,Op003,4.3,1,,23.72,Mail,Réclamation,1,0,Vrai,,
TCK20663,2023-04-26,Op002,6.2,1,4.0,29.66,TEL,Facturation,1,0,Vrai,9.0,
TCK20664,2023-12-20,Op004,1.8,Oui,,23.43,TEL,Souscription contrat,0,0,Vrai,8.0,
TCK20665,2023-11-23,Op006,3.1,Oui,7.0,53.05,Mail,Litige paiement,Oui,0,Faux,5.0,Délai de traitement
TCK20666,2023-04-01,Op004,4.9,Non,5.0,18.64,Réseaux sociaux,Facturation,1,0,Faux,5.0,
TCK20667,2023-09-07,Op001,3.6,Oui,8.0,27.23,Chat,Réclamation,Non,1,Vrai,,
TCK20668,2023-07-18,Op003,4.3,0,8.0,48.42,TEL,Déménagement,1,0,Vrai,9.0,
TCK20669,2023-01-06,Op006,4.2,0,,54.25,TEL,Souscription contrat,0,0,Vrai,4.0,
TCK20670,2023-04-23,Op006,4.1,oui,1.0,33.52,Mail,Résiliation,Non,0,,,
TCK20671,2023-11-19,Op007,1.8,oui,10.0,53.68,Réseaux sociaux,Demande d'information,Non,0,Vrai,,
TCK20672,2023-07-15,Op005,4.6,Non,8.0,43.54,TEL,Déménagement,0,0,Vrai,3.0,
TCK20673,2023-06-29,Op001,7.4,oui,8.0,52.37,Mail,Réclamation,Oui,0,Vrai,5.0,
TCK20674,2023-04-30,Op005,4.5,oui,3.0,55.36,TEL,Souscription contrat,Non,0,Vrai,,
TCK20675,2023-09-17,Op004,4.5,1,9.0,47.02,Mail,Souscription contrat,1,0,Vrai,5.0,Comportement agent
TCK20676,2023-08-20,Op002,7.6,Oui,8.0,27.39,Réseaux sociaux,Résiliation,Non,1,Vrai,,
TCK20677,2023-11-17,Op002,9.0,oui,9.0,,Tel,Facturation,1,0,Vrai,,
TCK20678,2023-03-28,Op002,8.3,1,5.0,30.92,Tel,Panne compteur,1,0,Faux,,
TCK20679,2023-02-25,Op006,5.0,oui,,45.71,Réseaux sociaux,Changement d'offre,0,0,Vrai,9.0,
TCK20680,2023-07-13,Op002,4.4,oui,10.0,32.58,Réseaux sociaux,Litige paiement,1,0,Vrai,,
TCK20681,2023-07-23,Op006,4.6,oui,8.0,30.4,TEL,Panne compteur,Oui,0,Vrai,,
TCK20682,2023-11-08,Op001,2.5,oui,7.0,42.01,Mail,Relevé compteur,Oui,0,Vrai,,
TCK20683,2023-10-06,Op002,6.0,Non,8.0,53.87,Tel,Relevé compteur,0,0,,,
TCK20684,2023-09-15,Op007,6.0,0,,59.66,TEL,Relevé compteur,Oui,0,Vrai,8.0,
TCK20685,2023-08-26,Op008,4.2,0,10.0,15.3,TEL,Facturation,1,0,Vrai,9.0,
TCK20686,2023-12-02,Op004,6.7,0,,11.02,Chat,Changement d'offre,Oui,0,Faux,9.0,
TCK20687,2023-07-27,Op006,4.5,0,7.0,40.22,Chat,Réclamation,Non,1,Vrai,5.0,
TCK20688,2023-04-18,Op003,5.7,Oui,1.0,24.17,Réseaux sociaux,Litige paiement,0,0,Vrai,,Comportement agent
TCK20689,2023-12-13,Op003,3.7,oui,8.0,44.34,Réseaux sociaux,Relevé compteur,0,1,Vrai,,
TCK20690,2023-11-03,Op002,2.5,oui,1.0,11.74,Tel,Demande d'information,Oui,0,Vrai,10.0,
TCK20691,2023-08-21,Op001,5.7,oui,4.0,30.46,Réseaux sociaux,Panne compteur,1,0,Faux,,
TCK20692,2023-10-27,Op007,6.1,Non,8.0,50.02,Tel,Déménagement,Oui,1,,,
TCK20693,2023-08-22,Op003,3.4,1,9.0,32.85,Réseaux sociaux,Facturation,1,0,Vrai,8.0,
TCK20694,2023-08-06,Op008,7.3,Oui,,,Réseaux sociaux,Panne compteur,Non,1,Vrai,,
TCK20695,2023-03-23,Op001,7.3,0,,51.36,TEL,Facturation,0,1,Vrai,5.0,
TCK20696,2023-06-10,Op001,1.5,Non,4.0,23.25,Tel,Changement d'offre,0,0,,,Facturation incorrecte
TCK20697,2023-05-23,Op007,3.5,1,8.0,36.81,Mail,Résiliation,0,0,Vrai,9.0,Comportement agent
TCK20698,2023-06-04,Op002,0.8,1,8.0,,Mail,Relevé compteur,0,0,Vrai,8.0,
TCK20699,2023-08-17,Op005,1.3,1,7.0,14.56,Tel,Panne compteur,1,0,Vrai,0.0,
TCK20700,2023-08-11,Op007,2.9,0,10.0,19.85,Mail,Réclamation,1,0,Vrai,,
TCK20701,2023-08-10,Op005,5.8,oui,,30.64,Tel,Déménagement,1,0,Vrai,,
TCK20702,2023-05-22,Op001,5.3,0,5.0,28.57,Chat,Relevé compteur,Oui,1,Faux,9.0,
TCK20703,2023-06-03,Op002,1.9,Non,,32.45,Chat,Résiliation,Oui,0,Vrai,10.0,
TCK20704,2023-03-23,Op001,1.9,1,9.0,17.79,Mail,Résiliation,0,0,Faux,6.0,
TCK20705,2023-04-23,Op003,4.8,oui,9.0,54.02,Tel,Déménagement,0,0,,6.0,
TCK20706,2023-04-19,Op001,1.0,Oui,,11.78,Tel,Litige paiement,0,0,,7.0,
TCK20707,2023-09-10,Op002,1.8,0,6.0,34.9,Réseaux sociaux,Facturation,Non,0,Vrai,,Facturation incorrecte
TCK20708,2023-03-18,Op004,8.1,Non,5.0,45.35,Mail,Résiliation,Oui,0,Faux,9.0,
TCK20709,2023-10-06,Op008,7.8,Non,,18.87,Tel,Réclamation,1,0,Vrai,,
TCK20710,2023-08-08,Op003,5.8,oui,9.0,,Mail,Réclamation,Oui,0,Vrai,5.0,
TCK20711,2023-11-03,Op008,3.4,Oui,9.0,57.36,Réseaux sociaux,Résiliation,0,0,Vrai,,
TCK20712,2023-08-10,Op004,4.5,0,5.0,20.71,TEL,Panne compteur,0,0,Vrai,6.0,
TCK20713,2023-09-06,Op005,2.5,0,1.0,13.0,Chat,Panne compteur,Non,0,Vrai,0.0,
TCK20714,2023-06-03,Op001,2.9,0,7.0,45.5,Mail,Déménagement,0,0,Vrai,,
TCK20715,2023-05-23,Op006,3.7,Oui,9.0,36.69,Tel,Litige paiement,Non,0,Faux,6.0,
TCK20716,2023-03-03,Op006,3.6,0,8.0,40.31,Tel,Panne compteur,Non,0,Vrai,,
TCK20717,2023-03-05,Op005,5.3,oui,5.0,26.85,Chat,Litige paiement,Oui,0,Vrai,6.0,
TCK20718,2023-12-17,Op004,1.4,Oui,8.0,14.35,Tel,Litige paiement,1,0,Vrai,9.0,
TCK20719,2023-09-14,Op003,5.9,Non,5.0,21.15,Mail,Panne compteur,1,0,Faux,6.0,
TCK20720,2023-12-14,Op005,4.0,0,7.0,42.91,Réseaux sociaux,Déménagement,0,0,,8.0,
TCK20721,2023-12-11,Op003,2.2,Non,9.0,23.19,Chat,Changement d'offre,0,0,Vrai,,Facturation incorrecte
TCK20722,2023-03-28,Op007,4.5,Oui,,40.29,TEL,Facturation,Non,0,Vrai,,
TCK20723,2023-02-24,Op006,3.9,Oui,5.0,58.14,Réseaux sociaux,Facturation,Oui,0,Vrai,10.0,
TCK20724,2023-07-03,Op002,3.1,Non,,38.67,Réseaux sociaux,Facturation,1,0,Vrai,,
TCK20725,2023-05-24,Op002,8.9,Oui,5.0,56.4,Tel,Résiliation,Non,0,Faux,7.0,
TCK20726,2023-06-26,Op001,3.6,Oui,9.0,21.86,Chat,Litige paiement,0,0,Vrai,10.0,
TCK20727,2023-08-15,Op007,6.2,0,8.0,23.13,Mail,Déménagement,Oui,0,Faux,,
TCK20728,2023-02-11,Op005,7.5,0,10.0,,Réseaux sociaux,Panne compteur,1,0,Vrai,4.0,
TCK20729,2023-07-25,Op004,4.6,1,6.0,35.16,Mail,Résiliation,Oui,1,Vrai,8.0,
TCK20730,2023-10-06,Op007,4.8,0,,50.3,Chat,Résiliation,Non,1,Vrai,6.0,
TCK20731,2023-03-01,Op002,4.0,oui,10.0,24.47,Chat,Déménagement,1,0,Vrai,,
TCK20732,2023-09-01,Op004,3.0,Non,8.0,54.46,Tel,Réclamation,0,1,Faux,0.0,
TCK20733,2023-01-01,Op002,7.8,oui,,52.26,Tel,Relevé compteur,0,0,Vrai,7.0,
TCK20734,2023-05-16,Op006,8.0,Oui,9.0,54.17,Tel,Déménagement,Non,0,Vrai,1.0,
TCK20735,2023-02-27,Op006,5.0,1,4.0,34.79,Tel,Résiliation,Oui,0,Vrai,,
TCK20736,2023-05-26,Op005,6.5,Oui,9.0,,Tel,Relevé compteur,Oui,0,Vrai,,
TCK20737,2023-04-08,Op002,3.0,0,,21.0,Réseaux sociaux,Réclamation,1,0,Faux,3.0,
TCK20738,2023-06-22,Op001,6.3,0,9.0,,Réseaux sociaux,Panne compteur,1,0,Vrai,5.0,
TCK20739,2023-06-16,Op003,4.0,Oui,8.0,46.22,Chat,Déménagement,Oui,0,Vrai,,
TCK20740,2023-07-06,Op007,2.1,0,8.0,27.8,Mail,Réclamation,Non,0,Vrai,,
TCK20741,2023-09-21,Op002,3.7,Oui,,24.21,TEL,Relevé compteur,0,1,Vrai,,
TCK20742,2023-09-09,Op002,5.5,0,6.0,22.6,Mail,Demande d'information,Oui,0,Vrai,,
TCK20743,2023-11-29,Op002,3.2,Non,9.0,32.71,Chat,Panne compteur,1,0,Vrai,6.0,
TCK20744,2023-08-11,Op001,4.8,Oui,10.0,29.55,Chat,Déménagement,Non,0,Vrai,8.0,
TCK20745,2023-06-29,Op005,4.4,0,,14.0,TEL,Relevé compteur,1,0,Faux,,
TCK20746,2023-12-04,Op005,4.8,Oui,9.0,,Chat,Réclamation,Oui,0,Vrai,,
TCK20747,2023-02-26,Op007,3.0,1,,39.97,Mail,Déménagement,1,0,Vrai,9.0,
TCK20748,2023-05-12,Op005,1.6,Non,,12.7,Chat,Changement d'offre,Non,1,Faux,10.0,
TCK20749,2023-03-09,Op005,1.1,1,,35.83,Mail,Relevé compteur,0,0,Vrai,,
TCK20750,2023-02-22,Op003,2.4,Non,,15.19,Mail,Résiliation,0,0,Faux,9.0,
TCK20751,2023-08-18,Op003,4.5,0,9.0,16.18,Mail,Souscription contrat,Non,1,Vrai,,
TCK20752,2023-01-03,Op002,4.9,oui,7.0,19.82,Mail,Facturation,1,1,Faux,3.0,
TCK20753,2023-07-24,Op008,3.0,1,9.0,22.57,Chat,Résiliation,0,1,Vrai,,
TCK20754,2023-08-01,Op003,3.8,oui,4.0,26.38,TEL,Réclamation,0,0,Vrai,8.0,
TCK20755,2023-10-28,Op007,5.5,1,9.0,20.49,Réseaux sociaux,Relevé compteur,0,0,Vrai,,
TCK20756,2023-08-11,Op001,3.8,0,9.0,43.57,Tel,Demande d'information,Oui,0,,5.0,
TCK20757,2023-07-08,Op002,4.5,Non,9.0,36.16,Mail,Réclamation,1,0,Vrai,4.0,
TCK20758,2023-05-17,Op006,5.5,1,,16.36,TEL,Relevé compteur,0,0,Vrai,5.0,
TCK20759,2023-03-11,Op001,5.6,Non,8.0,29.93,Chat,Panne compteur,Non,0,Vrai,5.0,Délai de traitement
TCK20760,2023-04-17,Op001,3.5,Oui,3.0,23.16,Mail,Résiliation,Non,1,,,
TCK20761,2023-04-09,Op006,3.2,Oui,5.0,37.81,Mail,Panne compteur,1,1,Vrai,3.0,
TCK20762,2023-01-05,Op004,5.6,Oui,9.0,16.32,Mail,Facturation,1,0,Vrai,,
TCK20763,2023-05-06,Op002,4.3,Oui,9.0,58.68,Chat,Relevé compteur,1,1,Vrai,3.0,
TCK20764,2023-07-18,Op007,5.8,oui,5.0,26.95,Mail,Litige paiement,Oui,0,Vrai,9.0,
TCK20765,2023-09-29,Op004,3.2,oui,5.0,,Chat,Résiliation,0,0,Vrai,,
TCK20766,2023-07-29,Op007,6.4,1,,38.32,Mail,Déménagement,Oui,0,,5.0,
TCK20767,2023-02-07,Op003,2.2,1,7.0,33.59,TEL,Panne compteur,1,0,Vrai,,
TCK20768,2023-03-03,Op003,7.7,Non,10.0,14.39,Chat,Déménagement,Oui,0,Faux,8.0,
TCK20769,2023-07-01,Op007,4.4,oui,10.0,43.41,Chat,Panne compteur,Oui,1,Vrai,,
TCK20770,2023-05-12,Op003,5.3,0,9.0,31.86,TEL,Panne compteur,Oui,0,Vrai,,
TCK20771,2023-03-01,Op003,3.2,Non,8.0,30.18,Mail,Demande d'information,1,0,Vrai,0.0,
TCK20772,2023-08-28,Op008,4.5,Non,9.0,16.33,TEL,Facturation,0,0,Vrai,9.0,
TCK20773,2023-01-27,Op008,2.5,1,,33.83,TEL,Panne compteur,0,0,Vrai,5.0,
TCK20774,2023-04-18,Op006,3.1,Oui,10.0,34.04,Chat,Demande d'information,1,0,Vrai,5.0,
TCK20775,2023-08-01,Op003,6.0,0,4.0,59.6,Réseaux sociaux,Souscription contrat,1,0,,,
TCK20776,2023-04-01,Op005,6.1,Non,5.0,30.74,Chat,Réclamation,Oui,0,Faux,,
TCK20777,2023-10-31,Op008,5.4,1,3.0,48.39,Réseaux sociaux,Résiliation,0,0,Vrai,,
TCK20778,2023-12-02,Op003,3.7,Non,9.0,52.29,TEL,Litige paiement,Oui,0,Vrai,3.0,
TCK20779,2023-11-07,Op004,2.2,Oui,9.0,27.31,Tel,Déménagement,0,0,Vrai,6.0,Délai de traitement
TCK20780,2023-06-08,Op002,6.8,0,,39.31,Tel,Relevé compteur,0,0,Vrai,,
TCK20781,2023-01-31,Op001,6.2,Oui,,27.86,Mail,Demande d'information,Oui,0,Vrai,,
TCK20782,2023-01-10,Op002,1.2,Non,8.0,14.19,Tel,Panne compteur,0,0,Vrai,5.0,
TCK20783,2023-08-08,Op004,6.1,0,9.0,59.64,Réseaux sociaux,Réclamation,Oui,1,Vrai,6.0,
TCK20784,2023-11-14,Op005,3.8,1,5.0,42.51,Tel,Demande d'information,Oui,0,Vrai,,Facturation incorrecte
TCK20785,2023-11-29,Op006,5.8,1,6.0,26.45,TEL,Réclamation,Oui,1,,,
TCK20786,2023-03-23,Op003,1.9,oui,,27.15,TEL,Souscription contrat,Non,0,Vrai,5.0,
TCK20787,2023-12-14,Op006,3.3,Non,8.0,30.54,Mail,Facturation,Oui,1,Vrai,2.0,
TCK20788,2023-02-18,Op007,4.7,Non,2.0,57.18,Réseaux sociaux,Réclamation,0,0,Vrai,,
TCK20789,2023-06-28,Op001,7.8,Non,8.0,12.09,Réseaux sociaux,Déménagement,0,0,Vrai,10.0,
TCK20790,2023-05-15,Op006,9.3,oui,8.0,56.01,Chat,Réclamation,0,0,Vrai,10.0,
TCK20791,2023-06-07,Op002,4.7,1,5.0,,TEL,Litige paiement,Non,0,Vrai,,
TCK20792,2023-07-25,Op003,4.7,Non,,52.68,TEL,Facturation,1,0,Vrai,8.0,
TCK20793,2023-07-26,Op004,3.4,Non,10.0,22.1,TEL,Réclamation,Non,0,Vrai,,
TCK20794,2023-10-23,Op003,4.9,oui,9.0,42.86,Réseaux sociaux,Changement d'offre,Non,0,Vrai,9.0,Facturation incorrecte
TCK20795,2023-07-12,Op008,4.7,oui,8.0,31.95,Tel,Relevé compteur,Oui,0,Vrai,2.0,Délai de traitement
TCK20796,2023-09-23,Op006,3.6,oui,,44.49,Tel,Changement d'offre,1,0,Vrai,6.0,
TCK20797,2023-05-07,Op005,4.4,Non,5.0,34.09,Tel,Facturation,0,0,Faux,7.0,
TCK20798,2023-05-18,Op002,4.0,1,5.0,13.22,Tel,Panne compteur,Non,0,Vrai,5.0,
TCK20799,2023-09-01,Op007,3.8,Oui,,38.71,Mail,Résiliation,1,0,Vrai,,
TCK20800,2023-05-15,Op008,4.7,Oui,2.0,50.86,TEL,Souscription contrat,Non,0,Faux,,
TCK20801,2023-05-28,Op003,8.8,1,10.0,53.05,Tel,Souscription contrat,Non,0,Vrai,,
TCK20802,2023-07-27,Op007,3.2,oui,,,Mail,Déménagement,Non,1,Faux,,
TCK20803,2023-09-25,Op008,7.6,Oui,8.0,38.28,Mail,Réclamation,Oui,0,Vrai,,
TCK20804,2023-03-30,Op001,2.1,Non,5.0,55.85,TEL,Litige paiement,1,0,Vrai,,
TCK20805,2023-09-22,Op004,6.9,0,10.0,16.7,Chat,Déménagement,Oui,1,Faux,,
TCK20806,2023-01-29,Op005,4.0,1,5.0,28.68,Réseaux sociaux,Déménagement,0,0,Vrai,9.0,
TCK20807,2023-03-08,Op004,3.3,oui,,,Mail,Déménagement,Non,0,Vrai,,
TCK20808,2023-05-18,Op007,5.2,1,7.0,32.15,Mail,Souscription contrat,0,1,Vrai,,
TCK20809,2023-06-13,Op004,2.0,Non,6.0,11.71,Mail,Résiliation,Oui,0,Vrai,,
TCK20810,2023-09-22,Op004,6.3,oui,10.0,44.49,TEL,Déménagement,Oui,0,Vrai,3.0,
TCK20811,2023-04-09,Op003,3.5,Non,10.0,46.24,Réseaux sociaux,Panne compteur,Non,1,Vrai,9.0,
TCK20812,2023-02-26,Op004,2.6,Non,,14.98,Mail,Panne compteur,Oui,0,Vrai,9.0,
TCK20813,2023-01-15,Op001,6.5,1,,23.62,TEL,Changement d'offre,Oui,0,Vrai,8.0,
TCK20814,2023-08-20,Op004,4.0,Oui,7.0,17.0,Chat,Facturation,0,0,Vrai,7.0,
TCK20815,2023-01-27,Op007,4.5,Oui,5.0,26.1,Réseaux sociaux,Changement d'offre,0,0,Vrai,,Délai de traitement
TCK20816,2023-07-02,Op008,3.1,0,5.0,57.17,Chat,Changement d'offre,0,0,Vrai,7.0,
TCK20817,2023-10-29,Op001,4.8,Non,10.0,28.25,TEL,Réclamation,1,0,Vrai,,
TCK20818,2023-02-23,Op003,4.6,0,,47.77,Tel,Changement d'offre,Non,1,Vrai,,
TCK20819,2023-03-23,Op005,4.6,Non,8.0,40.34,Réseaux sociaux,Résiliation,Non,1,Vrai,,Délai de traitement
TCK20820,2023-02-02,Op002,7.1,0,8.0,41.44,Réseaux sociaux,Changement d'offre,Oui,0,Vrai,9.0,
TCK20821,2023-06-02,Op005,6.9,oui,,37.69,Tel,Changement d'offre,1,0,Vrai,,
TCK20822,2023-09-21,Op001,5.3,Non,6.0,20.78,TEL,Souscription contrat,0,0,Vrai,0.0,
TCK20823,2023-06-04,Op002,5.1,oui,,14.19,Chat,Facturation,0,0,Vrai,7.0,Délai de traitement
TCK20824,2023-01-06,Op004,8.5,1,5.0,51.46,Réseaux sociaux,Résiliation,1,1,Vrai,,
TCK20825,2023-05-19,Op002,0.4,oui,10.0,32.19,TEL,Changement d'offre,0,1,Vrai,,
TCK20826,2023-01-20,Op003,6.3,oui,,11.91,TEL,Relevé compteur,0,0,Vrai,6.0,
TCK20827,2023-08-08,Op008,9.1,oui,7.0,,Mail,Litige paiement,1,0,Vrai,,
TCK20828,2023-09-03,Op001,6.5,0,10.0,17.88,Réseaux sociaux,Réclamation,Oui,0,Vrai,8.0,
TCK20829,2023-06-25,Op005,5.2,Non,,39.72,Réseaux sociaux,Résiliation,1,0,,10.0,
TCK20830,2023-09-15,Op005,2.4,Non,1.0,16.17,Réseaux sociaux,Souscription contrat,Non,0,Faux,,
TCK20831,2023-03-28,Op008,5.1,Non,,59.0,Mail,Réclamation,1,0,Vrai,5.0,
TCK20832,2023-08-13,Op006,2.0,oui,9.0,18.57,TEL,Litige paiement,Oui,0,Vrai,8.0,
TCK20833,2023-06-19,Op008,3.5,1,5.0,43.38,TEL,Résiliation,Oui,0,Vrai,,
TCK20834,2023-02-18,Op007,7.4,1,8.0,14.4,Mail,Déménagement,1,0,Vrai,,
TCK20835,2023-11-02,Op001,6.7,oui,2.0,,Tel,Changement d'offre,Non,0,,,
TCK20836,2023-03-22,Op007,4.1,Non,7.0,25.67,Réseaux sociaux,Facturation,0,0,Vrai,10.0,
TCK20837,2023-04-29,Op003,6.1,Non,,33.12,Chat,Réclamation,Oui,0,Vrai,9.0,
TCK20838,2023-09-23,Op008,6.3,oui,4.0,56.46,Réseaux sociaux,Panne compteur,Non,0,Vrai,8.0,
TCK20839,2023-10-23,Op005,4.0,Non,5.0,25.17,Mail,Changement d'offre,Non,0,Vrai,9.0,
TCK20840,2023-10-15,Op003,5.1,1,5.0,56.54,Mail,Facturation,Non,0,Faux,,
TCK20841,2023-02-09,Op003,5.3,Oui,,22.29,TEL,Panne compteur,Oui,0,Vrai,,
TCK20842,2023-12-30,Op006,1.6,Oui,7.0,51.2,TEL,Réclamation,Oui,0,Vrai,7.0,Facturation incorrecte
TCK20843,2023-05-11,Op001,5.5,Oui,4.0,10.27,Tel,Facturation,Oui,0,Vrai,5.0,
TCK20844,2023-11-29,Op002,1.1,Non,,26.13,Réseaux sociaux,Relevé compteur,Non,0,Vrai,5.0,
TCK20845,2023-05-17,Op001,5.9,oui,,42.25,Tel,Résiliation,Non,0,Faux,,
TCK20846,2023-06-05,Op002,5.1,oui,9.0,52.66,Tel,Litige paiement,Oui,0,Vrai,9.0,Comportement agent
TCK20847,2023-11-15,Op007,6.4,1,9.0,23.23,TEL,Réclamation,1,0,Vrai,,
TCK20848,2023-10-25,Op004,0.5,1,,,Réseaux sociaux,Demande d'information,0,0,Vrai,5.0,
TCK20849,2023-06-23,Op008,6.5,1,,10.58,Mail,Panne compteur,0,0,Vrai,8.0,
TCK20850,2023-12-13,Op006,8.0,1,7.0,,TEL,Demande d'information,0,0,Faux,9.0,
TCK20851,2023-07-12,Op008,5.7,0,9.0,39.6,Chat,Panne compteur,Non,0,Vrai,9.0,
TCK20852,2023-06-03,Op001,5.4,oui,,13.34,Réseaux sociaux,Résiliation,Non,0,Vrai,2.0,
TCK20853,2023-09-30,Op001,7.4,Non,8.0,15.82,Chat,Réclamation,Oui,1,Vrai,,
TCK20854,2023-07-15,Op006,1.7,Oui,8.0,13.98,TEL,Réclamation,1,0,Vrai,6.0,
TCK20855,2023-06-17,Op007,5.7,Oui,6.0,31.48,Chat,Panne compteur,1,0,Faux,,
TCK20856,2023-04-07,Op007,1.0,oui,9.0,,TEL,Réclamation,Non,0,Vrai,,
TCK20857,2023-06-22,Op002,5.6,0,7.0,46.02,Réseaux sociaux,Panne compteur,1,0,Faux,7.0,
TCK20858,2023-05-09,Op008,2.0,oui,2.0,47.74,Chat,Facturation,Non,0,Vrai,7.0,
TCK20859,2023-11-04,Op008,6.6,oui,5.0,42.43,Réseaux sociaux,Litige paiement,1,0,Vrai,10.0,
TCK20860,2023-09-17,Op008,5.9,1,10.0,10.57,Mail,Panne compteur,Non,0,,8.0,
TCK20861,2023-09-02,Op008,8.2,Oui,9.0,44.83,Chat,Demande d'information,0,0,Faux,4.0,Délai de traitement
TCK20862,2023-04-29,Op003,5.5,0,8.0,50.9,Tel,Demande d'information,Non,0,Vrai,5.0,
TCK20863,2023-07-16,Op003,4.2,0,,39.38,Tel,Litige paiement,1,0,Vrai,5.0,
TCK20864,2023-10-13,Op006,3.1,1,,27.02,Chat,Relevé compteur,1,0,Vrai,10.0,
TCK20865,2023-03-24,Op004,3.3,0,10.0,33.83,TEL,Litige paiement,0,0,Vrai,7.0,
TCK20866,2023-03-21,Op006,4.7,1,,18.27,TEL,Souscription contrat,1,0,Faux,8.0,
TCK20867,2023-11-09,Op008,1.1,Oui,2.0,58.89,TEL,Panne compteur,1,1,Vrai,9.0,
TCK20868,2023-02-16,Op008,4.6,oui,10.0,46.25,Chat,Réclamation,1,0,,,
TCK20869,2023-06-26,Op001,6.1,Non,5.0,31.8,Mail,Demande d'information,1,0,Vrai,10.0,
TCK20870,2023-04-14,Op006,1.9,Non,,25.06,Mail,Changement d'offre,1,0,Vrai,8.0,
TCK20871,2023-03-27,Op005,6.6,Non,,38.91,Tel,Panne compteur,1,0,Vrai,5.0,
TCK20872,2023-05-31,Op005,9.4,0,7.0,24.33,Réseaux sociaux,Réclamation,1,0,Vrai,,Facturation incorrecte
TCK20873,2023-02-18,Op003,4.4,Non,,28.35,Mail,Réclamation,Non,0,Vrai,4.0,
TCK20874,2023-11-23,Op004,4.1,0,8.0,15.19,TEL,Relevé compteur,Non,0,Vrai,,
TCK20875,2023-08-21,Op004,4.3,Non,8.0,50.65,TEL,Réclamation,Non,0,Vrai,,Comportement agent
TCK20876,2023-02-04,Op003,4.7,Oui,10.0,23.63,Tel,Réclamation,Oui,1,Vrai,5.0,
TCK20877,2023-01-04,Op002,4.0,oui,7.0,53.58,Tel,Demande d'information,Oui,0,Vrai,10.0,
TCK20878,2023-03-17,Op002,1.0,Oui,10.0,35.88,TEL,Changement d'offre,1,0,Vrai,,
TCK20879,2023-05-28,Op003,4.2,Oui,,29.1,Tel,Facturation,Oui,0,Vrai,6.0,
TCK20880,2023-01-31,Op005,2.7,oui,8.0,59.85,Chat,Relevé compteur,Non,0,Vrai,,
TCK20881,2023-05-17,Op005,4.8,Oui,2.0,31.28,Réseaux sociaux,Changement d'offre,0,0,Vrai,,
TCK20882,2023-10-21,Op001,6.9,0,5.0,28.19,TEL,Changement d'offre,0,0,Vrai,,
TCK20883,2023-04-07,Op006,2.8,Oui,8.0,51.66,Chat,Changement d'offre,Non,1,Vrai,0.0,Délai de traitement
TCK20884,2023-07-20,Op003,7.7,0,,15.37,Mail,Litige paiement,0,0,Vrai,7.0,
TCK20885,2023-07-22,Op003,3.8,Non,8.0,52.31,Chat,Litige paiement,0,0,Faux,6.0,Délai de traitement
TCK20886,2023-01-02,Op002,3.0,1,4.0,17.26,Chat,Facturation,0,0,Faux,,
TCK20887,2023-02-13,Op006,5.7,Non,9.0,25.81,Tel,Panne compteur,1,0,Vrai,8.0,
TCK20888,2023-10-04,Op001,3.6,oui,,29.86,Tel,Déménagement,Non,0,Vrai,9.0,Délai de traitement
TCK20889,2023-09-15,Op005,4.4,oui,8.0,38.57,Mail,Souscription contrat,Oui,0,Vrai,8.0,
TCK20890,2023-12-21,Op007,4.5,1,6.0,50.96,Réseaux sociaux,Demande d'information,1,1,Vrai,6.0,
TCK20891,2023-08-14,Op005,5.6,oui,,37.36,Mail,Panne compteur,Non,0,Vrai,3.0,
TCK20892,2023-02-22,Op005,4.4,oui,4.0,38.78,Tel,Résiliation,Oui,0,Vrai,6.0,
TCK20893,2023-05-29,Op004,4.2,oui,,57.53,Mail,Panne compteur,Non,0,Vrai,9.0,
TCK20894,2023-09-05,Op008,3.8,0,,21.01,Réseaux sociaux,Demande d'information,Oui,0,Vrai,,
TCK20895,2023-11-19,Op007,5.4,oui,4.0,20.06,TEL,Déménagement,Non,0,Vrai,9.0,
TCK20896,2023-06-14,Op002,3.5,1,10.0,35.22,Chat,Souscription contrat,0,0,Vrai,1.0,
TCK20897,2023-06-12,Op007,6.9,Oui,10.0,33.22,Chat,Demande d'information,1,1,,,
TCK20898,2023-09-24,Op007,4.6,oui,,11.52,TEL,Litige paiement,1,1,Vrai,,
TCK20899,2023-01-05,Op002,1.5,Non,4.0,16.59,Chat,Relevé compteur,0,0,Vrai,3.0,
TCK20900,2023-02-05,Op002,5.1,0,,31.14,Tel,Demande d'information,Oui,0,Faux,,
TCK20901,2023-02-04,Op005,5.4,0,10.0,35.86,Mail,Souscription contrat,Non,0,Vrai,9.0,
TCK20902,2023-06-24,Op008,7.0,1,6.0,49.21,Mail,Facturation,0,0,Vrai,,
TCK20903,2023-07-29,Op005,3.2,Non,,48.16,Tel,Facturation,Oui,0,Vrai,4.0,
TCK20904,2023-12-21,Op007,2.9,0,5.0,26.9,Réseaux sociaux,Litige paiement,0,0,Vrai,8.0,
TCK20905,2023-02-25,Op002,5.7,Non,3.0,33.49,Réseaux sociaux,Facturation,Non,0,Faux,,
TCK20906,2023-06-25,Op005,6.6,Oui,,26.47,Réseaux sociaux,Panne compteur,Non,0,Vrai,9.0,
TCK20907,2023-04-08,Op002,3.1,1,,16.91,TEL,Réclamation,1,0,Faux,,
TCK20908,2023-09-30,Op005,5.0,1,9.0,21.29,Chat,Facturation,0,1,Vrai,8.0,
TCK20909,2023-02-19,Op001,4.4,0,,40.61,Mail,Changement d'offre,0,0,Vrai,,
TCK20910,2023-03-04,Op001,3.2,0,8.0,34.39,Tel,Litige paiement,0,1,Vrai,7.0,
TCK20911,2023-02-22,Op001,4.3,oui,8.0,45.11,Chat,Réclamation,0,0,Vrai,7.0,
TCK20912,2023-08-22,Op003,6.5,1,4.0,24.45,TEL,Résiliation,0,1,Vrai,,
TCK20913,2023-04-05,Op003,4.6,0,4.0,14.31,TEL,Facturation,0,0,Vrai,4.0,
TCK20914,2023-01-05,Op006,4.2,oui,,38.82,Chat,Souscription contrat,0,0,Vrai,,
TCK20915,2023-01-24,Op001,5.6,1,6.0,49.6,Chat,Souscription contrat,1,0,Vrai,,
TCK20916,2023-07-10,Op004,6.6,1,5.0,16.77,Chat,Relevé compteur,0,0,Vrai,8.0,
TCK20917,2023-07-28,Op006,2.8,oui,10.0,24.56,Tel,Déménagement,Non,0,Faux,2.0,
TCK20918,2023-11-26,Op005,5.1,1,5.0,21.13,Mail,Déménagement,Non,0,Vrai,5.0,
TCK20919,2023-03-21,Op004,3.9,Oui,9.0,45.87,Tel,Relevé compteur,Non,0,Vrai,,
TCK20920,2023-11-05,Op002,4.6,Oui,10.0,37.0,Mail,Réclamation,Non,0,Faux,7.0,
TCK20921,2023-02-06,Op005,5.7,Oui,4.0,33.05,Réseaux sociaux,Relevé compteur,Oui,1,Vrai,5.0,
TCK20922,2023-11-29,Op005,4.0,oui,4.0,40.14,Chat,Panne compteur,0,0,Vrai,6.0,
TCK20923,2023-04-24,Op005,0.9,oui,,59.3,TEL,Souscription contrat,0,0,Faux,,Comportement agent
TCK20924,2023-09-07,Op007,4.4,Oui,8.0,42.87,Chat,Relevé compteur,1,1,Vrai,7.0,
TCK20925,2023-06-02,Op005,6.3,Oui,9.0,54.75,Réseaux sociaux,Déménagement,0,0,Vrai,,
TCK20926,2023-05-27,Op004,5.3,0,5.0,30.79,Mail,Déménagement,1,0,Vrai,5.0,
TCK20927,2023-12-04,Op007,4.3,0,,40.05,Réseaux sociaux,Litige paiement,Non,0,Faux,0.0,
TCK20928,2023-02-14,Op002,4.8,0,7.0,22.23,TEL,Souscription contrat,Non,0,Vrai,2.0,
TCK20929,2023-08-28,Op001,4.6,Oui,10.0,47.31,Réseaux sociaux,Réclamation,1,0,Vrai,10.0,
TCK20930,2023-10-27,Op005,1.4,oui,8.0,48.83,Tel,Changement d'offre,Oui,1,Vrai,,
TCK20931,2023-06-01,Op006,4.8,Oui,5.0,37.61,Chat,Litige paiement,0,0,Vrai,,
TCK20932,2023-12-16,Op005,2.2,Non,5.0,34.06,Tel,Facturation,Oui,0,Vrai,9.0,
TCK20933,2023-03-03,Op003,6.6,oui,7.0,40.87,TEL,Changement d'offre,0,0,Faux,8.0,
TCK20934,2023-01-05,Op007,2.2,0,4.0,58.08,Mail,Déménagement,Oui,0,Vrai,7.0,
TCK20935,2023-01-24,Op007,3.8,1,10.0,35.57,Chat,Déménagement,Oui,0,Vrai,,
TCK20936,2023-10-03,Op007,3.4,1,,27.76,Chat,Panne compteur,0,1,Vrai,2.0,
TCK20937,2023-11-26,Op004,7.3,0,8.0,30.36,Mail,Demande d'information,0,0,Vrai,8.0,
TCK20938,2023-09-23,Op008,6.5,Oui,9.0,37.17,Réseaux sociaux,Souscription contrat,Oui,0,Vrai,9.0,
TCK20939,2023-01-27,Op007,0.4,1,7.0,34.86,Chat,Litige paiement,0,0,Faux,5.0,
TCK20940,2023-01-23,Op002,4.5,0,4.0,18.46,Réseaux sociaux,Changement d'offre,Non,0,Vrai,8.0,
TCK20941,2023-06-22,Op004,2.5,oui,7.0,16.31,Tel,Déménagement,0,1,Vrai,10.0,Facturation incorrecte
TCK20942,2023-07-23,Op002,4.8,1,,42.97,Chat,Souscription contrat,0,0,Vrai,10.0,
TCK20943,2023-08-20,Op002,5.7,0,9.0,30.09,TEL,Facturation,Non,0,Vrai,6.0,
TCK20944,2023-07-31,Op006,4.9,1,8.0,48.46,Réseaux sociaux,Résiliation,Non,0,Vrai,5.0,Facturation incorrecte
TCK20945,2023-03-15,Op003,5.8,Non,4.0,28.43,Mail,Panne compteur,1,0,Vrai,5.0,
TCK20946,2023-01-16,Op005,4.0,oui,,23.55,Réseaux sociaux,Facturation,1,1,Vrai,,
TCK20947,2023-04-22,Op008,5.0,0,8.0,,Mail,Déménagement,0,0,Vrai,6.0,
TCK20948,2023-04-30,Op004,2.7,0,8.0,52.77,Chat,Facturation,Oui,1,Vrai,8.0,
TCK20949,2023-02-11,Op004,2.8,oui,6.0,11.59,Réseaux sociaux,Déménagement,Non,0,Vrai,6.0,
TCK20950,2023-04-25,Op002,4.2,Non,10.0,19.99,Mail,Résiliation,0,0,Faux,,
TCK20951,2023-04-12,Op007,3.9,Oui,,21.59,Réseaux sociaux,Panne compteur,Oui,0,Faux,,
TCK20952,2023-10-02,Op002,5.0,oui,4.0,10.29,TEL,Déménagement,Oui,0,Vrai,,
TCK20953,2023-05-01,Op002,7.0,oui,9.0,31.47,Chat,Litige paiement,0,0,Vrai,,Erreur technique
TCK20954,2023-10-14,Op002,2.8,Oui,7.0,43.81,Mail,Changement d'offre,Oui,0,Vrai,2.0,
TCK20955,2023-06-08,Op005,4.1,Oui,,45.1,Chat,Réclamation,0,0,Vrai,,
TCK20956,2023-09-11,Op006,6.2,oui,,,Mail,Déménagement,0,0,Vrai,,
TCK20957,2023-02-05,Op002,6.2,Oui,7.0,10.0,TEL,Souscription contrat,0,0,Faux,,
TCK20958,2023-06-04,Op003,5.8,1,9.0,57.28,Tel,Facturation,Non,0,Vrai,8.0,
TCK20959,2023-10-08,Op008,7.8,0,,32.15,TEL,Relevé compteur,1,0,Faux,9.0,
TCK20960,2023-08-02,Op003,3.4,Oui,,56.64,TEL,Panne compteur,1,0,Vrai,1.0,
TCK20961,2023-09-27,Op003,8.9,1,5.0,13.8,Réseaux sociaux,Demande d'information,1,1,Vrai,,
TCK20962,2023-06-13,Op003,8.1,oui,,49.6,Réseaux sociaux,Facturation,Oui,0,Vrai,3.0,
TCK20963,2023-11-26,Op006,4.5,Oui,,39.15,Mail,Facturation,Oui,0,Faux,,
TCK20964,2023-08-14,Op006,4.2,Non,6.0,11.17,TEL,Réclamation,Oui,1,Vrai,10.0,
TCK20965,2023-03-31,Op002,3.3,Oui,,,Mail,Résiliation,0,0,Vrai,,
TCK20966,2023-03-31,Op008,5.3,1,10.0,55.54,Chat,Changement d'offre,1,0,,5.0,
TCK20967,2023-07-21,Op001,0.9,1,5.0,52.33,Chat,Résiliation,Oui,0,Vrai,,
TCK20968,2023-06-07,Op006,6.1,1,8.0,23.32,Chat,Résiliation,0,0,Vrai,7.0,
TCK20969,2023-12-08,Op006,8.9,oui,9.0,54.97,TEL,Demande d'information,0,0,Faux,,
TCK20970,2023-10-02,Op001,4.2,oui,4.0,,TEL,Réclamation,0,0,Vrai,6.0,Comportement agent
TCK20971,2023-11-11,Op004,5.8,oui,,54.52,Réseaux sociaux,Litige paiement,Oui,0,Vrai,6.0,
TCK20972,2023-01-10,Op006,7.1,Non,8.0,33.8,TEL,Souscription contrat,Non,0,Vrai,,
TCK20973,2023-07-22,Op006,3.2,Oui,10.0,16.13,TEL,Panne compteur,Oui,0,Vrai,,
TCK20974,2023-08-21,Op004,4.4,1,9.0,46.72,Tel,Relevé compteur,1,1,Vrai,,
TCK20975,2023-08-14,Op004,5.9,1,5.0,28.36,Mail,Panne compteur,Oui,0,Vrai,,
TCK20976,2023-06-14,Op004,8.0,Oui,8.0,26.74,TEL,Relevé compteur,1,0,,,
TCK20977,2023-11-25,Op001,4.4,Oui,9.0,44.77,Chat,Litige paiement,1,0,Vrai,7.0,
TCK20978,2023-05-17,Op001,6.4,oui,8.0,34.63,TEL,Réclamation,0,0,Vrai,,
TCK20979,2023-03-23,Op007,6.4,1,10.0,55.74,TEL,Litige paiement,Oui,1,Vrai,,
TCK20980,2023-09-09,Op008,0.8,oui,4.0,19.97,TEL,Résiliation,0,1,Vrai,,
TCK20981,2023-11-29,Op008,3.3,Oui,,25.38,Mail,Résiliation,1,0,Vrai,5.0,
TCK20982,2023-10-15,Op003,4.7,0,8.0,22.43,Réseaux sociaux,Résiliation,1,0,Vrai,,
TCK20983,2023-01-11,Op001,3.7,oui,10.0,,TEL,Panne compteur,1,1,Vrai,8.0,
TCK20984,2023-10-03,Op007,6.4,Non,8.0,26.36,TEL,Réclamation,Oui,0,Vrai,,Facturation incorrecte
TCK20985,2023-11-21,Op008,3.2,1,1.0,22.11,Mail,Litige paiement,0,0,Vrai,8.0,
TCK20986,2023-08-23,Op002,5.4,oui,5.0,16.49,Tel,Changement d'offre,0,0,Faux,2.0,
TCK20987,2023-06-28,Op006,3.4,1,8.0,32.69,Réseaux sociaux,Résiliation,Non,1,Vrai,3.0,
TCK20988,2023-03-21,Op003,8.1,0,9.0,41.66,Mail,Changement d'offre,Oui,1,Vrai,8.0,
TCK20989,2023-07-07,Op001,4.6,Non,10.0,50.54,TEL,Panne compteur,Oui,0,Vrai,,
TCK20990,2023-02-17,Op005,4.4,Non,9.0,24.01,Mail,Changement d'offre,Oui,0,Vrai,,
TCK20991,2023-02-16,Op002,4.3,Non,3.0,17.3,Réseaux sociaux,Souscription contrat,1,0,,7.0,
TCK20992,2023-04-07,Op004,2.7,0,,36.09,Chat,Relevé compteur,0,0,Vrai,2.0,
TCK20993,2023-06-30,Op008,2.5,0,,,Réseaux sociaux,Réclamation,0,1,Vrai,,
TCK20994,2023-08-08,Op007,2.5,1,10.0,45.97,Chat,Panne compteur,1,0,Faux,,
TCK20995,2023-12-03,Op008,7.3,1,8.0,26.81,TEL,Souscription contrat,Oui,1,Vrai,7.0,
TCK20996,2023-04-29,Op007,5.1,1,3.0,11.19,Mail,Changement d'offre,1,0,Vrai,9.0,
TCK20997,2023-01-30,Op006,1.2,oui,2.0,13.99,TEL,Relevé compteur,0,1,Vrai,8.0,
TCK20998,2023-09-12,Op005,5.6,0,8.0,46.08,Réseaux sociaux,Changement d'offre,0,0,Vrai,10.0,
TCK20999,2023-03-27,Op008,4.3,1,9.0,14.41,TEL,Résiliation,Oui,0,Vrai,5.0,
TCK21000,2023-11-03,Op004,5.4,1,10.0,40.55,Réseaux sociaux,Souscription contrat,1,0,Vrai,9.0,
TCK21001,2023-08-21,Op002,5.8,oui,,51.01,Réseaux sociaux,Changement d'offre,1,1,Vrai,9.0,
TCK21002,2023-04-06,Op003,2.0,Oui,10.0,35.6,Réseaux sociaux,Demande d'information,Oui,0,Vrai,,
TCK21003,2023-05-24,Op006,3.6,Non,,37.44,Réseaux sociaux,Déménagement,Non,0,Vrai,8.0,
TCK21004,2023-05-20,Op004,8.8,oui,,57.44,Mail,Facturation,1,0,Vrai,3.0,
TCK21005,2023-11-24,Op002,7.0,0,,55.11,Chat,Relevé compteur,0,0,Vrai,9.0,
TCK21006,2023-02-22,Op007,4.9,Non,,57.17,Réseaux sociaux,Changement d'offre,0,0,Vrai,4.0,
TCK21007,2023-11-23,Op008,5.0,Non,,14.92,Chat,Facturation,1,0,Vrai,9.0,
TCK21008,2023-10-31,Op003,4.4,oui,10.0,52.33,Tel,Relevé compteur,Non,0,Faux,,
TCK21009,2023-08-16,Op003,1.4,oui,,35.26,Réseaux sociaux,Changement d'offre,Non,0,Vrai,7.0,
TCK21010,2023-09-01,Op004,3.4,0,,22.62,Chat,Facturation,Oui,1,Vrai,7.0,
TCK21011,2023-09-14,Op001,5.2,Oui,8.0,46.59,TEL,Souscription contrat,1,0,Faux,0.0,
TCK21012,2023-11-25,Op007,3.7,Oui,3.0,23.24,Tel,Relevé compteur,Non,0,Faux,0.0,
TCK21013,2023-10-15,Op001,2.7,Non,,27.49,Chat,Relevé compteur,Non,1,Vrai,9.0,
TCK21014,2023-10-15,Op007,2.9,0,7.0,37.76,Réseaux sociaux,Facturation,Oui,0,Vrai,7.0,
TCK21015,2023-04-12,Op005,7.1,Oui,10.0,15.0,Réseaux sociaux,Déménagement,1,0,Faux,8.0,
TCK21016,2023-06-01,Op003,3.6,0,8.0,42.43,Chat,Facturation,Non,1,Faux,9.0,
TCK21017,2023-11-14,Op003,6.6,0,,46.27,Mail,Déménagement,Non,0,Vrai,9.0,
TCK21018,2023-02-09,Op007,5.1,0,9.0,40.81,Tel,Facturation,1,0,Faux,9.0,
TCK21019,2023-12-09,Op001,4.1,Oui,2.0,31.44,Mail,Relevé compteur,Oui,0,Vrai,7.0,
TCK21020,2023-03-14,Op001,3.1,oui,6.0,26.89,Chat,Relevé compteur,0,0,Vrai,,
TCK21021,2023-05-13,Op001,5.7,oui,5.0,50.48,Réseaux sociaux,Demande d'information,Oui,0,Vrai,9.0,
TCK21022,2023-08-01,Op004,6.4,0,9.0,32.06,TEL,Souscription contrat,Non,1,Faux,8.0,Comportement agent
TCK21023,2023-03-20,Op001,5.9,Non,5.0,45.82,Tel,Relevé compteur,1,0,Faux,,Délai de traitement
TCK21024,2023-10-23,Op005,2.2,0,10.0,41.63,Tel,Relevé compteur,1,0,Vrai,9.0,
TCK21025,2023-06-05,Op001,3.6,0,5.0,58.8,Chat,Relevé compteur,1,0,Vrai,10.0,
TCK21026,2023-10-03,Op001,3.8,Non,6.0,43.7,Réseaux sociaux,Déménagement,1,0,,9.0,
TCK21027,2023-12-21,Op006,1.1,Non,7.0,37.08,TEL,Changement d'offre,1,0,Vrai,,
TCK21028,2023-04-29,Op001,5.3,Oui,5.0,12.91,Mail,Souscription contrat,Non,0,Vrai,8.0,
TCK21029,2023-01-05,Op005,5.6,Non,5.0,59.92,Tel,Litige paiement,Non,0,Vrai,,Facturation incorrecte
TCK21030,2023-05-13,Op008,5.5,oui,7.0,42.56,Tel,Panne compteur,Oui,0,Vrai,,
TCK21031,2023-03-28,Op006,5.2,Oui,7.0,52.81,Réseaux sociaux,Panne compteur,Non,0,Faux,7.0,
TCK21032,2023-10-25,Op008,3.9,oui,4.0,53.82,Réseaux sociaux,Panne compteur,Non,0,Vrai,7.0,
TCK21033,2023-06-20,Op007,3.1,oui,3.0,20.08,Réseaux sociaux,Résiliation,Oui,1,Vrai,,
TCK21034,2023-04-27,Op003,3.9,0,10.0,52.72,Tel,Demande d'information,1,0,Vrai,10.0,
TCK21035,2023-09-16,Op004,5.1,Oui,6.0,44.34,Mail,Changement d'offre,1,0,Vrai,7.0,Erreur technique
TCK21036,2023-07-29,Op001,6.8,0,8.0,,Mail,Litige paiement,Non,0,Vrai,10.0,
TCK21037,2023-11-11,Op008,4.6,Non,8.0,30.96,Réseaux sociaux,Déménagement,0,1,Faux,,
TCK21038,2023-08-06,Op004,3.4,1,9.0,35.26,Chat,Relevé compteur,1,1,Faux,,
TCK21039,2023-06-28,Op006,2.9,Non,2.0,36.57,TEL,Demande d'information,0,1,Faux,,
TCK21040,2023-10-11,Op006,5.5,oui,5.0,39.07,Tel,Souscription contrat,0,0,Vrai,0.0,
TCK21041,2023-04-19,Op006,5.6,Non,9.0,49.04,Chat,Réclamation,Oui,1,Vrai,10.0,
TCK21042,2023-11-04,Op001,6.0,0,8.0,30.47,TEL,Changement d'offre,Oui,0,Faux,4.0,
TCK21043,2023-01-01,Op007,2.6,Oui,8.0,53.82,Tel,Déménagement,Oui,0,Vrai,6.0,Comportement agent
TCK21044,2023-09-27,Op001,5.7,Non,5.0,28.8,Réseaux sociaux,Résiliation,1,0,Faux,4.0,
TCK21045,2023-10-24,Op004,1.4,Non,8.0,36.74,Réseaux sociaux,Facturation,Oui,1,Vrai,7.0,
TCK21046,2023-12-28,Op003,4.0,0,5.0,37.46,Chat,Résiliation,0,1,Vrai,9.0,
TCK21047,2023-11-27,Op001,1.4,1,8.0,57.46,Mail,Souscription contrat,1,1,Faux,,
TCK21048,2023-06-16,Op005,3.1,1,,10.41,Tel,Souscription contrat,Oui,0,Vrai,,
TCK21049,2023-10-01,Op002,7.1,Oui,7.0,10.46,TEL,Changement d'offre,0,1,Vrai,,
TCK21050,2023-11-21,Op007,2.9,Oui,,11.13,Chat,Facturation,0,0,,0.0,
TCK21051,2023-01-11,Op002,1.0,Non,9.0,44.35,Mail,Réclamation,0,0,Vrai,2.0,
TCK21052,2023-01-09,Op005,5.4,Non,6.0,25.05,TEL,Relevé compteur,Non,0,Vrai,,Délai de traitement
TCK21053,2023-09-14,Op004,1.3,0,,18.36,TEL,Réclamation,1,0,Faux,,
TCK21054,2023-12-04,Op001,1.9,oui,,,Chat,Relevé compteur,1,0,Vrai,,
TCK21055,2023-09-01,Op004,3.6,oui,,36.74,Mail,Panne compteur,Oui,0,Faux,8.0,
TCK21056,2023-09-22,Op003,4.6,Non,7.0,17.87,Réseaux sociaux,Déménagement,Non,0,Vrai,,
TCK21057,2023-09-09,Op004,1.9,Non,6.0,43.55,TEL,Souscription contrat,0,0,Vrai,,Facturation incorrecte
TCK21058,2023-02-06,Op007,3.7,oui,8.0,33.39,TEL,Souscription contrat,Non,0,Vrai,,
TCK21059,2023-07-03,Op003,5.0,0,,13.54,TEL,Panne compteur,0,0,Vrai,,
TCK21060,2023-06-23,Op001,1.8,Non,8.0,36.38,Réseaux sociaux,Réclamation,Non,0,Vrai,8.0,
TCK21061,2023-05-28,Op003,5.6,0,6.0,,Réseaux sociaux,Facturation,Oui,0,Vrai,0.0,
TCK21062,2023-08-26,Op007,6.0,0,1.0,37.45,Mail,Panne compteur,0,0,Vrai,9.0,
TCK21063,2023-07-14,Op004,4.6,0,9.0,39.15,Chat,Souscription contrat,Oui,1,Vrai,4.0,
TCK21064,2023-12-08,Op008,5.5,0,,48.86,TEL,Souscription contrat,Non,0,Vrai,10.0,
TCK21065,2023-10-11,Op008,4.3,0,9.0,24.27,TEL,Panne compteur,Oui,0,Vrai,6.0,
TCK21066,2023-06-27,Op007,4.1,Oui,8.0,,Réseaux sociaux,Changement d'offre,0,1,Faux,5.0,
TCK21067,2023-02-06,Op001,6.6,0,4.0,,Réseaux sociaux,Demande d'information,Non,0,Vrai,,
TCK21068,2023-08-03,Op006,5.2,Oui,1.0,19.44,Chat,Souscription contrat,1,0,Vrai,4.0,
TCK21069,2023-01-04,Op002,5.2,0,4.0,45.06,Tel,Souscription contrat,0,0,Vrai,5.0,
TCK21070,2023-12-11,Op002,2.7,Non,5.0,24.82,Réseaux sociaux,Souscription contrat,0,0,Faux,,
TCK21071,2023-01-10,Op005,2.6,1,9.0,46.28,TEL,Demande d'information,Oui,1,Faux,,
TCK21072,2023-06-11,Op002,3.0,Oui,10.0,15.22,Tel,Demande d'information,1,0,Vrai,7.0,
TCK21073,2023-12-01,Op002,5.5,1,5.0,21.88,Mail,Demande d'information,Non,1,Vrai,,
TCK21074,2023-12-07,Op001,3.7,Non,5.0,12.23,Mail,Litige paiement,1,0,Vrai,8.0,
TCK21075,2023-12-03,Op002,0.3,0,,58.53,Chat,Réclamation,0,0,Faux,4.0,
TCK21076,2023-04-23,Op004,2.8,0,10.0,25.93,Chat,Déménagement,0,0,Vrai,7.0,
TCK21077,2023-08-09,Op008,6.6,oui,7.0,32.43,Réseaux sociaux,Relevé compteur,1,1,Vrai,10.0,
TCK21078,2023-07-29,Op001,2.7,oui,4.0,,Réseaux sociaux,Litige paiement,Non,0,Vrai,,
TCK21079,2023-10-06,Op003,5.1,oui,5.0,19.45,Réseaux sociaux,Résiliation,1,0,Faux,6.0,
TCK21080,2023-12-31,Op003,3.7,0,5.0,29.01,TEL,Relevé compteur,Oui,0,Vrai,6.0,
TCK21081,2023-07-10,Op007,5.6,1,,53.56,Chat,Résiliation,Non,0,Faux,,
TCK21082,2023-07-20,Op005,2.3,Oui,4.0,44.18,Chat,Demande d'information,Non,0,Faux,9.0,
TCK21083,2023-11-01,Op008,6.8,Non,8.0,10.98,Mail,Facturation,0,0,Vrai,,
TCK21084,2023-07-26,Op004,4.3,oui,4.0,50.66,TEL,Réclamation,Non,0,Faux,8.0,
TCK21085,2023-12-22,Op007,7.6,1,8.0,57.73,Réseaux sociaux,Panne compteur,1,0,Vrai,4.0,
TCK21086,2023-02-25,Op008,0.5,1,,33.25,Mail,Réclamation,Oui,1,Vrai,10.0,
TCK21087,2023-04-04,Op007,4.9,oui,,44.49,Mail,Changement d'offre,0,0,Faux,,Comportement agent
TCK21088,2023-04-13,Op002,4.1,oui,9.0,55.91,Réseaux sociaux,Déménagement,1,0,Faux,9.0,
TCK21089,2023-08-18,Op003,5.0,0,,50.76,TEL,Panne compteur,Oui,0,Vrai,2.0,
TCK21090,2023-10-06,Op004,3.5,oui,7.0,15.61,Tel,Relevé compteur,Oui,0,Vrai,3.0,
TCK21091,2023-12-22,Op007,3.9,1,5.0,24.56,Tel,Facturation,Oui,0,Vrai,,
TCK21092,2023-06-21,Op003,6.7,Non,6.0,54.96,Tel,Facturation,Non,0,Vrai,,
TCK21093,2023-06-06,Op002,5.3,1,10.0,41.19,Tel,Résiliation,Oui,0,Vrai,,
TCK21094,2023-03-30,Op002,4.0,0,,35.07,TEL,Changement d'offre,1,0,Faux,5.0,
TCK21095,2023-11-09,Op007,3.1,Non,,12.17,Mail,Résiliation,1,0,Vrai,,
TCK21096,2023-07-06,Op001,2.6,Oui,8.0,42.35,Tel,Résiliation,Non,0,Vrai,,Délai de traitement
TCK21097,2023-01-20,Op007,3.6,Oui,6.0,33.21,Tel,Demande d'information,1,0,Faux,,
TCK21098,2023-10-09,Op004,0.5,1,4.0,57.8,Tel,Litige paiement,0,0,Vrai,,
TCK21099,2023-06-04,Op004,4.2,1,,20.74,Réseaux sociaux,Demande d'information,Non,0,Vrai,,
TCK21100,2023-04-24,Op003,7.6,Non,7.0,37.84,Tel,Déménagement,Non,0,Vrai,6.0,
TCK21101,2023-06-23,Op001,4.7,oui,8.0,56.45,Tel,Demande d'information,1,0,Vrai,10.0,Facturation incorrecte
TCK21102,2023-02-01,Op001,3.3,1,9.0,14.43,Réseaux sociaux,Souscription contrat,1,0,Vrai,,
TCK21103,2023-10-15,Op006,0.5,oui,8.0,40.45,Tel,Panne compteur,Non,0,Vrai,,
TCK21104,2023-02-25,Op003,3.1,oui,8.0,,Mail,Litige paiement,Oui,1,Vrai,8.0,
TCK21105,2023-11-06,Op003,3.6,Non,9.0,37.23,Chat,Réclamation,Oui,1,Vrai,,
TCK21106,2023-06-26,Op003,3.1,Non,,44.91,Réseaux sociaux,Réclamation,Non,1,Vrai,3.0,
TCK21107,2023-06-22,Op002,4.6,1,,41.19,Réseaux sociaux,Souscription contrat,Oui,0,Vrai,4.0,
TCK21108,2023-09-27,Op001,4.3,oui,,46.02,TEL,Facturation,Non,0,Vrai,10.0,
TCK21109,2023-04-11,Op003,2.0,1,4.0,36.47,Chat,Changement d'offre,1,0,Vrai,8.0,
TCK21110,2023-09-02,Op001,1.6,0,,40.52,TEL,Souscription contrat,1,0,Vrai,,
TCK21111,2023-02-06,Op002,2.8,0,5.0,56.96,Réseaux sociaux,Facturation,0,0,Vrai,5.0,Facturation incorrecte
TCK21112,2023-09-01,Op003,3.5,0,6.0,33.03,Tel,Souscription contrat,Non,1,Vrai,10.0,
TCK21113,2023-01-10,Op002,4.9,1,10.0,54.54,Mail,Litige paiement,Oui,0,Faux,7.0,
TCK21114,2023-02-05,Op003,4.2,Non,,,TEL,Changement d'offre,0,0,Vrai,10.0,Facturation incorrecte
TCK21115,2023-02-07,Op004,5.6,Oui,,52.24,Réseaux sociaux,Litige paiement,1,0,Vrai,9.0,
TCK21116,2023-08-23,Op007,1.8,1,9.0,41.71,Tel,Déménagement,Non,0,Vrai,,
TCK21117,2023-11-13,Op002,0.8,Non,4.0,48.72,Tel,Résiliation,1,0,Vrai,7.0,
TCK21118,2023-06-21,Op002,4.7,oui,8.0,19.34,Mail,Résiliation,Oui,0,Vrai,,Délai de traitement
TCK21119,2023-06-19,Op002,3.7,Oui,9.0,27.3,Tel,Changement d'offre,1,0,Faux,8.0,
TCK21120,2023-02-11,Op006,3.7,oui,5.0,26.71,TEL,Relevé compteur,Oui,0,Vrai,,
TCK21121,2023-06-23,Op005,0.7,0,,15.37,TEL,Litige paiement,1,0,Faux,8.0,
TCK21122,2023-08-30,Op002,5.6,Oui,,15.78,Réseaux sociaux,Souscription contrat,1,0,Vrai,5.0,
TCK21123,2023-05-26,Op007,4.4,oui,7.0,57.31,Tel,Demande d'information,1,0,Vrai,0.0,
TCK21124,2023-05-19,Op005,5.9,1,10.0,42.26,TEL,Souscription contrat,0,0,Vrai,1.0,
TCK21125,2023-11-12,Op001,6.9,Oui,7.0,51.34,Chat,Souscription contrat,Oui,1,Faux,,
TCK21126,2023-04-22,Op001,4.5,0,,44.85,Réseaux sociaux,Résiliation,1,0,Vrai,10.0,
TCK21127,2023-04-15,Op003,2.7,1,4.0,39.34,Chat,Panne compteur,0,0,Vrai,9.0,
TCK21128,2023-05-18,Op004,5.1,Non,7.0,28.96,Chat,Demande d'information,1,0,Vrai,7.0,Facturation incorrecte
TCK21129,2023-08-31,Op008,8.0,Non,8.0,27.01,Réseaux sociaux,Panne compteur,Oui,1,Faux,,
TCK21130,2023-08-02,Op005,6.0,1,7.0,34.81,Mail,Litige paiement,Oui,1,Vrai,9.0,
TCK21131,2023-06-03,Op006,5.0,1,4.0,51.24,TEL,Déménagement,Oui,1,Vrai,8.0,
TCK21132,2023-11-17,Op001,2.9,Oui,10.0,13.08,Mail,Panne compteur,0,0,Vrai,,
TCK21133,2023-01-15,Op006,4.1,0,8.0,12.57,Mail,Résiliation,Non,0,Vrai,10.0,
TCK21134,2023-10-25,Op002,1.7,Non,5.0,45.9,Réseaux sociaux,Réclamation,1,0,Vrai,0.0,Délai de traitement
TCK21135,2023-02-08,Op005,2.5,Oui,9.0,47.14,Chat,Facturation,0,0,Vrai,10.0,
TCK21136,2023-02-02,Op007,5.2,Non,,17.23,Réseaux sociaux,Résiliation,0,0,Faux,0.0,
TCK21137,2023-04-05,Op004,1.4,1,,16.7,Réseaux sociaux,Déménagement,0,0,Vrai,3.0,
TCK21138,2023-02-05,Op004,3.9,Oui,4.0,,Réseaux sociaux,Panne compteur,1,0,Vrai,9.0,
TCK21139,2023-10-22,Op007,2.3,Oui,8.0,27.78,Mail,Facturation,Oui,0,Vrai,9.0,Délai de traitement
TCK21140,2023-09-27,Op006,4.6,1,,16.39,Chat,Demande d'information,0,0,Vrai,,
TCK21141,2023-04-17,Op004,7.1,Non,2.0,46.95,Chat,Changement d'offre,1,0,Vrai,4.0,Erreur technique
TCK21142,2023-04-01,Op006,1.8,Non,,28.77,Mail,Litige paiement,1,0,Vrai,5.0,
TCK21143,2023-03-10,Op001,3.3,0,9.0,34.89,Chat,Panne compteur,Oui,0,Vrai,7.0,
TCK21144,2023-01-20,Op005,2.3,Non,9.0,29.93,Réseaux sociaux,Demande d'information,1,0,Vrai,8.0,
TCK21145,2023-08-08,Op003,3.2,Non,9.0,10.96,Réseaux sociaux,Relevé compteur,Non,1,Vrai,,
TCK21146,2023-01-01,Op002,3.4,Non,9.0,12.2,Tel,Demande d'information,1,0,Vrai,5.0,Facturation incorrecte
TCK21147,2023-01-30,Op001,5.4,1,,42.68,Chat,Relevé compteur,1,0,Vrai,,
TCK21148,2023-06-10,Op007,5.7,oui,,34.68,Réseaux sociaux,Panne compteur,0,0,Vrai,,
TCK21149,2023-04-02,Op001,5.5,1,5.0,,Réseaux sociaux,Souscription contrat,Oui,1,Vrai,9.0,
TCK21150,2023-01-22,Op005,5.7,Non,7.0,44.99,Mail,Réclamation,1,0,Vrai,9.0,
TCK21151,2023-04-19,Op005,3.0,Oui,7.0,22.31,Mail,Facturation,Non,0,Vrai,8.0,
TCK21152,2023-08-16,Op008,5.2,1,9.0,46.12,Chat,Résiliation,Oui,0,Vrai,,
TCK21153,2023-06-15,Op006,4.8,Oui,5.0,19.52,Réseaux sociaux,Facturation,Oui,0,Vrai,4.0,Comportement agent
TCK21154,2023-09-20,Op005,3.1,oui,10.0,29.48,Chat,Panne compteur,Oui,0,Vrai,,
TCK21155,2023-12-13,Op007,4.3,oui,,47.08,Réseaux sociaux,Déménagement,1,1,,5.0,
TCK21156,2023-08-08,Op004,1.7,oui,8.0,39.77,Tel,Demande d'information,0,0,Vrai,9.0,
TCK21157,2023-05-11,Op008,2.6,0,,53.61,Chat,Relevé compteur,0,0,Vrai,10.0,
TCK21158,2023-01-16,Op003,4.3,0,7.0,17.91,Tel,Panne compteur,Oui,1,Faux,7.0,
TCK21159,2023-10-22,Op004,3.6,0,8.0,44.77,Tel,Panne compteur,1,0,Vrai,3.0,
TCK21160,2023-11-20,Op005,5.1,0,8.0,24.31,TEL,Résiliation,1,0,Vrai,,
TCK21161,2023-03-05,Op007,3.2,0,4.0,19.95,Réseaux sociaux,Résiliation,1,0,Vrai,9.0,
TCK21162,2023-04-24,Op004,3.8,Oui,10.0,34.18,Tel,Souscription contrat,1,0,Vrai,,
TCK21163,2023-10-05,Op008,4.4,0,10.0,35.05,TEL,Facturation,1,0,Vrai,10.0,
TCK21164,2023-09-22,Op002,3.0,oui,9.0,28.82,Tel,Relevé compteur,Non,0,Vrai,,
TCK21165,2023-02-15,Op007,3.8,1,9.0,43.61,TEL,Panne compteur,0,0,Faux,3.0,
TCK21166,2023-05-18,Op001,4.8,1,,39.49,Réseaux sociaux,Déménagement,Oui,0,Vrai,4.0,
TCK21167,2023-04-20,Op008,7.2,Non,5.0,,Chat,Résiliation,Oui,0,Vrai,0.0,
TCK21168,2023-04-26,Op001,3.3,Non,,18.09,Réseaux sociaux,Litige paiement,Non,1,Vrai,8.0,
TCK21169,2023-07-06,Op006,2.9,Oui,10.0,22.46,Réseaux sociaux,Relevé compteur,1,0,Vrai,8.0,
TCK21170,2023-09-11,Op008,4.7,Oui,5.0,38.13,Tel,Facturation,1,1,Faux,8.0,
TCK21171,2023-02-22,Op004,1.7,1,9.0,57.25,TEL,Déménagement,Oui,0,Vrai,9.0,
TCK21172,2023-02-16,Op008,5.5,0,,,Mail,Changement d'offre,0,0,Vrai,,
TCK21173,2023-05-12,Op004,2.4,1,9.0,50.86,Tel,Facturation,1,1,Vrai,1.0,
TCK21174,2023-08-25,Op007,1.6,Oui,8.0,23.13,Chat,Déménagement,Oui,0,Vrai,8.0,
TCK21175,2023-09-15,Op005,5.2,oui,5.0,11.96,Mail,Changement d'offre,Oui,0,,,
TCK21176,2023-01-29,Op005,6.4,0,9.0,12.38,Tel,Résiliation,Non,0,Vrai,10.0,
TCK21177,2023-10-29,Op002,3.0,Non,7.0,20.96,Mail,Changement d'offre,Oui,1,Vrai,4.0,
TCK21178,2023-05-03,Op004,6.2,Non,5.0,32.77,Tel,Résiliation,0,0,Faux,5.0,
TCK21179,2023-09-12,Op001,5.8,1,10.0,44.9,Chat,Réclamation,Non,0,Faux,7.0,
TCK21180,2023-08-10,Op006,2.5,oui,5.0,,Chat,Souscription contrat,0,0,,5.0,
TCK21181,2023-10-27,Op006,3.8,oui,6.0,29.91,TEL,Litige paiement,Non,0,Vrai,6.0,
TCK21182,2023-07-10,Op002,5.6,Oui,9.0,13.44,Mail,Demande d'information,Oui,0,Faux,0.0,
TCK21183,2023-07-25,Op002,4.7,Oui,5.0,35.37,Mail,Souscription contrat,Oui,0,Faux,10.0,
TCK21184,2023-05-23,Op003,4.7,Non,9.0,11.2,Chat,Réclamation,Oui,0,Vrai,,
TCK21185,2023-11-25,Op004,0.8,Oui,8.0,25.65,TEL,Changement d'offre,Non,0,Vrai,5.0,
TCK21186,2023-08-04,Op007,4.9,1,10.0,32.53,Réseaux sociaux,Souscription contrat,Non,0,Vrai,3.0,
TCK21187,2023-02-17,Op005,6.8,0,3.0,24.28,Mail,Déménagement,Oui,0,,,
TCK21188,2023-07-16,Op005,2.9,1,2.0,51.78,Chat,Réclamation,1,1,Vrai,,
TCK21189,2023-12-07,Op005,1.8,Non,,58.36,TEL,Relevé compteur,1,0,Vrai,5.0,
TCK21190,2023-10-30,Op007,0.8,1,10.0,52.33,Tel,Litige paiement,Non,1,Faux,5.0,
TCK21191,2023-06-20,Op008,2.4,1,,31.35,Réseaux sociaux,Panne compteur,Non,0,Vrai,10.0,
TCK21192,2023-08-09,Op008,1.8,oui,6.0,47.18,Mail,Facturation,0,0,,6.0,
TCK21193,2023-08-28,Op005,5.0,Oui,,36.6,Chat,Panne compteur,Oui,0,Vrai,10.0,
TCK21194,2023-10-06,Op002,5.5,Oui,,20.75,TEL,Changement d'offre,0,0,,8.0,
TCK21195,2023-11-11,Op007,5.6,0,9.0,45.78,Réseaux sociaux,Déménagement,Oui,0,Vrai,,
TCK21196,2023-05-28,Op003,3.5,0,9.0,18.63,Réseaux sociaux,Déménagement,Oui,0,,,
TCK21197,2023-06-30,Op008,6.5,Oui,8.0,10.13,Chat,Panne compteur,0,1,Vrai,4.0,
TCK21198,2023-08-16,Op004,0.8,Oui,6.0,37.75,Réseaux sociaux,Relevé compteur,1,0,Vrai,,
TCK21199,2023-08-05,Op003,3.3,oui,3.0,19.4,TEL,Demande d'information,0,0,Vrai,,
TCK21200,2023-07-04,Op004,3.7,Non,6.0,21.32,Tel,Relevé compteur,Non,0,,,
TCK21201,2023-10-23,Op008,5.6,Non,3.0,34.04,Mail,Changement d'offre,Oui,0,Faux,4.0,
TCK21202,2023-12-27,Op004,1.8,Oui,9.0,23.59,Chat,Litige paiement,1,0,Faux,,
TCK21203,2023-09-07,Op003,4.5,oui,9.0,18.49,Tel,Déménagement,1,0,,5.0,
TCK21204,2023-01-15,Op001,6.2,1,9.0,,TEL,Litige paiement,0,0,Vrai,,
TCK21205,2023-10-15,Op008,5.9,0,4.0,33.12,Chat,Souscription contrat,Oui,0,Vrai,2.0,
TCK21206,2023-03-15,Op002,6.3,Oui,,16.91,Chat,Facturation,1,0,,,
TCK21207,2023-03-17,Op008,6.1,Oui,9.0,58.31,TEL,Panne compteur,1,0,Vrai,9.0,
TCK21208,2023-10-05,Op004,3.6,Oui,5.0,19.31,Tel,Litige paiement,0,0,Vrai,,
TCK21209,2023-07-23,Op006,5.5,oui,,16.28,TEL,Réclamation,Non,0,Vrai,3.0,
TCK21210,2023-10-03,Op007,5.2,1,8.0,33.48,Chat,Changement d'offre,1,0,,,
TCK21211,2023-07-18,Op006,3.4,oui,,49.15,Réseaux sociaux,Relevé compteur,1,0,Vrai,4.0,
TCK21212,2023-02-21,Op003,5.6,1,,44.32,Tel,Panne compteur,Non,1,Vrai,1.0,Facturation incorrecte
TCK21213,2023-07-24,Op003,7.1,0,5.0,10.92,Réseaux sociaux,Souscription contrat,1,1,Vrai,8.0,
TCK21214,2023-10-30,Op003,6.4,1,7.0,10.47,Chat,Facturation,Oui,0,Faux,8.0,Délai de traitement
TCK21215,2023-07-21,Op002,2.0,0,7.0,11.65,Réseaux sociaux,Souscription contrat,Non,0,Vrai,5.0,
TCK21216,2023-01-25,Op005,5.3,1,2.0,23.27,Chat,Demande d'information,Non,1,Vrai,,
TCK21217,2023-12-24,Op003,6.0,Oui,,44.4,Tel,Changement d'offre,1,0,,,
TCK21218,2023-10-31,Op001,3.3,0,9.0,11.8,TEL,Réclamation,0,0,Faux,7.0,
TCK21219,2023-01-30,Op007,6.3,1,9.0,56.64,Mail,Demande d'information,Non,0,Faux,,
TCK21220,2023-01-15,Op005,3.1,oui,5.0,34.59,Mail,Réclamation,1,0,Vrai,,
TCK21221,2023-07-06,Op007,4.0,1,8.0,48.42,Tel,Litige paiement,1,0,Vrai,5.0,
TCK21222,2023-09-10,Op006,3.2,oui,9.0,22.14,Réseaux sociaux,Demande d'information,Non,0,Vrai,9.0,
TCK21223,2023-08-14,Op005,2.9,oui,7.0,59.58,Tel,Relevé compteur,Oui,0,Vrai,6.0,
TCK21224,2023-12-26,Op005,5.1,1,6.0,56.26,Chat,Souscription contrat,1,0,Vrai,10.0,
TCK21225,2023-11-14,Op001,2.1,Oui,9.0,17.34,TEL,Résiliation,Non,0,Faux,3.0,
TCK21226,2023-02-13,Op004,4.1,0,7.0,41.7,Tel,Facturation,Oui,0,Vrai,5.0,
TCK21227,2023-09-12,Op006,5.1,Oui,5.0,,Mail,Demande d'information,Oui,0,Vrai,9.0,
TCK21228,2023-03-06,Op005,5.5,Non,3.0,26.94,TEL,Demande d'information,Oui,1,Vrai,6.0,
TCK21229,2023-02-19,Op006,3.3,1,4.0,18.78,Chat,Déménagement,0,0,Vrai,5.0,
TCK21230,2023-06-15,Op004,7.0,0,3.0,33.24,Réseaux sociaux,Facturation,0,1,Vrai,,
TCK21231,2023-04-13,Op007,3.8,Oui,4.0,36.88,TEL,Panne compteur,Non,0,Faux,8.0,
TCK21232,2023-10-07,Op002,1.7,Oui,,29.64,Réseaux sociaux,Litige paiement,Non,0,Vrai,7.0,
TCK21233,2023-03-04,Op006,6.9,Non,,44.78,Tel,Résiliation,Oui,0,Vrai,9.0,
TCK21234,2023-12-07,Op002,4.6,Non,,48.42,Tel,Souscription contrat,Oui,0,Vrai,,
TCK21235,2023-11-06,Op002,5.8,Non,5.0,14.46,Tel,Demande d'information,0,0,,,
TCK21236,2023-05-30,Op007,4.5,Oui,1.0,11.0,TEL,Réclamation,Oui,0,Vrai,7.0,
TCK21237,2023-01-15,Op008,1.8,1,,22.64,Mail,Demande d'information,0,0,Vrai,,
TCK21238,2023-08-15,Op006,3.9,Oui,10.0,23.23,Chat,Relevé compteur,Oui,0,Vrai,10.0,
TCK21239,2023-08-07,Op007,4.5,Oui,,35.7,TEL,Changement d'offre,1,0,Vrai,3.0,
TCK21240,2023-02-01,Op008,5.9,Non,,42.27,Chat,Relevé compteur,0,0,Vrai,,
TCK21241,2023-11-05,Op007,4.7,Non,8.0,30.74,TEL,Changement d'offre,Oui,0,Vrai,7.0,
TCK21242,2023-12-30,Op006,3.9,oui,5.0,43.79,Mail,Déménagement,Oui,1,Vrai,,
TCK21243,2023-09-30,Op002,4.0,1,4.0,37.99,Réseaux sociaux,Facturation,Oui,1,Vrai,8.0,
TCK21244,2023-01-10,Op007,5.7,1,7.0,41.26,TEL,Souscription contrat,0,0,Vrai,4.0,
TCK21245,2023-01-23,Op007,6.0,oui,7.0,59.32,TEL,Résiliation,Non,1,Vrai,3.0,
TCK21246,2023-04-28,Op002,2.7,oui,8.0,51.41,TEL,Changement d'offre,Oui,0,Vrai,,
TCK21247,2023-01-08,Op004,4.7,Oui,,22.59,TEL,Relevé compteur,Oui,0,Vrai,,Facturation incorrecte
TCK21248,2023-02-28,Op003,5.9,oui,8.0,33.02,Chat,Litige paiement,0,0,Vrai,8.0,
TCK21249,2023-11-21,Op002,7.4,oui,7.0,28.22,Mail,Relevé compteur,Oui,0,Vrai,5.0,
TCK21250,2023-05-26,Op005,6.8,Oui,6.0,47.56,Tel,Litige paiement,0,0,Vrai,8.0,
TCK21251,2023-03-15,Op006,2.0,oui,3.0,43.93,Chat,Réclamation,0,0,,9.0,
TCK21252,2023-07-04,Op006,4.4,oui,,49.58,TEL,Déménagement,Oui,1,Vrai,,
TCK21253,2023-11-23,Op005,1.9,0,,33.79,Mail,Relevé compteur,Oui,1,Vrai,9.0,
TCK21254,2023-01-22,Op003,7.3,Non,5.0,43.06,Mail,Demande d'information,1,0,Vrai,,
TCK21255,2023-04-23,Op006,4.9,oui,7.0,30.47,TEL,Changement d'offre,Oui,1,Faux,,
TCK21256,2023-04-04,Op005,6.0,1,3.0,50.55,TEL,Changement d'offre,0,0,Faux,,
TCK21257,2023-12-08,Op006,2.9,1,6.0,52.95,Réseaux sociaux,Changement d'offre,1,0,Vrai,8.0,
TCK21258,2023-06-13,Op006,3.4,1,,30.34,TEL,Changement d'offre,0,0,Faux,7.0,
TCK21259,2023-12-19,Op007,5.1,0,10.0,52.4,Mail,Changement d'offre,1,0,Vrai,7.0,
TCK21260,2023-02-08,Op008,6.7,Oui,,35.19,Chat,Changement d'offre,Non,0,Vrai,,
TCK21261,2023-07-31,Op003,1.3,Oui,5.0,42.3,Réseaux sociaux,Réclamation,Non,0,Vrai,7.0,
TCK21262,2023-07-31,Op007,6.4,Non,4.0,34.07,Tel,Souscription contrat,Non,0,Vrai,9.0,Facturation incorrecte
TCK21263,2023-05-13,Op001,4.9,1,,13.93,TEL,Relevé compteur,Oui,0,Vrai,,
TCK21264,2023-03-05,Op008,1.1,Non,,,Mail,Réclamation,1,1,Vrai,,
TCK21265,2023-09-28,Op008,5.7,Oui,4.0,17.75,TEL,Déménagement,Oui,0,Vrai,8.0,
TCK21266,2023-01-11,Op008,4.6,Oui,,56.66,Tel,Changement d'offre,1,0,Vrai,8.0,
TCK21267,2023-02-19,Op006,6.6,1,7.0,50.3,Tel,Souscription contrat,Non,0,Vrai,5.0,
TCK21268,2023-02-28,Op004,2.1,Oui,,55.54,TEL,Demande d'information,0,1,Faux,8.0,
TCK21269,2023-03-05,Op006,3.9,Non,,18.73,Chat,Demande d'information,1,0,Vrai,,Facturation incorrecte
TCK21270,2023-02-08,Op004,4.8,0,5.0,23.17,Réseaux sociaux,Facturation,1,0,Vrai,8.0,
TCK21271,2023-12-31,Op007,1.2,1,5.0,20.49,Mail,Litige paiement,Oui,1,Vrai,8.0,
TCK21272,2023-08-21,Op001,3.1,1,9.0,12.91,Mail,Demande d'information,0,1,Vrai,8.0,
TCK21273,2023-12-09,Op006,4.8,Non,10.0,28.61,Mail,Réclamation,1,0,Vrai,3.0,
TCK21274,2023-10-17,Op003,5.3,0,10.0,31.14,Mail,Changement d'offre,0,0,Faux,,
TCK21275,2023-09-14,Op006,7.6,0,,38.29,TEL,Réclamation,Oui,0,Vrai,9.0,Délai de traitement
TCK21276,2023-04-21,Op002,5.5,oui,9.0,12.75,Chat,Déménagement,1,0,Vrai,7.0,
TCK21277,2023-11-28,Op005,4.2,oui,9.0,43.67,Chat,Demande d'information,Non,0,Vrai,,
TCK21278,2023-03-28,Op004,4.7,Oui,,19.2,Chat,Relevé compteur,Oui,0,Vrai,,
TCK21279,2023-01-07,Op002,4.8,Oui,9.0,24.8,Tel,Facturation,1,0,Faux,10.0,
TCK21280,2023-04-23,Op008,3.7,oui,5.0,50.59,Tel,Litige paiement,Oui,0,Faux,,
TCK21281,2023-12-11,Op003,4.9,1,6.0,45.95,Tel,Déménagement,Oui,1,Faux,8.0,
TCK21282,2023-12-14,Op003,3.6,0,,45.89,Mail,Panne compteur,Non,0,Vrai,6.0,
TCK21283,2023-01-06,Op001,5.0,Oui,9.0,43.99,Réseaux sociaux,Relevé compteur,Oui,0,Vrai,,
TCK21284,2023-04-02,Op006,4.4,1,4.0,17.44,Mail,Panne compteur,Oui,0,Vrai,4.0,
TCK21285,2023-09-10,Op004,4.1,Non,,37.92,Tel,Déménagement,1,0,,5.0,
TCK21286,2023-03-29,Op006,4.2,Non,,52.25,TEL,Résiliation,0,0,Vrai,,
TCK21287,2023-11-17,Op005,5.8,oui,10.0,10.01,Réseaux sociaux,Changement d'offre,0,0,Vrai,,Facturation incorrecte
TCK21288,2023-10-02,Op002,5.7,Oui,9.0,14.85,Tel,Changement d'offre,Non,0,Faux,,
TCK21289,2023-07-06,Op006,4.0,oui,10.0,40.32,Tel,Réclamation,0,0,Vrai,5.0,
TCK21290,2023-07-28,Op008,5.8,Non,8.0,16.13,Réseaux sociaux,Relevé compteur,1,0,Faux,6.0,
TCK21291,2023-04-20,Op008,4.4,Non,3.0,20.6,Mail,Panne compteur,Non,0,Vrai,,
TCK21292,2023-07-16,Op007,4.4,oui,10.0,23.89,Chat,Souscription contrat,1,0,Vrai,8.0,
TCK21293,2023-05-29,Op007,3.7,Oui,10.0,53.5,Réseaux sociaux,Litige paiement,Oui,0,,,Comportement agent
TCK21294,2023-02-06,Op002,7.4,Non,3.0,36.6,Mail,Panne compteur,Non,0,,,
TCK21295,2023-08-02,Op005,7.1,1,8.0,14.59,Chat,Facturation,Oui,0,Faux,,
TCK21296,2023-04-21,Op002,3.3,0,10.0,33.64,Chat,Panne compteur,Non,1,Vrai,10.0,
TCK21297,2023-08-14,Op005,3.9,Non,,,Réseaux sociaux,Facturation,Oui,0,Faux,,
TCK21298,2023-08-03,Op001,5.9,Non,10.0,47.46,Réseaux sociaux,Facturation,1,0,Vrai,4.0,
TCK21299,2023-01-10,Op008,5.2,0,8.0,56.93,Réseaux sociaux,Changement d'offre,0,0,Vrai,,
TCK21300,2023-02-01,Op002,2.2,1,3.0,22.68,TEL,Demande d'information,Oui,0,Vrai,8.0,
TCK21301,2023-09-12,Op003,6.2,Oui,4.0,26.54,Chat,Souscription contrat,Non,1,Vrai,4.0,
TCK21302,2023-09-16,Op004,4.7,0,3.0,,Réseaux sociaux,Réclamation,Oui,0,Vrai,6.0,
TCK21303,2023-02-16,Op007,1.3,Non,,32.01,Tel,Réclamation,0,0,Faux,,
TCK21304,2023-02-28,Op006,8.2,Non,5.0,29.36,Mail,Facturation,Oui,0,,5.0,
TCK21305,2023-05-25,Op001,4.8,1,4.0,,Tel,Facturation,Non,0,Faux,10.0,
TCK21306,2023-02-04,Op007,3.3,Oui,7.0,27.47,TEL,Relevé compteur,Oui,0,Vrai,5.0,
TCK21307,2023-12-10,Op002,3.6,oui,9.0,47.09,Tel,Résiliation,Non,0,Vrai,4.0,
TCK21308,2023-05-26,Op003,5.9,0,,21.7,TEL,Panne compteur,0,0,Vrai,4.0,
TCK21309,2023-12-01,Op004,6.6,Non,7.0,,Réseaux sociaux,Facturation,0,0,Faux,10.0,
TCK21310,2023-12-22,Op006,7.2,0,10.0,34.21,Réseaux sociaux,Réclamation,1,1,Vrai,6.0,
TCK21311,2023-06-22,Op005,7.9,Oui,8.0,37.5,Tel,Résiliation,0,0,,,
TCK21312,2023-06-13,Op006,9.6,Non,6.0,45.78,Chat,Déménagement,Oui,0,Vrai,,
TCK21313,2023-02-16,Op004,3.9,0,6.0,15.48,TEL,Relevé compteur,1,0,Vrai,3.0,
TCK21314,2023-02-20,Op004,3.5,Oui,10.0,13.33,Réseaux sociaux,Souscription contrat,0,0,Faux,,
TCK21315,2023-09-19,Op003,5.2,Oui,5.0,58.8,Mail,Souscription contrat,1,0,Vrai,1.0,
TCK21316,2023-04-21,Op001,2.1,oui,9.0,34.27,Mail,Facturation,1,0,Faux,,
TCK21317,2023-08-05,Op001,4.1,Non,,51.51,Mail,Litige paiement,Non,0,Vrai,5.0,
TCK21318,2023-05-01,Op004,4.8,1,5.0,27.7,TEL,Relevé compteur,0,0,Vrai,5.0,
TCK21319,2023-07-05,Op008,5.4,0,,40.17,Tel,Changement d'offre,Non,0,Vrai,8.0,
TCK21320,2023-03-23,Op004,5.6,1,5.0,53.52,Réseaux sociaux,Réclamation,Oui,1,Vrai,7.0,
TCK21321,2023-01-15,Op003,4.0,oui,9.0,37.91,Mail,Souscription contrat,Oui,0,Vrai,9.0,
TCK21322,2023-10-09,Op004,2.4,0,10.0,11.67,Chat,Déménagement,Non,0,Vrai,10.0,Délai de traitement
TCK21323,2023-05-20,Op001,2.7,Non,5.0,50.79,Chat,Réclamation,Oui,0,Vrai,,
TCK21324,2023-03-30,Op007,1.0,Non,8.0,33.56,TEL,Panne compteur,1,0,Vrai,,
TCK21325,2023-02-14,Op005,3.5,1,8.0,50.94,Chat,Déménagement,1,0,Vrai,4.0,
TCK21326,2023-09-05,Op001,2.1,0,7.0,,Mail,Souscription contrat,0,0,Vrai,10.0,
TCK21327,2023-06-29,Op006,3.6,1,,28.68,Chat,Facturation,Oui,0,Vrai,8.0,
TCK21328,2023-05-28,Op007,2.7,Oui,9.0,40.36,Chat,Changement d'offre,Non,0,Vrai,,
TCK21329,2023-12-14,Op001,3.6,Oui,5.0,33.83,Mail,Facturation,0,0,,,
TCK21330,2023-05-21,Op007,6.8,0,4.0,47.97,Tel,Déménagement,Non,1,Vrai,5.0,Comportement agent
TCK21331,2023-04-13,Op004,5.7,Non,,54.3,Mail,Panne compteur,Non,0,,8.0,Délai de traitement
TCK21332,2023-12-23,Op004,5.0,Oui,9.0,26.63,Chat,Facturation,0,0,Vrai,6.0,
TCK21333,2023-06-13,Op003,4.8,0,6.0,35.16,Tel,Changement d'offre,Oui,0,Vrai,9.0,Délai de traitement
TCK21334,2023-07-10,Op005,3.8,Non,10.0,23.01,Réseaux sociaux,Relevé compteur,0,0,Vrai,3.0,
TCK21335,2023-10-07,Op002,4.1,1,,18.85,Chat,Panne compteur,1,0,Vrai,4.0,
TCK21336,2023-02-22,Op004,5.0,Oui,9.0,43.61,TEL,Souscription contrat,Non,0,Vrai,,
TCK21337,2023-07-10,Op008,5.9,Oui,10.0,10.27,TEL,Résiliation,Oui,0,Vrai,9.0,
TCK21338,2023-02-26,Op005,5.0,0,7.0,27.24,Réseaux sociaux,Déménagement,0,1,Vrai,10.0,
TCK21339,2023-03-07,Op004,5.8,Non,9.0,54.68,Tel,Demande d'information,Oui,0,Faux,7.0,
TCK21340,2023-12-16,Op008,5.4,0,,14.99,Tel,Réclamation,Oui,0,Vrai,2.0,
TCK21341,2023-04-10,Op003,1.4,Non,,56.1,Tel,Relevé compteur,0,1,Vrai,,Délai de traitement
TCK21342,2023-09-14,Op005,3.8,Oui,4.0,,Tel,Déménagement,Non,0,Vrai,9.0,
TCK21343,2023-12-14,Op007,3.6,0,,37.91,TEL,Résiliation,0,0,Vrai,5.0,
TCK21344,2023-12-27,Op008,5.6,oui,3.0,21.61,Réseaux sociaux,Litige paiement,0,0,Vrai,5.0,Comportement agent
TCK21345,2023-12-25,Op004,6.9,oui,2.0,10.05,Mail,Relevé compteur,0,0,Vrai,,
TCK21346,2023-03-18,Op007,4.2,1,9.0,55.19,Chat,Relevé compteur,0,0,Faux,,
TCK21347,2023-01-12,Op006,6.9,1,9.0,30.49,TEL,Réclamation,1,0,Faux,7.0,
TCK21348,2023-01-04,Op001,0.5,Non,9.0,32.38,Chat,Résiliation,Non,0,Vrai,6.0,
TCK21349,2023-04-09,Op001,8.9,Oui,10.0,48.76,Mail,Réclamation,0,0,Faux,,
TCK21350,2023-07-26,Op007,1.0,1,9.0,22.91,Mail,Changement d'offre,Oui,0,Vrai,0.0,
TCK21351,2023-06-12,Op001,5.0,1,7.0,11.89,Chat,Changement d'offre,1,0,Vrai,2.0,
TCK21352,2023-04-08,Op008,1.9,oui,1.0,17.41,Chat,Facturation,Non,0,,7.0,Délai de traitement
TCK21353,2023-07-05,Op006,5.3,1,10.0,42.69,Tel,Facturation,0,0,Faux,,
TCK21354,2023-03-04,Op004,6.5,Oui,,,Chat,Demande d'information,Non,1,Vrai,7.0,
TCK21355,2023-07-15,Op005,6.0,Oui,5.0,35.18,TEL,Souscription contrat,0,1,Vrai,,
TCK21356,2023-10-23,Op006,5.4,Oui,6.0,25.19,Mail,Panne compteur,0,0,Vrai,,
TCK21357,2023-09-17,Op002,6.6,1,4.0,59.15,Mail,Souscription contrat,1,0,Faux,5.0,
TCK21358,2023-01-27,Op002,3.0,oui,5.0,32.11,Mail,Panne compteur,1,0,Vrai,,
TCK21359,2023-12-05,Op002,3.3,1,,12.84,Tel,Déménagement,Oui,0,Vrai,5.0,
TCK21360,2023-10-03,Op002,4.6,0,2.0,37.85,Tel,Panne compteur,Oui,0,Faux,,
TCK21361,2023-01-27,Op002,5.1,1,,42.79,Chat,Litige paiement,0,0,Vrai,8.0,
TCK21362,2023-11-17,Op001,3.6,Oui,7.0,40.62,Réseaux sociaux,Résiliation,Non,0,Vrai,10.0,
TCK21363,2023-08-22,Op003,4.5,1,5.0,45.81,Chat,Relevé compteur,Oui,0,Vrai,5.0,
TCK21364,2023-08-16,Op002,7.2,Non,,21.35,Chat,Réclamation,1,1,Vrai,5.0,
TCK21365,2023-04-14,Op004,3.6,Non,10.0,21.06,Tel,Changement d'offre,0,1,Vrai,5.0,Délai de traitement
TCK21366,2023-08-12,Op002,3.8,oui,,,Mail,Souscription contrat,Oui,0,Vrai,,
TCK21367,2023-07-19,Op005,2.6,1,5.0,52.35,Mail,Souscription contrat,Oui,0,Vrai,,
TCK21368,2023-05-29,Op006,3.8,oui,10.0,39.46,Chat,Changement d'offre,1,0,Vrai,,
TCK21369,2023-09-05,Op003,6.5,oui,8.0,46.04,Chat,Résiliation,0,0,,10.0,
TCK21370,2023-01-11,Op003,3.3,0,9.0,58.6,Mail,Panne compteur,1,0,Vrai,3.0,
TCK21371,2023-03-20,Op001,3.6,1,8.0,40.88,Mail,Réclamation,Oui,1,Vrai,8.0,
TCK21372,2023-07-06,Op002,2.7,oui,5.0,23.06,TEL,Demande d'information,1,0,Faux,,
TCK21373,2023-06-04,Op003,5.8,Oui,8.0,35.6,TEL,Panne compteur,0,0,Vrai,,
TCK21374,2023-10-20,Op005,2.8,oui,7.0,23.14,TEL,Résiliation,0,0,Vrai,,Comportement agent
TCK21375,2023-06-01,Op003,3.6,0,,11.79,Réseaux sociaux,Résiliation,1,0,Vrai,,
TCK21376,2023-06-05,Op008,4.4,oui,8.0,14.71,Réseaux sociaux,Résiliation,0,0,Faux,,
TCK21377,2023-10-16,Op003,7.9,1,5.0,18.58,TEL,Déménagement,Oui,0,Vrai,5.0,Comportement agent
TCK21378,2023-07-12,Op006,4.9,1,,14.71,Mail,Facturation,1,0,Vrai,7.0,
TCK21379,2023-01-21,Op002,3.0,1,8.0,47.71,Chat,Demande d'information,Non,0,Faux,8.0,
TCK21380,2023-08-15,Op004,5.1,1,,13.65,Mail,Déménagement,Non,0,Vrai,9.0,
TCK21381,2023-12-03,Op007,5.5,Oui,,51.06,Chat,Relevé compteur,Non,0,Faux,0.0,
TCK21382,2023-07-16,Op006,6.7,1,6.0,40.04,Tel,Relevé compteur,Non,0,Vrai,,
TCK21383,2023-10-27,Op007,4.5,Non,8.0,44.09,Mail,Litige paiement,Oui,1,Vrai,7.0,
TCK21384,2023-05-26,Op008,3.2,0,4.0,11.97,Mail,Résiliation,Non,0,Vrai,9.0,
TCK21385,2023-08-06,Op008,8.5,0,3.0,10.72,Chat,Facturation,0,0,Vrai,,
TCK21386,2023-12-06,Op006,5.1,1,,38.36,Tel,Relevé compteur,1,0,Vrai,,
TCK21387,2023-01-04,Op006,3.0,0,4.0,37.67,Tel,Résiliation,Non,0,Vrai,8.0,
TCK21388,2023-08-09,Op007,4.4,Non,5.0,56.23,Mail,Panne compteur,Non,0,Vrai,,
TCK21389,2023-04-29,Op001,3.6,0,5.0,,Réseaux sociaux,Souscription contrat,Non,0,Faux,,
TCK21390,2023-12-31,Op008,7.5,0,7.0,48.99,Réseaux sociaux,Demande d'information,Non,0,Vrai,6.0,
TCK21391,2023-12-04,Op003,2.1,Non,,49.2,Chat,Changement d'offre,0,0,Vrai,5.0,
TCK21392,2023-04-05,Op007,6.6,Oui,9.0,,TEL,Déménagement,Oui,0,Vrai,,
TCK21393,2023-09-23,Op001,4.6,0,3.0,29.57,Tel,Demande d'information,Non,0,,7.0,
TCK21394,2023-12-09,Op001,4.0,oui,5.0,24.01,TEL,Relevé compteur,1,0,Vrai,,
TCK21395,2023-11-06,Op006,5.3,0,5.0,,Mail,Facturation,Non,0,Vrai,,
TCK21396,2023-05-13,Op001,1.9,1,5.0,21.59,Réseaux sociaux,Relevé compteur,1,0,Vrai,8.0,
TCK21397,2023-10-21,Op007,3.7,Oui,,55.07,Tel,Réclamation,1,0,Faux,,
TCK21398,2023-12-15,Op008,4.9,1,,40.81,Tel,Souscription contrat,Oui,0,Vrai,,
TCK21399,2023-11-03,Op003,6.7,0,7.0,33.72,Chat,Réclamation,Oui,0,Vrai,,
TCK21400,2023-08-13,Op004,5.9,Oui,5.0,16.28,Mail,Relevé compteur,1,0,Vrai,9.0,
TCK21401,2023-06-01,Op006,4.1,0,9.0,,Tel,Souscription contrat,1,0,Faux,9.0,
TCK21402,2023-08-24,Op004,1.2,Non,7.0,34.91,Chat,Relevé compteur,0,0,Faux,2.0,
TCK21403,2023-01-31,Op002,2.8,1,,32.88,Mail,Panne compteur,Non,1,Vrai,9.0,
TCK21404,2023-05-03,Op005,2.4,Non,,35.66,Mail,Facturation,Oui,0,Vrai,7.0,
TCK21405,2023-01-02,Op007,4.6,oui,9.0,22.12,TEL,Changement d'offre,1,1,Vrai,,
TCK21406,2023-04-30,Op002,3.8,Oui,10.0,41.33,Réseaux sociaux,Facturation,1,0,Vrai,10.0,
TCK21407,2023-06-06,Op005,7.2,Non,8.0,46.38,Mail,Réclamation,Oui,0,,5.0,
TCK21408,2023-07-05,Op007,3.9,Non,2.0,29.39,Tel,Facturation,1,0,Vrai,6.0,
TCK21409,2023-07-24,Op008,8.1,Non,8.0,28.8,Tel,Litige paiement,1,0,,1.0,
TCK21410,2023-05-20,Op003,4.3,Oui,9.0,52.46,TEL,Facturation,Oui,1,Faux,,Facturation incorrecte
TCK21411,2023-11-18,Op002,8.6,0,9.0,53.74,Mail,Panne compteur,1,0,Faux,9.0,
TCK21412,2023-08-20,Op004,4.1,Non,5.0,41.52,Réseaux sociaux,Relevé compteur,Non,0,Vrai,,
TCK21413,2023-01-14,Op008,4.2,Non,7.0,25.06,Réseaux sociaux,Changement d'offre,Oui,0,Faux,9.0,
TCK21414,2023-09-26,Op003,6.2,1,3.0,20.07,Chat,Demande d'information,Oui,1,Vrai,10.0,
TCK21415,2023-05-11,Op003,5.9,Oui,7.0,21.71,Tel,Demande d'information,Oui,0,Vrai,,
TCK21416,2023-09-19,Op004,2.2,Oui,5.0,25.27,Tel,Litige paiement,1,0,Vrai,,Erreur technique
TCK21417,2023-04-28,Op006,4.7,0,,26.07,Tel,Facturation,Oui,0,Vrai,,
TCK21418,2023-06-21,Op005,3.7,oui,5.0,49.43,Mail,Résiliation,1,0,Vrai,5.0,
TCK21419,2023-11-19,Op002,3.6,0,3.0,18.36,Réseaux sociaux,Litige paiement,1,0,Vrai,7.0,
TCK21420,2023-10-27,Op003,4.6,1,,58.8,Chat,Litige paiement,1,0,Vrai,5.0,
TCK21421,2023-04-14,Op002,4.0,Oui,,26.56,TEL,Relevé compteur,Oui,0,Vrai,,
TCK21422,2023-09-13,Op002,4.8,1,9.0,55.32,Réseaux sociaux,Réclamation,1,1,Vrai,6.0,
TCK21423,2023-05-22,Op007,2.7,Non,1.0,49.2,Chat,Changement d'offre,Non,0,Vrai,8.0,
TCK21424,2023-04-20,Op007,1.8,Oui,6.0,37.09,Mail,Réclamation,Oui,0,Vrai,5.0,
TCK21425,2023-09-17,Op005,6.3,1,5.0,14.56,Tel,Déménagement,Non,0,Vrai,9.0,
TCK21426,2023-09-30,Op001,6.6,oui,7.0,58.25,Chat,Déménagement,Non,1,Vrai,,
TCK21427,2023-08-17,Op004,6.2,Non,5.0,23.02,Chat,Résiliation,Non,0,,,
TCK21428,2023-03-10,Op006,4.6,oui,10.0,45.34,Réseaux sociaux,Panne compteur,Oui,1,Vrai,5.0,
TCK21429,2023-03-03,Op007,3.8,Non,8.0,49.52,TEL,Facturation,Non,1,Vrai,,
TCK21430,2023-02-26,Op002,3.4,oui,4.0,35.63,Mail,Réclamation,Oui,1,Vrai,,
TCK21431,2023-04-26,Op006,3.1,oui,5.0,26.53,Chat,Résiliation,Oui,0,Vrai,,
TCK21432,2023-10-08,Op005,4.4,Non,4.0,49.98,Chat,Déménagement,0,0,Vrai,8.0,
TCK21433,2023-04-27,Op007,6.5,0,5.0,39.03,Mail,Déménagement,0,0,Faux,,
TCK21434,2023-04-14,Op008,3.2,Non,6.0,51.57,Chat,Facturation,1,0,Vrai,10.0,
TCK21435,2023-03-16,Op001,6.5,oui,,23.73,TEL,Déménagement,1,0,Vrai,,
TCK21436,2023-05-12,Op005,1.9,oui,3.0,33.78,Tel,Souscription contrat,1,0,Vrai,10.0,
TCK21437,2023-03-03,Op001,4.9,0,8.0,25.91,Chat,Souscription contrat,1,0,Faux,4.0,
TCK21438,2023-05-29,Op004,5.3,0,6.0,59.21,Mail,Facturation,Non,0,Vrai,9.0,
TCK21439,2023-11-23,Op007,3.6,0,7.0,11.0,Réseaux sociaux,Facturation,1,0,Vrai,,
TCK21440,2023-07-06,Op008,2.6,1,9.0,12.02,Mail,Demande d'information,Non,0,Vrai,,
TCK21441,2023-02-06,Op006,6.0,0,10.0,30.14,Réseaux sociaux,Litige paiement,1,0,Vrai,,
TCK21442,2023-07-04,Op002,4.6,oui,8.0,53.67,Mail,Changement d'offre,Oui,1,Vrai,8.0,
TCK21443,2023-07-25,Op003,9.2,Oui,3.0,,Réseaux sociaux,Panne compteur,Oui,1,Vrai,5.0,
TCK21444,2023-01-20,Op001,4.9,Non,,44.01,Réseaux sociaux,Panne compteur,Oui,0,Vrai,6.0,
TCK21445,2023-11-21,Op005,3.5,Non,,43.45,Réseaux sociaux,Relevé compteur,0,0,Vrai,4.0,
TCK21446,2023-02-17,Op003,4.4,0,,29.9,Mail,Déménagement,0,0,Vrai,5.0,
TCK21447,2023-02-18,Op004,3.4,1,5.0,25.51,Réseaux sociaux,Relevé compteur,0,1,Vrai,,Erreur technique
TCK21448,2023-02-26,Op002,0.6,oui,6.0,31.62,TEL,Litige paiement,Oui,0,Vrai,8.0,
TCK21449,2023-12-11,Op007,2.9,Non,,58.96,TEL,Litige paiement,0,0,Vrai,5.0,
TCK21450,2023-02-27,Op004,8.7,Non,,51.51,Mail,Litige paiement,0,0,Vrai,,
TCK21451,2023-06-06,Op002,3.8,Non,4.0,28.02,Chat,Réclamation,Oui,1,Faux,9.0,
TCK21452,2023-04-04,Op005,1.0,Oui,4.0,28.74,Tel,Changement d'offre,1,0,Vrai,10.0,Délai de traitement
TCK21453,2023-05-23,Op002,1.8,Oui,,56.28,TEL,Changement d'offre,Non,0,Vrai,8.0,
TCK21454,2023-05-22,Op006,4.2,1,9.0,14.93,Chat,Résiliation,Non,0,Vrai,,
TCK21455,2023-06-26,Op004,2.8,0,8.0,40.95,Réseaux sociaux,Panne compteur,0,0,Vrai,,
TCK21456,2023-11-23,Op004,4.6,0,,,TEL,Panne compteur,0,0,Vrai,7.0,
TCK21457,2023-01-27,Op003,2.4,oui,2.0,10.36,Chat,Résiliation,Non,1,Vrai,4.0,Erreur technique
TCK21458,2023-09-10,Op005,6.6,oui,,34.2,Mail,Relevé compteur,0,0,Vrai,8.0,
TCK21459,2023-10-20,Op004,2.4,Oui,2.0,58.91,Réseaux sociaux,Déménagement,Oui,0,Vrai,,
TCK21460,2023-02-22,Op006,3.9,oui,2.0,12.27,Mail,Demande d'information,Non,0,,0.0,
TCK21461,2023-01-10,Op006,6.1,Oui,,52.28,Tel,Déménagement,Oui,0,Vrai,5.0,Erreur technique
TCK21462,2023-05-15,Op001,6.1,oui,9.0,55.4,Réseaux sociaux,Demande d'information,0,1,Vrai,,
TCK21463,2023-02-02,Op007,2.8,1,7.0,21.78,TEL,Souscription contrat,0,0,Faux,0.0,
TCK21464,2023-05-10,Op002,4.0,oui,9.0,58.82,TEL,Changement d'offre,Oui,0,Vrai,10.0,
TCK21465,2023-04-06,Op004,5.6,Oui,8.0,24.06,Réseaux sociaux,Litige paiement,Non,0,Vrai,10.0,
TCK21466,2023-04-11,Op001,5.0,Oui,9.0,33.89,Mail,Facturation,Non,0,Vrai,9.0,
TCK21467,2023-09-14,Op004,7.8,0,9.0,21.17,Tel,Facturation,0,0,Vrai,6.0,
TCK21468,2023-09-19,Op001,2.9,Non,,37.64,Mail,Litige paiement,1,0,Vrai,6.0,
TCK21469,2023-06-11,Op002,5.6,0,9.0,22.66,Mail,Demande d'information,Non,0,Vrai,5.0,
TCK21470,2023-01-09,Op006,3.4,Non,8.0,30.7,Tel,Panne compteur,1,0,Vrai,,Facturation incorrecte
TCK21471,2023-09-03,Op004,3.2,oui,,21.64,Tel,Panne compteur,0,1,Vrai,,
TCK21472,2023-08-01,Op006,6.5,Non,2.0,,Réseaux sociaux,Réclamation,Oui,1,Faux,,
TCK21473,2023-10-23,Op002,4.5,Oui,10.0,45.6,TEL,Facturation,Oui,0,Vrai,,
TCK21474,2023-06-15,Op001,3.0,1,,44.7,Chat,Facturation,1,1,Vrai,,Facturation incorrecte
TCK21475,2023-01-31,Op003,4.8,0,3.0,18.32,TEL,Changement d'offre,0,0,Vrai,8.0,Délai de traitement
TCK21476,2023-09-10,Op002,3.3,oui,7.0,30.85,Tel,Réclamation,Non,0,Vrai,,
TCK21477,2023-07-29,Op002,5.9,Oui,9.0,27.52,Chat,Litige paiement,0,0,Vrai,9.0,
TCK21478,2023-08-02,Op003,2.5,1,4.0,45.24,Tel,Demande d'information,0,0,Vrai,,
TCK21479,2023-06-22,Op001,4.9,oui,,55.25,Chat,Relevé compteur,0,0,Vrai,,Comportement agent
TCK21480,2023-11-20,Op006,3.6,oui,4.0,,TEL,Demande d'information,Oui,0,Vrai,5.0,
TCK21481,2023-08-30,Op007,0.5,0,,56.37,Tel,Relevé compteur,1,0,Vrai,2.0,
TCK21482,2023-04-16,Op006,1.3,Non,9.0,38.92,Tel,Demande d'information,Non,0,Vrai,,
TCK21483,2023-07-16,Op002,9.9,0,4.0,44.46,Mail,Réclamation,Non,0,Vrai,,
TCK21484,2023-06-03,Op005,3.1,Non,7.0,49.31,TEL,Souscription contrat,Non,0,Vrai,,
TCK21485,2023-12-23,Op002,4.3,Non,,28.85,TEL,Réclamation,1,0,Vrai,,
TCK21486,2023-03-23,Op008,5.0,0,10.0,54.01,Chat,Litige paiement,Non,1,Faux,5.0,
TCK21487,2023-05-05,Op008,3.1,oui,,54.39,TEL,Changement d'offre,0,0,Vrai,,
TCK21488,2023-08-30,Op003,3.7,1,3.0,40.08,TEL,Facturation,Non,0,Vrai,,
TCK21489,2023-12-27,Op007,6.5,0,,40.32,Réseaux sociaux,Litige paiement,1,0,Faux,,
TCK21490,2023-09-16,Op008,5.9,Non,9.0,,Tel,Réclamation,1,0,Vrai,6.0,Délai de traitement
TCK21491,2023-02-23,Op008,4.0,0,3.0,35.16,Réseaux sociaux,Résiliation,1,0,Vrai,,
TCK21492,2023-01-29,Op002,4.7,oui,6.0,34.68,Réseaux sociaux,Réclamation,Non,1,Vrai,8.0,
TCK21493,2023-02-12,Op004,4.5,0,5.0,18.92,Chat,Changement d'offre,1,0,Faux,7.0,
TCK21494,2023-06-15,Op001,7.0,Oui,9.0,48.84,TEL,Souscription contrat,Non,0,Faux,2.0,
TCK21495,2023-02-25,Op006,4.6,Non,,,Réseaux sociaux,Changement d'offre,Oui,0,Vrai,5.0,
TCK21496,2023-08-10,Op008,5.7,Non,,22.71,TEL,Changement d'offre,0,0,,,
TCK21497,2023-10-26,Op005,6.2,oui,,53.1,Tel,Demande d'information,1,1,Faux,5.0,
TCK21498,2023-09-20,Op004,4.4,Oui,4.0,16.52,TEL,Facturation,0,0,Vrai,9.0,
TCK21499,2023-09-17,Op002,4.7,oui,,58.78,Réseaux sociaux,Relevé compteur,1,0,Vrai,6.0,
TCK21500,2023-12-19,Op001,4.7,0,7.0,42.32,Tel,Changement d'offre,0,0,Faux,3.0,
TCK21501,2023-04-11,Op005,6.3,1,7.0,37.27,TEL,Litige paiement,Oui,0,Faux,,
TCK21502,2023-08-22,Op008,8.5,Oui,,35.13,Mail,Demande d'information,Non,0,Faux,9.0,
TCK21503,2023-09-24,Op004,4.6,Non,9.0,34.59,TEL,Relevé compteur,Oui,0,Vrai,6.0,Délai de traitement
TCK21504,2023-11-01,Op003,3.5,oui,10.0,17.94,TEL,Changement d'offre,Non,1,Vrai,8.0,
TCK21505,2023-08-31,Op007,3.1,Oui,5.0,19.78,TEL,Relevé compteur,0,0,Vrai,,
TCK21506,2023-02-24,Op003,5.6,0,7.0,40.51,Tel,Relevé compteur,Oui,0,Faux,4.0,
TCK21507,2023-10-05,Op005,1.7,Oui,10.0,17.7,TEL,Panne compteur,1,0,Vrai,9.0,
TCK21508,2023-07-05,Op007,5.6,0,3.0,,Mail,Réclamation,Non,0,Faux,8.0,
TCK21509,2023-12-09,Op003,5.7,Oui,,21.87,TEL,Panne compteur,0,0,Vrai,,
TCK21510,2023-01-25,Op003,5.0,oui,9.0,51.28,Mail,Souscription contrat,1,0,,,
TCK21511,2023-07-07,Op001,4.2,Non,8.0,44.89,TEL,Réclamation,Oui,0,Vrai,9.0,
TCK21512,2023-09-09,Op004,4.2,Non,4.0,37.97,TEL,Demande d'information,Oui,0,Faux,7.0,
TCK21513,2023-08-22,Op007,3.1,Oui,,19.37,TEL,Panne compteur,Non,0,Vrai,10.0,Comportement agent
TCK21514,2023-05-27,Op005,8.4,1,,26.37,Réseaux sociaux,Résiliation,0,0,Vrai,6.0,
TCK21515,2023-07-10,Op006,2.5,1,4.0,49.05,Tel,Facturation,Non,0,,3.0,
TCK21516,2023-10-15,Op003,3.6,1,9.0,51.93,Réseaux sociaux,Relevé compteur,Non,0,Vrai,5.0,
TCK21517,2023-10-23,Op002,6.1,oui,,15.18,Tel,Demande d'information,Oui,0,Vrai,,
TCK21518,2023-05-22,Op007,4.0,1,,14.15,TEL,Litige paiement,1,0,Vrai,3.0,
TCK21519,2023-02-24,Op007,4.9,oui,,42.09,TEL,Panne compteur,1,0,Vrai,0.0,
TCK21520,2023-03-28,Op002,6.1,oui,9.0,28.16,Tel,Relevé compteur,0,0,Vrai,,Comportement agent
TCK21521,2023-11-11,Op001,4.4,Oui,,24.36,Tel,Facturation,1,0,Vrai,,
TCK21522,2023-10-08,Op002,1.1,1,,27.22,Tel,Panne compteur,Oui,0,,,
TCK21523,2023-10-03,Op004,4.6,oui,6.0,44.69,Mail,Litige paiement,1,0,Vrai,9.0,
TCK21524,2023-01-24,Op001,5.6,0,,58.64,TEL,Réclamation,0,1,Vrai,3.0,
TCK21525,2023-04-20,Op006,5.3,0,6.0,23.33,Mail,Réclamation,Non,1,Vrai,4.0,
TCK21526,2023-09-14,Op004,3.1,Non,10.0,43.85,Réseaux sociaux,Facturation,0,0,Vrai,8.0,
TCK21527,2023-07-01,Op004,7.3,1,10.0,,Réseaux sociaux,Résiliation,1,0,Faux,,
TCK21528,2023-09-21,Op002,4.9,oui,,46.45,Mail,Réclamation,1,0,Vrai,7.0,
TCK21529,2023-09-10,Op006,4.5,Non,10.0,57.62,Tel,Déménagement,0,0,Faux,2.0,
TCK21530,2023-11-07,Op003,4.2,oui,9.0,22.59,Tel,Réclamation,Oui,0,Faux,8.0,
TCK21531,2023-03-14,Op008,6.9,Non,8.0,28.52,Mail,Résiliation,Oui,0,Vrai,8.0,
TCK21532,2023-11-23,Op004,4.5,0,5.0,35.25,Mail,Panne compteur,1,0,,5.0,
TCK21533,2023-08-04,Op005,3.8,1,5.0,36.26,Réseaux sociaux,Demande d'information,Non,1,Vrai,9.0,
TCK21534,2023-11-27,Op002,3.8,oui,7.0,31.2,Mail,Demande d'information,Non,1,Vrai,8.0,
TCK21535,2023-06-21,Op005,2.6,Oui,4.0,28.03,Chat,Panne compteur,1,0,Vrai,6.0,Facturation incorrecte
TCK21536,2023-11-22,Op003,4.7,Non,,38.6,TEL,Souscription contrat,0,0,Faux,,
TCK21537,2023-11-19,Op007,7.1,0,,,TEL,Relevé compteur,Oui,0,Vrai,,
TCK21538,2023-09-18,Op008,5.1,1,5.0,16.61,Mail,Déménagement,Oui,0,,0.0,
TCK21539,2023-09-27,Op005,5.2,oui,9.0,45.7,Tel,Déménagement,0,1,Vrai,,
TCK21540,2023-05-29,Op007,1.3,Non,5.0,,Tel,Résiliation,1,0,Faux,7.0,
TCK21541,2023-12-20,Op007,3.5,oui,5.0,12.5,Réseaux sociaux,Réclamation,1,0,Vrai,5.0,
TCK21542,2023-12-09,Op005,0.5,0,9.0,22.58,TEL,Relevé compteur,Oui,0,Vrai,9.0,
TCK21543,2023-09-27,Op001,4.1,Oui,1.0,44.73,Réseaux sociaux,Facturation,1,0,Vrai,4.0,Facturation incorrecte
TCK21544,2023-04-08,Op002,3.1,Non,7.0,12.47,Tel,Facturation,Oui,0,Vrai,,
TCK21545,2023-03-24,Op001,5.9,1,5.0,52.44,Mail,Résiliation,Non,1,Vrai,,
TCK21546,2023-09-09,Op003,1.8,oui,,22.32,Mail,Panne compteur,0,0,Faux,5.0,
TCK21547,2023-02-20,Op001,6.4,0,5.0,10.45,TEL,Réclamation,Non,0,Vrai,6.0,
TCK21548,2023-08-13,Op008,3.5,0,4.0,40.61,Tel,Facturation,1,0,Vrai,,
TCK21549,2023-12-29,Op005,3.8,Non,7.0,18.33,Mail,Souscription contrat,Non,1,Faux,,
TCK21550,2023-06-27,Op001,8.9,0,5.0,24.9,Mail,Changement d'offre,Oui,1,Vrai,,Facturation incorrecte
TCK21551,2023-09-21,Op004,5.9,Oui,,11.75,Chat,Déménagement,0,0,Vrai,5.0,
TCK21552,2023-09-20,Op008,2.9,0,3.0,49.82,Réseaux sociaux,Souscription contrat,0,0,Vrai,10.0,
TCK21553,2023-07-26,Op004,6.5,oui,,31.59,Mail,Litige paiement,1,1,Vrai,10.0,
TCK21554,2023-12-11,Op004,6.0,Non,,45.65,Chat,Litige paiement,Non,1,Vrai,,
TCK21555,2023-05-30,Op003,0.8,Non,5.0,23.68,Chat,Souscription contrat,0,0,Vrai,,
TCK21556,2023-08-20,Op007,4.8,Oui,8.0,26.35,Mail,Demande d'information,1,0,Vrai,1.0,
TCK21557,2023-11-12,Op004,2.7,oui,10.0,32.12,Réseaux sociaux,Réclamation,Non,0,Vrai,6.0,
TCK21558,2023-12-07,Op008,4.3,1,8.0,41.01,Tel,Changement d'offre,Non,0,,5.0,
TCK21559,2023-12-17,Op007,8.5,oui,10.0,37.21,Réseaux sociaux,Réclamation,Non,0,Faux,,
TCK21560,2023-01-21,Op003,6.1,oui,4.0,36.71,Chat,Relevé compteur,Oui,0,Vrai,8.0,
TCK21561,2023-07-14,Op004,6.3,1,9.0,43.95,Mail,Facturation,1,1,Vrai,7.0,Facturation incorrecte
TCK21562,2023-03-23,Op002,4.2,Non,10.0,30.64,Tel,Réclamation,Non,0,Vrai,3.0,
TCK21563,2023-11-22,Op001,6.4,1,5.0,48.21,Réseaux sociaux,Changement d'offre,0,0,Faux,,
TCK21564,2023-01-20,Op005,3.2,Non,,54.61,TEL,Facturation,1,0,Vrai,8.0,
TCK21565,2023-05-07,Op005,4.7,Oui,5.0,11.54,Tel,Relevé compteur,0,0,Vrai,7.0,
TCK21566,2023-07-07,Op005,6.0,1,4.0,57.66,Réseaux sociaux,Réclamation,Non,1,Vrai,2.0,
TCK21567,2023-12-31,Op007,5.9,1,8.0,12.71,Réseaux sociaux,Demande d'information,Oui,0,Faux,8.0,
TCK21568,2023-02-03,Op005,1.9,Oui,7.0,26.53,TEL,Changement d'offre,1,0,Vrai,8.0,
TCK21569,2023-07-28,Op004,7.9,1,8.0,14.52,TEL,Panne compteur,0,0,Vrai,,
TCK21570,2023-12-01,Op004,2.9,0,8.0,,Réseaux sociaux,Relevé compteur,1,1,Faux,2.0,
TCK21571,2023-05-02,Op007,9.4,0,2.0,15.23,TEL,Changement d'offre,Non,1,Vrai,,
TCK21572,2023-01-12,Op001,7.1,1,,48.36,TEL,Déménagement,Oui,0,Vrai,,
TCK21573,2023-12-01,Op007,5.7,Oui,3.0,55.27,Réseaux sociaux,Déménagement,0,0,Vrai,4.0,
TCK21574,2023-06-05,Op002,5.5,oui,5.0,53.27,Tel,Litige paiement,1,0,Vrai,7.0,
TCK21575,2023-02-15,Op007,4.3,Oui,5.0,24.83,Mail,Résiliation,Non,0,Vrai,10.0,
TCK21576,2023-04-23,Op004,4.1,Non,8.0,30.09,Chat,Litige paiement,1,0,Vrai,,
TCK21577,2023-03-22,Op007,2.4,oui,,38.79,Chat,Relevé compteur,Non,0,Faux,,
TCK21578,2023-10-20,Op002,7.2,0,,35.49,Tel,Relevé compteur,1,0,,2.0,
TCK21579,2023-02-01,Op007,5.4,Oui,9.0,15.24,Mail,Réclamation,Non,1,Vrai,5.0,
TCK21580,2023-06-18,Op001,3.7,Oui,10.0,58.56,Tel,Déménagement,Non,0,Faux,9.0,
TCK21581,2023-08-16,Op001,6.0,1,8.0,,Réseaux sociaux,Demande d'information,Non,1,Vrai,8.0,Erreur technique
TCK21582,2023-06-27,Op002,4.2,Non,2.0,12.33,Mail,Litige paiement,1,1,Faux,,
TCK21583,2023-03-19,Op005,4.1,0,9.0,45.26,Tel,Résiliation,Non,0,Vrai,,
TCK21584,2023-05-21,Op005,4.1,0,8.0,56.43,Tel,Facturation,0,0,Vrai,,
TCK21585,2023-05-17,Op002,6.6,Oui,,39.51,Chat,Litige paiement,Oui,1,,5.0,
TCK21586,2023-03-28,Op007,6.4,Non,7.0,24.84,TEL,Réclamation,Non,1,Vrai,6.0,
TCK21587,2023-03-07,Op002,5.2,oui,9.0,27.71,Mail,Souscription contrat,0,1,Vrai,,
TCK21588,2023-07-05,Op005,4.8,0,5.0,30.49,Tel,Réclamation,0,1,Faux,0.0,
TCK21589,2023-06-10,Op004,4.2,oui,,59.54,Mail,Litige paiement,Oui,0,Vrai,,
TCK21590,2023-10-16,Op004,9.2,oui,9.0,36.49,Mail,Panne compteur,1,0,Vrai,,
TCK21591,2023-08-01,Op005,2.1,Non,1.0,,Mail,Facturation,1,0,Faux,,
TCK21592,2023-11-03,Op004,3.6,Non,6.0,54.78,Tel,Panne compteur,Non,1,Vrai,,
TCK21593,2023-01-18,Op008,4.1,Non,,50.13,TEL,Changement d'offre,Oui,0,Vrai,9.0,
TCK21594,2023-10-12,Op001,5.2,0,,41.29,Chat,Relevé compteur,Oui,0,Vrai,,
TCK21595,2023-03-18,Op007,3.6,0,4.0,30.46,Réseaux sociaux,Changement d'offre,Oui,0,Vrai,8.0,
TCK21596,2023-12-14,Op002,5.6,0,4.0,45.01,TEL,Panne compteur,Oui,0,Faux,5.0,
TCK21597,2023-04-03,Op004,3.7,Oui,,37.39,Chat,Déménagement,0,1,Vrai,,
TCK21598,2023-07-25,Op002,3.1,0,5.0,33.7,Chat,Changement d'offre,1,0,Vrai,10.0,
TCK21599,2023-09-01,Op004,4.9,0,10.0,19.69,Chat,Changement d'offre,1,0,,6.0,
TCK21600,2023-05-16,Op002,5.6,Non,,,Réseaux sociaux,Changement d'offre,0,0,Vrai,8.0,
TCK21601,2023-01-15,Op007,2.5,Non,10.0,55.56,Tel,Demande d'information,1,0,Vrai,,
TCK21602,2023-11-16,Op003,2.1,1,,42.44,Tel,Panne compteur,1,0,Vrai,9.0,
TCK21603,2023-02-13,Op001,3.7,oui,4.0,53.56,Chat,Déménagement,0,0,Vrai,,
TCK21604,2023-12-03,Op005,5.5,1,10.0,36.83,TEL,Panne compteur,Non,0,Faux,,
TCK21605,2023-04-08,Op008,5.2,Non,9.0,47.59,Chat,Changement d'offre,1,0,Vrai,,
TCK21606,2023-08-22,Op008,3.8,oui,,29.48,Réseaux sociaux,Panne compteur,Oui,0,Vrai,,
TCK21607,2023-07-06,Op008,2.9,1,2.0,35.56,Mail,Relevé compteur,Non,0,Vrai,,
TCK21608,2023-06-13,Op008,4.2,Oui,9.0,,Chat,Demande d'information,0,0,Vrai,,
TCK21609,2023-10-18,Op005,4.1,1,1.0,27.88,Chat,Litige paiement,Non,0,Vrai,4.0,
TCK21610,2023-03-29,Op008,6.0,Non,8.0,55.14,TEL,Résiliation,0,0,Faux,2.0,
TCK21611,2023-10-26,Op002,1.8,Non,,58.11,Mail,Déménagement,Non,1,Vrai,2.0,
TCK21612,2023-12-10,Op004,6.3,oui,8.0,36.26,TEL,Facturation,1,0,Vrai,,
TCK21613,2023-05-14,Op002,5.3,oui,9.0,20.42,TEL,Demande d'information,1,1,Vrai,,
TCK21614,2023-01-16,Op003,9.3,1,4.0,47.12,TEL,Résiliation,Oui,0,Vrai,9.0,
TCK21615,2023-08-30,Op005,6.6,0,7.0,,Réseaux sociaux,Souscription contrat,1,0,Vrai,10.0,
TCK21616,2023-10-27,Op003,3.4,0,3.0,28.2,Réseaux sociaux,Litige paiement,Oui,0,Vrai,9.0,
TCK21617,2023-07-07,Op008,2.2,0,,57.97,Réseaux sociaux,Résiliation,1,1,Faux,,
TCK21618,2023-10-15,Op007,7.3,0,8.0,47.54,Chat,Réclamation,0,1,Vrai,,
TCK21619,2023-07-17,Op002,3.9,Non,7.0,23.28,Mail,Déménagement,1,0,,10.0,
TCK21620,2023-12-16,Op008,6.2,1,6.0,33.76,TEL,Facturation,1,0,Vrai,5.0,Facturation incorrecte
TCK21621,2023-11-06,Op001,4.8,oui,9.0,57.26,Mail,Changement d'offre,Non,0,Vrai,6.0,
TCK21622,2023-01-08,Op008,4.9,Non,4.0,29.12,Mail,Souscription contrat,1,0,Faux,,
TCK21623,2023-03-29,Op004,6.6,0,9.0,56.73,TEL,Changement d'offre,1,0,Faux,9.0,Erreur technique
TCK21624,2023-07-18,Op002,6.9,oui,9.0,32.31,Réseaux sociaux,Déménagement,Non,0,Vrai,8.0,
TCK21625,2023-09-08,Op002,0.2,1,,38.24,Chat,Déménagement,Non,1,Vrai,,Facturation incorrecte
TCK21626,2023-03-12,Op008,3.4,Oui,,54.1,Chat,Panne compteur,Non,0,,9.0,
TCK21627,2023-04-23,Op002,4.4,0,,32.22,TEL,Souscription contrat,Oui,1,Vrai,5.0,
TCK21628,2023-05-24,Op001,2.6,1,8.0,10.17,Tel,Souscription contrat,1,0,Vrai,,
TCK21629,2023-08-29,Op001,5.0,Oui,9.0,22.26,TEL,Changement d'offre,Non,1,Vrai,,Délai de traitement
TCK21630,2023-03-06,Op008,3.5,oui,,55.44,Chat,Déménagement,0,0,,4.0,
TCK21631,2023-12-07,Op004,5.0,0,,20.75,Tel,Demande d'information,1,1,Vrai,8.0,Erreur technique
TCK21632,2023-10-28,Op002,3.5,Non,6.0,10.7,Réseaux sociaux,Demande d'information,0,0,Faux,,
TCK21633,2023-11-17,Op008,3.6,Non,3.0,48.59,Chat,Souscription contrat,Non,0,Faux,1.0,
TCK21634,2023-03-10,Op004,5.0,1,9.0,19.41,Chat,Résiliation,Oui,1,Faux,,
TCK21635,2023-03-14,Op008,6.2,0,9.0,24.26,Chat,Litige paiement,Non,1,Vrai,,
TCK21636,2023-12-29,Op001,5.6,0,,,Mail,Déménagement,Non,1,Vrai,,
TCK21637,2023-07-30,Op001,4.4,oui,5.0,22.37,TEL,Facturation,Non,0,Vrai,8.0,
TCK21638,2023-07-06,Op001,3.7,Non,,24.89,Mail,Relevé compteur,0,0,Vrai,,
TCK21639,2023-05-31,Op004,7.5,Non,5.0,,Mail,Changement d'offre,Oui,0,,4.0,
TCK21640,2023-12-19,Op004,3.1,0,5.0,49.93,Chat,Litige paiement,Non,0,Vrai,,
TCK21641,2023-02-03,Op001,4.4,1,3.0,,Réseaux sociaux,Réclamation,1,0,Vrai,,
TCK21642,2023-01-12,Op008,6.0,1,4.0,13.42,Chat,Facturation,Non,0,,10.0,
TCK21643,2023-10-21,Op003,2.8,Oui,,57.75,Chat,Souscription contrat,Oui,0,Vrai,7.0,
TCK21644,2023-06-15,Op002,4.9,oui,5.0,50.47,Tel,Facturation,0,0,Vrai,,
TCK21645,2023-08-05,Op008,4.2,oui,8.0,58.39,Mail,Réclamation,1,0,Faux,1.0,
TCK21646,2023-12-13,Op001,7.7,oui,,28.54,TEL,Relevé compteur,1,0,Vrai,,Facturation incorrecte
TCK21647,2023-12-21,Op002,4.2,oui,10.0,19.22,Chat,Changement d'offre,Oui,0,Vrai,9.0,
TCK21648,2023-01-07,Op005,2.3,1,9.0,,Réseaux sociaux,Déménagement,Oui,0,Vrai,7.0,
TCK21649,2023-09-17,Op007,4.1,Non,9.0,59.1,Mail,Demande d'information,Oui,0,Vrai,2.0,
TCK21650,2023-02-12,Op002,4.8,Non,2.0,41.32,TEL,Demande d'information,0,0,Vrai,,
TCK21651,2023-08-06,Op007,3.0,0,,,TEL,Demande d'information,Non,0,Faux,,
TCK21652,2023-01-02,Op003,8.2,oui,,,Tel,Panne compteur,0,1,Vrai,8.0,
TCK21653,2023-06-21,Op006,5.4,1,9.0,15.81,Réseaux sociaux,Panne compteur,Oui,1,Vrai,3.0,
TCK21654,2023-08-30,Op007,1.3,1,9.0,57.01,TEL,Facturation,Oui,0,Vrai,1.0,
TCK21655,2023-02-25,Op006,5.3,1,8.0,48.1,Mail,Changement d'offre,0,0,Vrai,6.0,
TCK21656,2023-05-15,Op007,2.9,Non,9.0,10.56,Chat,Demande d'information,Oui,0,Vrai,5.0,
TCK21657,2023-11-21,Op008,3.4,1,,22.12,Chat,Changement d'offre,1,0,Vrai,,
TCK21658,2023-04-09,Op003,2.5,oui,10.0,35.45,Tel,Panne compteur,Non,1,Faux,3.0,
TCK21659,2023-10-17,Op006,5.8,0,8.0,54.39,Tel,Facturation,1,0,Vrai,10.0,
TCK21660,2023-03-18,Op001,2.9,oui,9.0,28.62,Réseaux sociaux,Facturation,1,0,Vrai,8.0,Facturation incorrecte
TCK21661,2023-07-05,Op006,7.4,1,,32.79,Chat,Changement d'offre,Non,0,Vrai,5.0,
TCK21662,2023-06-22,Op008,5.3,oui,9.0,28.21,Tel,Déménagement,Oui,1,Vrai,0.0,
TCK21663,2023-11-13,Op001,2.5,1,,52.62,Réseaux sociaux,Relevé compteur,0,0,Vrai,7.0,
TCK21664,2023-05-08,Op001,5.6,oui,3.0,28.21,Mail,Réclamation,Non,0,Vrai,,
TCK21665,2023-10-12,Op008,7.0,Oui,8.0,,Tel,Déménagement,1,1,Vrai,5.0,
TCK21666,2023-03-29,Op003,5.7,1,9.0,34.32,Chat,Changement d'offre,1,0,Vrai,,
TCK21667,2023-02-09,Op001,3.3,Oui,10.0,21.24,Réseaux sociaux,Facturation,Oui,0,Vrai,,
TCK21668,2023-10-31,Op005,3.7,Non,8.0,48.86,Réseaux sociaux,Résiliation,Non,0,,,
TCK21669,2023-04-05,Op007,3.7,Non,9.0,21.45,Mail,Réclamation,1,0,Faux,9.0,
TCK21670,2023-11-29,Op007,0.2,1,4.0,38.98,Mail,Résiliation,1,0,Vrai,10.0,
TCK21671,2023-05-22,Op003,7.1,0,5.0,53.86,Chat,Relevé compteur,0,0,Vrai,,
TCK21672,2023-12-16,Op003,4.2,1,2.0,10.77,Tel,Demande d'information,Oui,0,Vrai,5.0,
TCK21673,2023-05-29,Op003,6.4,Oui,6.0,31.32,TEL,Souscription contrat,Non,0,Faux,10.0,
TCK21674,2023-08-29,Op004,6.5,oui,8.0,42.57,Tel,Résiliation,Non,0,Vrai,7.0,
TCK21675,2023-02-21,Op003,8.3,Non,,17.7,Réseaux sociaux,Changement d'offre,Oui,0,Vrai,2.0,
TCK21676,2023-03-21,Op003,2.5,1,9.0,47.53,Réseaux sociaux,Facturation,0,1,Vrai,5.0,
TCK21677,2023-04-09,Op002,5.4,1,7.0,26.95,Réseaux sociaux,Réclamation,1,0,Vrai,8.0,
TCK21678,2023-03-11,Op008,4.3,Oui,3.0,30.39,Réseaux sociaux,Réclamation,Oui,1,Vrai,8.0,
TCK21679,2023-12-09,Op008,4.6,oui,,45.25,Chat,Demande d'information,0,0,Faux,,
TCK21680,2023-08-11,Op007,5.7,Oui,5.0,41.54,Tel,Déménagement,0,0,Vrai,4.0,
TCK21681,2023-07-08,Op002,3.4,oui,5.0,39.38,Réseaux sociaux,Réclamation,Oui,0,Vrai,,
TCK21682,2023-02-16,Op003,4.0,Non,,39.87,Mail,Résiliation,0,0,Vrai,,
TCK21683,2023-01-18,Op004,0.6,oui,7.0,33.62,Chat,Déménagement,Oui,0,Faux,8.0,
TCK21684,2023-09-01,Op005,3.4,Non,8.0,20.11,Réseaux sociaux,Réclamation,Oui,0,Vrai,,
TCK21685,2023-07-27,Op003,7.7,0,8.0,20.7,Chat,Demande d'information,Oui,0,Vrai,5.0,
TCK21686,2023-11-22,Op001,5.9,Non,4.0,20.12,Chat,Réclamation,Oui,0,,,
TCK21687,2023-02-23,Op002,5.7,Oui,4.0,57.95,Mail,Souscription contrat,1,0,Vrai,9.0,
TCK21688,2023-11-28,Op008,6.0,0,,45.34,TEL,Changement d'offre,0,0,Vrai,,
TCK21689,2023-09-22,Op004,4.5,Non,3.0,46.12,Mail,Litige paiement,1,1,Vrai,,
TCK21690,2023-11-09,Op008,6.6,Oui,4.0,26.95,Tel,Réclamation,0,0,Faux,1.0,Facturation incorrecte
TCK21691,2023-07-29,Op007,3.4,1,10.0,50.97,Mail,Déménagement,0,0,Vrai,,
TCK21692,2023-11-11,Op004,4.2,0,8.0,27.04,TEL,Réclamation,Non,0,Vrai,,
TCK21693,2023-07-05,Op005,4.2,oui,8.0,30.42,Mail,Souscription contrat,Oui,0,Vrai,,
TCK21694,2023-09-04,Op008,6.7,Non,6.0,14.85,Mail,Facturation,Non,0,Vrai,3.0,
TCK21695,2023-09-07,Op001,3.2,Oui,3.0,27.56,Chat,Facturation,Non,0,Faux,6.0,
TCK21696,2023-12-14,Op005,4.0,oui,9.0,28.62,Réseaux sociaux,Litige paiement,Oui,0,Vrai,9.0,
TCK21697,2023-06-29,Op004,3.6,oui,9.0,48.82,Réseaux sociaux,Changement d'offre,1,0,Faux,,
TCK21698,2023-07-27,Op008,7.6,Non,3.0,47.88,Tel,Déménagement,Oui,0,Vrai,5.0,
TCK21699,2023-06-22,Op008,6.6,oui,6.0,15.9,Chat,Déménagement,Non,0,Faux,3.0,
TCK21700,2023-03-14,Op006,5.4,Non,8.0,38.87,Réseaux sociaux,Changement d'offre,Non,0,Vrai,10.0,
TCK21701,2023-10-02,Op004,6.0,0,10.0,54.49,TEL,Litige paiement,1,0,Vrai,,
TCK21702,2023-09-27,Op002,2.8,0,,31.49,Mail,Demande d'information,0,0,Vrai,,
TCK21703,2023-03-12,Op006,5.7,Oui,5.0,34.7,TEL,Déménagement,Non,0,,9.0,
TCK21704,2023-08-29,Op008,5.2,Oui,,35.31,Tel,Demande d'information,0,0,Vrai,,
TCK21705,2023-06-26,Op007,3.2,0,3.0,11.28,Tel,Réclamation,0,0,Vrai,,Facturation incorrecte
TCK21706,2023-08-13,Op006,1.7,Oui,,16.08,Chat,Changement d'offre,1,0,Vrai,,
TCK21707,2023-11-25,Op006,4.8,Oui,3.0,28.17,Chat,Souscription contrat,Non,0,Vrai,7.0,
TCK21708,2023-10-08,Op007,4.6,Non,8.0,58.32,Tel,Facturation,Non,0,Faux,9.0,
TCK21709,2023-11-14,Op002,1.5,0,,38.75,TEL,Déménagement,0,0,Vrai,6.0,
TCK21710,2023-11-16,Op002,5.0,1,3.0,33.76,Chat,Relevé compteur,0,0,Faux,,
TCK21711,2023-07-25,Op008,5.9,Non,3.0,52.73,Chat,Changement d'offre,1,0,Vrai,,Comportement agent
TCK21712,2023-02-14,Op004,6.5,Oui,8.0,24.58,TEL,Facturation,1,0,Vrai,1.0,
TCK21713,2023-09-02,Op001,4.3,oui,10.0,16.44,Mail,Relevé compteur,0,0,Vrai,1.0,
TCK21714,2023-04-30,Op008,5.0,Oui,4.0,54.45,TEL,Réclamation,Non,1,Vrai,,
TCK21715,2023-10-02,Op002,6.5,Non,,56.89,Réseaux sociaux,Facturation,0,1,Vrai,,
TCK21716,2023-07-26,Op004,4.5,Oui,4.0,,Mail,Panne compteur,Oui,0,Vrai,0.0,
TCK21717,2023-03-24,Op008,3.3,0,,28.75,Tel,Souscription contrat,0,0,Vrai,4.0,
TCK21718,2023-04-16,Op002,6.7,0,9.0,24.03,Mail,Panne compteur,Oui,0,Vrai,9.0,
TCK21719,2023-01-12,Op008,5.4,0,10.0,37.84,Réseaux sociaux,Résiliation,Oui,1,Vrai,5.0,
TCK21720,2023-11-30,Op002,3.2,Oui,,50.7,Réseaux sociaux,Réclamation,Oui,0,Vrai,,
TCK21721,2023-02-02,Op003,5.2,1,6.0,40.31,TEL,Réclamation,Non,0,Faux,6.0,
TCK21722,2023-12-09,Op008,4.2,oui,5.0,15.41,Mail,Résiliation,0,0,Faux,,
TCK21723,2023-01-13,Op006,5.2,Non,,35.33,Tel,Changement d'offre,1,1,Faux,10.0,
TCK21724,2023-03-22,Op002,0.4,1,,13.29,Mail,Réclamation,0,0,Faux,6.0,
TCK21725,2023-02-22,Op007,5.3,Oui,5.0,,Tel,Panne compteur,0,0,Vrai,6.0,
TCK21726,2023-12-24,Op001,6.8,0,3.0,24.04,TEL,Relevé compteur,Non,0,Vrai,9.0,
TCK21727,2023-04-10,Op005,7.7,oui,5.0,55.51,TEL,Résiliation,Oui,0,Vrai,10.0,
TCK21728,2023-08-14,Op005,3.6,0,9.0,37.19,Réseaux sociaux,Réclamation,Non,0,Vrai,,
TCK21729,2023-04-30,Op002,1.2,oui,2.0,15.01,TEL,Déménagement,Non,1,Vrai,,
TCK21730,2023-04-14,Op005,4.2,Non,6.0,14.04,Chat,Litige paiement,0,0,Vrai,3.0,
TCK21731,2023-04-17,Op002,5.6,Oui,9.0,29.36,Réseaux sociaux,Résiliation,0,0,Vrai,5.0,
TCK21732,2023-06-24,Op007,5.1,0,3.0,,Tel,Relevé compteur,Non,0,Faux,10.0,
TCK21733,2023-07-09,Op005,9.0,Oui,,44.73,Tel,Déménagement,1,0,Faux,,
TCK21734,2023-05-22,Op007,4.3,oui,5.0,50.96,Réseaux sociaux,Changement d'offre,Oui,0,Faux,5.0,
TCK21735,2023-12-21,Op005,4.1,Non,3.0,13.99,Réseaux sociaux,Facturation,Oui,0,Vrai,,
TCK21736,2023-01-25,Op006,3.7,Non,9.0,40.61,TEL,Facturation,Non,0,Vrai,,
TCK21737,2023-04-01,Op001,6.4,Oui,9.0,17.64,Tel,Souscription contrat,Oui,0,,,
TCK21738,2023-11-20,Op001,3.8,oui,10.0,35.72,Réseaux sociaux,Résiliation,Non,0,Vrai,,
TCK21739,2023-03-19,Op008,3.1,Non,,39.44,Tel,Déménagement,Non,0,Vrai,9.0,
TCK21740,2023-03-21,Op006,5.6,Non,8.0,40.44,Chat,Changement d'offre,Oui,0,Vrai,6.0,
TCK21741,2023-01-04,Op001,6.5,1,8.0,30.59,Mail,Facturation,Oui,1,Faux,,
TCK21742,2023-09-29,Op008,-0.0,Non,4.0,,Chat,Déménagement,0,0,Vrai,8.0,
TCK21743,2023-06-03,Op005,3.1,oui,3.0,52.11,TEL,Déménagement,1,1,Vrai,7.0,
TCK21744,2023-02-08,Op002,2.5,oui,,54.51,TEL,Résiliation,Oui,0,Vrai,,
TCK21745,2023-12-20,Op002,5.5,Non,4.0,52.95,TEL,Réclamation,1,0,Vrai,,
TCK21746,2023-11-11,Op002,8.9,oui,6.0,23.75,Mail,Souscription contrat,0,0,Vrai,8.0,
TCK21747,2023-03-13,Op004,4.3,Non,3.0,45.84,TEL,Résiliation,0,0,Vrai,10.0,
TCK21748,2023-12-04,Op004,1.5,1,4.0,11.27,TEL,Souscription contrat,Oui,0,Vrai,10.0,
TCK21749,2023-11-11,Op006,6.1,Oui,8.0,47.51,Chat,Souscription contrat,0,0,Vrai,8.0,
TCK21750,2023-05-23,Op008,5.5,Oui,6.0,31.01,Tel,Réclamation,1,0,Vrai,4.0,
TCK21751,2023-04-11,Op008,3.7,0,9.0,38.85,Tel,Réclamation,Non,0,Vrai,7.0,
TCK21752,2023-01-06,Op005,2.3,oui,,48.76,TEL,Déménagement,Non,1,Vrai,,
TCK21753,2023-02-21,Op001,3.5,oui,6.0,31.65,Mail,Relevé compteur,0,0,Vrai,9.0,
TCK21754,2023-10-16,Op001,4.6,Non,6.0,43.08,TEL,Litige paiement,Non,0,Faux,9.0,
TCK21755,2023-08-30,Op001,4.2,oui,5.0,25.55,Chat,Changement d'offre,0,0,Vrai,8.0,
TCK21756,2023-12-05,Op005,2.5,1,7.0,44.01,TEL,Panne compteur,1,0,Vrai,8.0,
TCK21757,2023-05-31,Op008,2.2,1,,12.91,Mail,Facturation,1,0,Vrai,,
TCK21758,2023-05-19,Op006,3.2,0,,14.04,Tel,Changement d'offre,0,0,Faux,,
TCK21759,2023-04-26,Op007,5.8,Non,9.0,53.75,Réseaux sociaux,Litige paiement,1,0,Faux,8.0,
TCK21760,2023-08-20,Op004,4.0,0,5.0,45.12,Réseaux sociaux,Résiliation,Non,1,,10.0,
TCK21761,2023-10-08,Op004,6.4,1,,37.85,Tel,Demande d'information,0,0,,8.0,Facturation incorrecte
TCK21762,2023-10-02,Op004,3.7,1,4.0,36.18,Mail,Demande d'information,Non,0,Vrai,7.0,
TCK21763,2023-06-18,Op008,6.0,oui,9.0,34.27,Tel,Demande d'information,0,1,Vrai,5.0,
TCK21764,2023-06-06,Op007,5.9,1,3.0,18.29,Mail,Facturation,0,0,Faux,10.0,
TCK21765,2023-06-27,Op003,4.0,Non,8.0,17.48,Chat,Souscription contrat,0,0,Vrai,7.0,
TCK21766,2023-06-01,Op006,7.8,Oui,3.0,19.73,Chat,Demande d'information,1,0,Vrai,,
TCK21767,2023-12-19,Op008,6.1,1,,29.54,Réseaux sociaux,Déménagement,Oui,0,Vrai,0.0,
TCK21768,2023-03-10,Op001,6.7,oui,10.0,32.41,Mail,Demande d'information,Non,1,Vrai,5.0,
TCK21769,2023-08-05,Op003,6.0,Oui,9.0,56.88,TEL,Changement d'offre,0,0,Vrai,10.0,
TCK21770,2023-03-14,Op007,4.0,oui,6.0,38.47,Tel,Changement d'offre,Non,0,Vrai,7.0,
TCK21771,2023-08-03,Op002,7.5,1,8.0,44.63,Tel,Déménagement,Non,0,Vrai,7.0,
TCK21772,2023-09-29,Op002,6.2,oui,4.0,27.84,Réseaux sociaux,Demande d'information,Oui,0,,5.0,
TCK21773,2023-06-21,Op001,4.9,Non,3.0,24.99,TEL,Résiliation,1,0,Vrai,10.0,
TCK21774,2023-03-09,Op007,6.6,Oui,8.0,40.73,TEL,Changement d'offre,0,0,Vrai,5.0,
TCK21775,2023-04-29,Op005,6.8,Non,,52.46,TEL,Souscription contrat,Oui,1,Vrai,,
TCK21776,2023-04-18,Op003,6.5,oui,,27.97,Chat,Demande d'information,0,0,Vrai,9.0,
TCK21777,2023-05-10,Op002,4.4,Non,,56.34,Réseaux sociaux,Réclamation,Oui,0,Vrai,,
TCK21778,2023-03-12,Op003,2.6,Oui,7.0,38.2,Tel,Résiliation,0,0,Vrai,9.0,
TCK21779,2023-08-31,Op001,6.1,Non,5.0,,Chat,Souscription contrat,1,0,Faux,,
TCK21780,2023-01-13,Op007,2.5,oui,5.0,39.56,Réseaux sociaux,Demande d'information,0,0,Vrai,,
TCK21781,2023-04-16,Op007,4.7,1,9.0,25.74,Réseaux sociaux,Souscription contrat,0,0,Vrai,,
TCK21782,2023-04-25,Op007,6.1,oui,,43.8,Mail,Résiliation,1,0,Vrai,,
TCK21783,2023-02-12,Op001,5.1,oui,2.0,27.85,Chat,Demande d'information,0,0,Faux,9.0,
TCK21784,2023-01-13,Op005,8.2,Oui,3.0,58.01,Réseaux sociaux,Souscription contrat,Non,0,Vrai,,
TCK21785,2023-11-30,Op001,4.8,Non,5.0,22.68,Tel,Résiliation,Non,0,Vrai,9.0,
TCK21786,2023-02-08,Op007,5.4,oui,9.0,29.89,Mail,Panne compteur,1,1,Faux,,
TCK21787,2023-07-11,Op008,4.9,1,9.0,,Mail,Litige paiement,1,0,Vrai,7.0,
TCK21788,2023-01-12,Op008,4.6,oui,6.0,12.1,Mail,Changement d'offre,0,0,Vrai,,
TCK21789,2023-12-19,Op001,4.8,0,,55.34,TEL,Résiliation,1,0,Vrai,,
TCK21790,2023-12-27,Op002,0.8,oui,8.0,38.32,Réseaux sociaux,Résiliation,Oui,0,Vrai,6.0,
TCK21791,2023-05-30,Op001,2.4,oui,5.0,17.47,Mail,Relevé compteur,0,0,Faux,8.0,
TCK21792,2023-05-09,Op002,6.8,Oui,,10.77,TEL,Déménagement,Non,1,Vrai,9.0,
TCK21793,2023-10-10,Op007,4.3,0,,23.65,TEL,Facturation,Non,0,Vrai,,
TCK21794,2023-01-12,Op008,6.0,Oui,2.0,57.26,Chat,Facturation,0,0,Vrai,4.0,
TCK21795,2023-12-15,Op005,5.7,Non,2.0,40.43,Chat,Changement d'offre,Non,0,Faux,5.0,
TCK21796,2023-04-27,Op005,4.9,1,,48.77,Réseaux sociaux,Souscription contrat,0,0,Vrai,,
TCK21797,2023-08-07,Op002,4.2,Non,1.0,38.72,Chat,Déménagement,Non,0,Vrai,,
TCK21798,2023-01-30,Op005,5.4,oui,,45.62,TEL,Souscription contrat,Oui,0,Vrai,,
TCK21799,2023-06-27,Op006,4.9,0,,28.42,TEL,Souscription contrat,Non,0,Vrai,6.0,
TCK21800,2023-01-06,Op005,2.0,0,,18.34,Mail,Litige paiement,0,0,Faux,,
TCK21801,2023-07-17,Op003,1.4,0,10.0,11.15,Tel,Résiliation,Oui,0,Vrai,,
TCK21802,2023-06-10,Op002,5.2,1,3.0,50.11,Tel,Panne compteur,1,0,,9.0,
TCK21803,2023-12-13,Op004,2.9,0,5.0,59.41,Réseaux sociaux,Relevé compteur,1,1,Vrai,10.0,
TCK21804,2023-09-02,Op004,6.5,oui,1.0,56.86,Tel,Facturation,Oui,0,Vrai,,
TCK21805,2023-07-31,Op008,1.5,oui,,18.35,Réseaux sociaux,Relevé compteur,Oui,0,Vrai,7.0,
TCK21806,2023-08-13,Op005,6.2,0,,14.45,Réseaux sociaux,Changement d'offre,Non,0,Vrai,9.0,
TCK21807,2023-06-08,Op002,6.0,Non,,53.06,TEL,Litige paiement,1,1,Faux,,
TCK21808,2023-06-19,Op003,4.7,1,1.0,36.62,Réseaux sociaux,Demande d'information,Oui,0,Vrai,,
TCK21809,2023-09-01,Op006,0.7,oui,,23.38,Mail,Litige paiement,1,0,Vrai,5.0,Erreur technique
TCK21810,2023-03-03,Op007,4.1,Non,4.0,12.28,TEL,Résiliation,1,1,Vrai,,
TCK21811,2023-08-18,Op001,5.8,Oui,4.0,25.01,TEL,Litige paiement,Non,0,Vrai,8.0,
TCK21812,2023-07-16,Op003,0.1,oui,5.0,23.69,Chat,Changement d'offre,Oui,0,Vrai,10.0,
TCK21813,2023-12-06,Op002,6.0,oui,8.0,16.57,TEL,Demande d'information,0,0,Vrai,6.0,
TCK21814,2023-11-08,Op006,2.6,Oui,,40.9,Tel,Litige paiement,0,0,Vrai,,
TCK21815,2023-08-29,Op007,1.7,0,9.0,45.92,TEL,Demande d'information,Non,0,Faux,10.0,
TCK21816,2023-11-03,Op007,6.0,0,6.0,38.0,Mail,Réclamation,Non,0,Faux,,Facturation incorrecte
TCK21817,2023-09-24,Op001,4.1,Oui,,32.52,TEL,Réclamation,0,0,Faux,2.0,
TCK21818,2023-03-16,Op001,5.3,1,8.0,49.73,Chat,Changement d'offre,1,0,Vrai,,
TCK21819,2023-08-18,Op004,4.7,oui,8.0,12.0,Réseaux sociaux,Changement d'offre,1,0,Vrai,,
TCK21820,2023-08-30,Op003,3.9,0,2.0,25.73,TEL,Facturation,Oui,0,Vrai,,
TCK21821,2023-04-03,Op004,0.8,Non,9.0,45.01,Mail,Relevé compteur,Oui,0,Vrai,2.0,
TCK21822,2023-09-02,Op004,5.5,Oui,,,Mail,Changement d'offre,0,1,Vrai,5.0,
TCK21823,2023-11-17,Op002,5.9,oui,7.0,59.47,Mail,Changement d'offre,0,0,Vrai,,
TCK21824,2023-07-22,Op004,5.6,1,9.0,48.33,Mail,Relevé compteur,Non,1,Vrai,,
TCK21825,2023-07-12,Op004,3.8,oui,,28.11,Réseaux sociaux,Relevé compteur,0,0,Faux,6.0,
TCK21826,2023-01-14,Op001,3.6,Non,5.0,,Réseaux sociaux,Facturation,0,1,Vrai,,
TCK21827,2023-02-27,Op003,5.0,Non,7.0,49.47,TEL,Réclamation,Oui,0,Vrai,10.0,
TCK21828,2023-02-11,Op006,1.2,Non,9.0,42.79,TEL,Changement d'offre,0,0,,8.0,
TCK21829,2023-04-26,Op003,5.0,Non,5.0,42.08,Tel,Déménagement,1,0,Vrai,8.0,
TCK21830,2023-04-27,Op001,7.8,Oui,,53.83,Chat,Litige paiement,0,0,,,
TCK21831,2023-01-21,Op001,1.3,Oui,9.0,56.41,TEL,Déménagement,0,0,Vrai,,
TCK21832,2023-12-12,Op001,7.4,Oui,,31.97,TEL,Déménagement,1,0,Faux,10.0,
TCK21833,2023-11-18,Op001,4.8,0,4.0,47.3,Réseaux sociaux,Réclamation,Non,1,Vrai,8.0,
TCK21834,2023-08-11,Op008,3.5,0,,41.71,Mail,Litige paiement,Non,0,Vrai,3.0,
TCK21835,2023-06-03,Op003,2.3,Oui,,10.91,TEL,Déménagement,0,1,Faux,6.0,
TCK21836,2023-04-13,Op008,5.9,oui,5.0,29.96,Chat,Souscription contrat,1,0,Vrai,9.0,Facturation incorrecte
TCK21837,2023-03-29,Op007,5.4,0,8.0,32.4,TEL,Litige paiement,1,0,Vrai,,
TCK21838,2023-01-05,Op001,5.2,1,,24.41,Chat,Panne compteur,1,0,Vrai,,
TCK21839,2023-11-16,Op008,5.5,Non,,26.2,Tel,Relevé compteur,Non,0,Vrai,10.0,Facturation incorrecte
TCK21840,2023-06-20,Op005,5.7,Oui,9.0,18.11,TEL,Changement d'offre,Oui,0,Faux,3.0,
TCK21841,2023-10-29,Op002,7.8,oui,5.0,25.5,Réseaux sociaux,Réclamation,Non,0,Vrai,9.0,
TCK21842,2023-07-13,Op004,5.0,Oui,3.0,59.3,TEL,Litige paiement,Oui,0,,,
TCK21843,2023-02-23,Op008,5.6,Non,7.0,48.35,Mail,Litige paiement,0,0,Vrai,10.0,
TCK21844,2023-02-19,Op005,3.8,Non,,,Mail,Demande d'information,0,1,Vrai,10.0,
TCK21845,2023-09-22,Op001,8.1,1,8.0,27.34,Tel,Litige paiement,Non,0,Faux,8.0,
TCK21846,2023-10-28,Op008,4.6,oui,10.0,28.39,Tel,Relevé compteur,1,0,Vrai,5.0,
TCK21847,2023-12-06,Op002,4.0,0,8.0,30.78,TEL,Litige paiement,Non,0,Faux,7.0,Facturation incorrecte
TCK21848,2023-04-27,Op005,3.6,1,4.0,57.15,TEL,Demande d'information,Oui,0,Vrai,,
TCK21849,2023-02-12,Op008,6.1,Oui,,18.98,Chat,Panne compteur,Oui,0,Vrai,8.0,
TCK21850,2023-12-07,Op004,6.8,Oui,3.0,22.61,TEL,Panne compteur,Non,0,Faux,10.0,Facturation incorrecte
TCK21851,2023-07-21,Op002,6.6,Oui,,26.24,Tel,Changement d'offre,Non,0,Faux,,
TCK21852,2023-01-30,Op007,5.4,1,,26.45,Chat,Réclamation,Oui,1,Faux,6.0,
TCK21853,2023-03-13,Op005,5.6,Non,5.0,,Réseaux sociaux,Relevé compteur,Oui,0,Vrai,7.0,
TCK21854,2023-03-21,Op006,3.2,oui,8.0,20.44,TEL,Panne compteur,0,0,Vrai,,
TCK21855,2023-07-07,Op003,4.6,Non,5.0,34.29,Réseaux sociaux,Déménagement,Oui,0,Vrai,10.0,
TCK21856,2023-12-08,Op003,4.8,oui,7.0,44.67,Réseaux sociaux,Relevé compteur,1,0,Vrai,9.0,
TCK21857,2023-02-07,Op004,4.7,Oui,8.0,57.02,Réseaux sociaux,Relevé compteur,0,1,Vrai,9.0,
TCK21858,2023-12-29,Op005,8.3,1,,58.85,Mail,Réclamation,Oui,0,Vrai,10.0,
TCK21859,2023-09-13,Op006,6.6,Oui,8.0,42.11,Mail,Résiliation,0,0,Faux,10.0,
TCK21860,2023-01-16,Op002,7.7,1,4.0,59.51,TEL,Déménagement,Non,0,Faux,,
TCK21861,2023-11-15,Op006,6.1,oui,7.0,14.53,Réseaux sociaux,Changement d'offre,Oui,1,Vrai,,Facturation incorrecte
TCK21862,2023-05-10,Op001,2.3,1,4.0,42.0,TEL,Résiliation,0,1,Vrai,9.0,
TCK21863,2023-01-31,Op006,6.2,0,9.0,40.38,Mail,Souscription contrat,Non,1,Vrai,,
TCK21864,2023-10-17,Op004,3.8,oui,10.0,41.08,TEL,Panne compteur,1,0,Faux,1.0,
TCK21865,2023-08-01,Op008,3.6,Non,1.0,16.41,TEL,Relevé compteur,0,1,Vrai,7.0,Facturation incorrecte
TCK21866,2023-05-13,Op001,5.8,oui,6.0,26.35,Mail,Changement d'offre,1,0,Vrai,10.0,Facturation incorrecte
TCK21867,2023-07-30,Op004,3.6,Oui,9.0,34.4,Réseaux sociaux,Souscription contrat,Oui,0,Vrai,,
TCK21868,2023-09-29,Op002,7.2,0,3.0,,Mail,Souscription contrat,1,1,Vrai,,
TCK21869,2023-06-01,Op003,1.7,0,,47.77,Mail,Changement d'offre,Non,1,Vrai,,
TCK21870,2023-12-22,Op007,3.2,1,5.0,11.24,TEL,Demande d'information,0,1,Faux,8.0,
TCK21871,2023-05-15,Op008,5.8,1,7.0,29.19,Mail,Souscription contrat,Oui,0,Faux,10.0,
TCK21872,2023-09-26,Op002,5.3,0,,,Mail,Souscription contrat,1,0,Vrai,10.0,
TCK21873,2023-07-03,Op004,3.2,Non,,43.06,TEL,Litige paiement,Oui,0,Vrai,9.0,
TCK21874,2023-09-26,Op002,3.7,Non,,43.4,Mail,Panne compteur,1,0,Faux,,
TCK21875,2023-08-20,Op006,1.7,oui,,31.47,Chat,Relevé compteur,Non,0,Vrai,,
TCK21876,2023-03-26,Op003,3.2,0,8.0,30.07,TEL,Changement d'offre,Non,0,Vrai,8.0,
TCK21877,2023-09-16,Op006,4.3,Oui,9.0,48.24,Mail,Relevé compteur,1,0,Vrai,9.0,
TCK21878,2023-12-08,Op004,4.2,Non,5.0,31.18,Chat,Relevé compteur,1,1,Vrai,,
TCK21879,2023-03-31,Op003,5.9,oui,5.0,45.13,Mail,Panne compteur,Oui,0,Faux,,
TCK21880,2023-03-18,Op007,7.0,1,6.0,40.48,TEL,Facturation,0,1,Vrai,,
TCK21881,2023-02-21,Op001,4.0,oui,2.0,15.53,TEL,Souscription contrat,1,0,Vrai,8.0,
TCK21882,2023-11-01,Op008,2.4,Non,10.0,,Chat,Changement d'offre,0,0,Vrai,9.0,
TCK21883,2023-06-07,Op006,5.3,0,10.0,35.51,Chat,Facturation,Oui,0,Vrai,9.0,
TCK21884,2023-05-14,Op001,6.4,oui,,33.12,Tel,Changement d'offre,Non,0,Faux,,
TCK21885,2023-04-27,Op005,4.6,0,9.0,23.97,Tel,Changement d'offre,0,1,Vrai,9.0,
TCK21886,2023-11-19,Op007,5.3,0,4.0,,Tel,Panne compteur,Oui,0,Vrai,,
TCK21887,2023-07-07,Op004,3.9,1,2.0,18.55,Mail,Réclamation,1,0,Vrai,8.0,
TCK21888,2023-01-15,Op006,2.2,0,10.0,48.67,Tel,Litige paiement,1,0,Vrai,10.0,
TCK21889,2023-11-18,Op005,3.9,Non,4.0,33.72,Chat,Litige paiement,0,0,Vrai,,
TCK21890,2023-08-21,Op006,2.2,Oui,,52.61,Mail,Souscription contrat,1,0,Vrai,9.0,
TCK21891,2023-09-14,Op002,2.0,oui,7.0,37.69,Tel,Relevé compteur,0,0,,9.0,Délai de traitement
TCK21892,2023-05-20,Op003,5.5,0,,55.09,Réseaux sociaux,Panne compteur,1,0,Vrai,,
TCK21893,2023-07-06,Op008,5.0,Non,9.0,26.43,Tel,Litige paiement,Oui,0,Vrai,5.0,
TCK21894,2023-12-12,Op004,6.0,oui,8.0,23.73,Tel,Déménagement,Oui,0,Vrai,9.0,
TCK21895,2023-07-28,Op005,4.0,Oui,7.0,23.65,Chat,Déménagement,1,1,Vrai,,
TCK21896,2023-03-17,Op001,6.1,Non,9.0,31.92,Tel,Résiliation,Oui,0,Vrai,10.0,
TCK21897,2023-05-06,Op007,1.7,0,4.0,46.34,Mail,Changement d'offre,Non,0,,,
TCK21898,2023-03-30,Op008,5.1,1,9.0,20.22,TEL,Résiliation,Non,0,Faux,7.0,
TCK21899,2023-11-17,Op004,5.8,Non,5.0,56.63,Tel,Panne compteur,Oui,0,Faux,5.0,
TCK21900,2023-11-22,Op003,3.3,0,6.0,14.5,Chat,Litige paiement,1,0,Vrai,5.0,
TCK21901,2023-08-18,Op007,3.7,0,,38.17,Chat,Facturation,1,0,Vrai,9.0,
TCK21902,2023-12-29,Op003,2.6,0,9.0,40.21,Réseaux sociaux,Déménagement,0,0,Vrai,1.0,Délai de traitement
TCK21903,2023-03-19,Op005,2.7,0,9.0,50.84,TEL,Relevé compteur,0,0,Vrai,,
TCK21904,2023-06-13,Op002,3.1,0,9.0,22.27,Réseaux sociaux,Demande d'information,1,0,,7.0,
TCK21905,2023-08-13,Op007,6.1,Oui,6.0,58.29,Tel,Relevé compteur,Oui,0,Faux,7.0,
TCK21906,2023-03-25,Op008,3.2,Non,10.0,45.36,Mail,Déménagement,Non,0,Vrai,,
TCK21907,2023-09-23,Op003,1.0,oui,,39.38,Mail,Demande d'information,Non,0,,8.0,
TCK21908,2023-02-13,Op007,5.5,1,,46.54,Tel,Panne compteur,Oui,0,Vrai,8.0,
TCK21909,2023-10-06,Op001,1.1,Oui,10.0,12.12,Réseaux sociaux,Changement d'offre,0,0,Vrai,3.0,
TCK21910,2023-04-20,Op001,4.5,Oui,4.0,16.59,TEL,Déménagement,0,0,Vrai,4.0,
TCK21911,2023-02-28,Op001,4.0,oui,10.0,43.22,TEL,Changement d'offre,0,0,Vrai,8.0,
TCK21912,2023-12-19,Op002,3.9,0,8.0,,Chat,Changement d'offre,0,1,Vrai,,
TCK21913,2023-04-17,Op006,1.9,oui,5.0,19.88,Mail,Facturation,1,0,Vrai,,
TCK21914,2023-02-25,Op008,2.7,oui,,,Chat,Souscription contrat,Oui,1,Vrai,7.0,
TCK21915,2023-11-27,Op004,4.7,1,10.0,11.16,Tel,Souscription contrat,Oui,0,Vrai,,Facturation incorrecte
TCK21916,2023-05-07,Op001,5.3,Non,4.0,13.4,Réseaux sociaux,Relevé compteur,1,0,Faux,9.0,
TCK21917,2023-06-02,Op008,3.1,Non,10.0,15.41,Tel,Facturation,Non,0,Vrai,,
TCK21918,2023-08-03,Op007,1.2,0,8.0,57.58,Mail,Réclamation,0,0,Vrai,10.0,
TCK21919,2023-01-21,Op002,5.9,Oui,,,Mail,Relevé compteur,1,0,Vrai,8.0,
TCK21920,2023-06-10,Op001,2.7,Non,10.0,27.81,Tel,Relevé compteur,0,0,Vrai,10.0,
TCK21921,2023-05-28,Op006,8.5,0,7.0,57.35,Mail,Demande d'information,0,1,Vrai,,
TCK21922,2023-01-02,Op003,7.0,0,3.0,21.6,TEL,Déménagement,0,0,Vrai,9.0,
TCK21923,2023-11-06,Op005,7.8,Oui,10.0,12.33,Tel,Facturation,0,0,Vrai,7.0,
TCK21924,2023-10-22,Op007,4.2,1,,32.13,Chat,Relevé compteur,Oui,0,Vrai,,
TCK21925,2023-08-15,Op002,5.1,Non,1.0,15.73,TEL,Souscription contrat,Oui,0,Vrai,10.0,
TCK21926,2023-04-22,Op003,4.1,Oui,,54.33,Tel,Facturation,1,0,Faux,8.0,
TCK21927,2023-03-08,Op004,4.8,Oui,,46.49,Mail,Facturation,0,1,Vrai,0.0,
TCK21928,2023-06-16,Op006,4.9,0,5.0,25.63,Tel,Relevé compteur,0,0,Vrai,7.0,
TCK21929,2023-06-04,Op004,2.3,0,1.0,18.91,Chat,Déménagement,Non,1,Vrai,2.0,
TCK21930,2023-09-08,Op007,4.0,Non,5.0,29.93,Réseaux sociaux,Résiliation,Non,0,Vrai,10.0,
TCK21931,2023-10-24,Op002,6.4,1,1.0,18.49,Chat,Relevé compteur,Oui,1,Vrai,8.0,
TCK21932,2023-10-29,Op008,6.2,oui,,28.16,Mail,Changement d'offre,1,0,Vrai,,
TCK21933,2023-05-25,Op001,4.0,oui,9.0,57.58,TEL,Demande d'information,Non,0,Vrai,10.0,
TCK21934,2023-02-05,Op003,5.0,Oui,8.0,29.64,Chat,Litige paiement,Oui,0,Faux,10.0,
TCK21935,2023-10-04,Op008,4.1,Oui,,10.22,TEL,Changement d'offre,1,0,Vrai,,
TCK21936,2023-10-09,Op005,5.7,Non,10.0,49.96,Chat,Facturation,0,0,Vrai,,
TCK21937,2023-10-10,Op002,1.7,Non,8.0,16.67,Réseaux sociaux,Souscription contrat,0,0,Vrai,,
TCK21938,2023-07-30,Op002,5.5,1,10.0,48.46,Mail,Demande d'information,Oui,0,,8.0,
TCK21939,2023-06-01,Op008,7.2,oui,9.0,31.44,TEL,Déménagement,Oui,0,Faux,9.0,
TCK21940,2023-07-25,Op001,3.3,0,8.0,22.2,Tel,Relevé compteur,Non,0,Vrai,6.0,
TCK21941,2023-11-22,Op008,6.9,Oui,,46.45,Tel,Panne compteur,1,0,Vrai,,
TCK21942,2023-03-16,Op006,5.1,oui,10.0,27.47,TEL,Facturation,1,0,Vrai,5.0,
TCK21943,2023-10-05,Op005,4.4,0,,56.09,Tel,Souscription contrat,Oui,0,Vrai,9.0,Délai de traitement
TCK21944,2023-08-06,Op002,3.9,Non,7.0,55.88,Réseaux sociaux,Souscription contrat,Oui,0,Vrai,9.0,
TCK21945,2023-03-15,Op004,7.0,oui,8.0,32.51,Réseaux sociaux,Demande d'information,Oui,0,Vrai,10.0,
TCK21946,2023-12-05,Op006,4.1,1,9.0,21.39,Tel,Litige paiement,Non,0,Vrai,5.0,
TCK21947,2023-01-10,Op007,7.5,Non,10.0,19.97,Chat,Changement d'offre,0,0,Faux,7.0,
TCK21948,2023-09-23,Op002,7.2,Non,8.0,40.25,TEL,Résiliation,Non,0,Vrai,3.0,Comportement agent
TCK21949,2023-04-01,Op003,3.7,Oui,10.0,44.43,Chat,Déménagement,Non,0,Faux,7.0,
TCK21950,2023-05-24,Op006,4.2,oui,2.0,12.22,Tel,Réclamation,1,0,Vrai,6.0,
TCK21951,2023-05-11,Op006,1.2,Oui,8.0,50.88,Mail,Demande d'information,1,1,Faux,,
TCK21952,2023-10-29,Op003,4.5,Oui,4.0,10.55,Tel,Demande d'information,Oui,0,Vrai,,
TCK21953,2023-10-06,Op004,4.7,1,6.0,18.49,Mail,Changement d'offre,1,0,Vrai,,
TCK21954,2023-09-03,Op007,6.6,1,8.0,49.39,Réseaux sociaux,Facturation,0,0,Vrai,7.0,
TCK21955,2023-08-24,Op008,7.4,oui,,22.69,Tel,Panne compteur,Non,1,Vrai,,
TCK21956,2023-11-15,Op001,5.9,Oui,9.0,26.14,Mail,Facturation,Oui,0,Vrai,,
TCK21957,2023-04-11,Op002,6.4,1,5.0,37.27,TEL,Changement d'offre,1,0,Vrai,7.0,
TCK21958,2023-07-25,Op002,4.2,1,8.0,54.06,Réseaux sociaux,Réclamation,Non,0,Vrai,,
TCK21959,2023-07-18,Op001,2.4,0,3.0,31.06,Réseaux sociaux,Changement d'offre,Oui,0,Vrai,10.0,Délai de traitement
TCK21960,2023-08-29,Op002,5.0,Oui,3.0,19.59,Mail,Demande d'information,Oui,0,Vrai,5.0,
TCK21961,2023-12-18,Op008,6.6,Oui,,39.06,Réseaux sociaux,Litige paiement,0,0,Vrai,,
TCK21962,2023-10-24,Op008,-0.0,oui,2.0,,Mail,Résiliation,Non,0,Vrai,10.0,
TCK21963,2023-03-24,Op008,4.8,0,,15.98,Tel,Déménagement,0,0,Vrai,9.0,
TCK21964,2023-11-29,Op002,3.2,1,4.0,14.94,Réseaux sociaux,Facturation,1,0,Vrai,8.0,
TCK21965,2023-01-20,Op006,4.2,Oui,7.0,30.8,Tel,Résiliation,0,0,Vrai,,
TCK21966,2023-03-16,Op007,5.3,Non,7.0,28.79,Réseaux sociaux,Panne compteur,Non,0,Vrai,8.0,
TCK21967,2023-10-01,Op002,4.1,Oui,7.0,,TEL,Demande d'information,1,0,Vrai,,
TCK21968,2023-09-17,Op008,4.8,Oui,4.0,,Mail,Résiliation,0,0,Vrai,3.0,
TCK21969,2023-05-23,Op003,7.4,Oui,9.0,45.2,TEL,Litige paiement,Oui,0,Vrai,,
TCK21970,2023-05-12,Op007,6.8,oui,,28.25,Tel,Déménagement,Non,1,Faux,6.0,
TCK21971,2023-03-17,Op004,4.7,oui,6.0,15.01,Mail,Changement d'offre,Oui,0,Vrai,,
TCK21972,2023-03-09,Op006,2.0,Oui,,41.37,TEL,Changement d'offre,0,1,Vrai,,
TCK21973,2023-09-12,Op007,4.3,0,5.0,58.97,TEL,Changement d'offre,1,0,Vrai,,
TCK21974,2023-11-05,Op008,6.9,Non,3.0,35.39,Mail,Souscription contrat,Oui,0,Vrai,4.0,
TCK21975,2023-10-28,Op004,4.2,0,,,Tel,Déménagement,Non,0,Vrai,4.0,
TCK21976,2023-06-02,Op001,5.9,1,9.0,,Chat,Résiliation,1,0,Faux,8.0,
TCK21977,2023-07-09,Op004,4.5,1,8.0,54.5,Chat,Souscription contrat,Oui,0,Vrai,,Erreur technique
TCK21978,2023-08-15,Op005,3.3,Non,,37.25,Tel,Panne compteur,0,0,Vrai,10.0,
TCK21979,2023-12-25,Op007,6.2,oui,10.0,21.19,Chat,Souscription contrat,Oui,0,Vrai,7.0,
TCK21980,2023-01-27,Op005,3.1,Non,,,Tel,Panne compteur,0,0,Faux,10.0,
TCK21981,2023-12-28,Op005,0.6,Non,8.0,51.58,Chat,Changement d'offre,Oui,0,Vrai,,
TCK21982,2023-03-22,Op003,4.2,oui,9.0,10.89,Mail,Litige paiement,0,1,Vrai,8.0,
TCK21983,2023-03-11,Op002,6.1,Oui,9.0,53.09,Tel,Panne compteur,0,0,Faux,,
TCK21984,2023-06-05,Op005,5.3,Oui,9.0,11.25,Mail,Facturation,0,0,Vrai,10.0,
TCK21985,2023-06-16,Op008,2.5,Non,7.0,29.98,Mail,Relevé compteur,1,0,Vrai,,
TCK21986,2023-07-11,Op002,1.4,1,,55.25,Chat,Résiliation,Oui,0,Faux,,
TCK21987,2023-03-24,Op001,3.3,0,9.0,53.47,TEL,Litige paiement,0,0,Vrai,1.0,
TCK21988,2023-11-30,Op003,4.2,0,,41.36,TEL,Panne compteur,1,0,Vrai,10.0,
TCK21989,2023-03-18,Op002,4.3,oui,4.0,26.82,Tel,Souscription contrat,Oui,0,Faux,6.0,
TCK21990,2023-04-12,Op002,4.3,Non,6.0,16.67,Mail,Changement d'offre,0,0,Vrai,,
TCK21991,2023-04-13,Op005,4.6,Oui,2.0,44.32,Réseaux sociaux,Litige paiement,Oui,0,Faux,2.0,
TCK21992,2023-04-28,Op004,5.3,0,9.0,12.93,Chat,Panne compteur,1,1,Faux,,
TCK21993,2023-05-28,Op007,3.8,1,,20.77,Mail,Souscription contrat,0,0,Vrai,,
TCK21994,2023-03-29,Op006,2.9,Oui,,40.49,TEL,Litige paiement,Non,0,Vrai,5.0,
TCK21995,2023-01-06,Op007,5.5,Non,,46.31,Tel,Changement d'offre,Non,0,Vrai,,
TCK21996,2023-01-20,Op003,6.2,Non,5.0,40.17,Tel,Réclamation,Oui,0,Vrai,,
TCK21997,2023-01-27,Op006,3.6,0,,29.46,Mail,Déménagement,0,0,Vrai,,
TCK21998,2023-03-23,Op003,8.2,Oui,9.0,18.28,Tel,Panne compteur,Non,0,Vrai,7.0,
TCK21999,2023-11-08,Op007,7.3,Oui,2.0,30.14,TEL,Réclamation,Non,0,Vrai,3.0,
TCK22000,2023-11-17,Op008,2.6,1,7.0,48.06,Tel,Déménagement,1,0,Vrai,,Facturation incorrecte
TCK22001,2023-01-13,Op007,1.5,Non,10.0,34.13,Réseaux sociaux,Déménagement,Oui,0,Vrai,9.0,
TCK22002,2023-11-01,Op004,4.2,Non,10.0,30.79,Tel,Souscription contrat,1,0,Faux,6.0,
TCK22003,2023-09-19,Op005,5.0,1,9.0,49.35,TEL,Changement d'offre,Oui,0,Vrai,6.0,
TCK22004,2023-04-25,Op003,8.2,0,,12.67,Mail,Panne compteur,1,0,Vrai,,
TCK22005,2023-03-07,Op006,8.1,1,3.0,29.93,TEL,Déménagement,Non,0,Vrai,,Erreur technique
TCK22006,2023-05-29,Op008,5.8,0,2.0,43.81,Réseaux sociaux,Souscription contrat,1,0,Vrai,7.0,Délai de traitement
TCK22007,2023-02-26,Op007,3.9,oui,5.0,27.05,Réseaux sociaux,Demande d'information,Oui,1,Vrai,8.0,
TCK22008,2023-01-26,Op007,6.7,1,,54.17,Mail,Déménagement,0,0,Vrai,8.0,
TCK22009,2023-02-07,Op002,4.8,oui,4.0,,Tel,Changement d'offre,Oui,0,Faux,0.0,
TCK22010,2023-10-09,Op001,3.7,Non,,26.76,Chat,Relevé compteur,Non,0,Faux,,
TCK22011,2023-07-08,Op003,2.8,1,8.0,12.1,Tel,Changement d'offre,Non,0,Vrai,,
TCK22012,2023-06-12,Op006,6.4,oui,9.0,29.08,Chat,Panne compteur,Oui,1,Faux,9.0,
TCK22013,2023-03-23,Op002,5.0,Non,7.0,47.0,Réseaux sociaux,Résiliation,Non,1,Vrai,,
TCK22014,2023-03-09,Op002,1.9,1,,17.05,Tel,Changement d'offre,0,0,Vrai,7.0,
TCK22015,2023-02-06,Op005,7.1,0,9.0,45.47,Chat,Panne compteur,Oui,0,Vrai,7.0,
TCK22016,2023-10-19,Op004,5.3,0,,10.89,Réseaux sociaux,Souscription contrat,1,0,Vrai,,
TCK22017,2023-07-31,Op008,6.0,0,,20.81,Réseaux sociaux,Demande d'information,0,0,,,
TCK22018,2023-09-15,Op001,4.7,Non,,47.82,Réseaux sociaux,Déménagement,Oui,1,Vrai,0.0,
TCK22019,2023-09-10,Op006,3.2,1,,15.53,TEL,Litige paiement,0,0,Vrai,10.0,
TCK22020,2023-10-08,Op002,4.9,Non,10.0,44.5,Tel,Déménagement,1,0,Vrai,,
TCK22021,2023-09-07,Op008,6.7,Oui,8.0,58.57,Chat,Litige paiement,Non,0,Vrai,,
TCK22022,2023-05-25,Op005,4.0,1,,52.57,Chat,Résiliation,Non,0,Vrai,5.0,
TCK22023,2023-09-30,Op002,2.8,Non,9.0,55.31,TEL,Facturation,1,0,Vrai,9.0,
TCK22024,2023-06-12,Op008,9.1,Non,8.0,,Réseaux sociaux,Panne compteur,Oui,0,Faux,5.0,
TCK22025,2023-07-10,Op003,4.8,0,,45.41,Réseaux sociaux,Réclamation,Oui,0,Vrai,10.0,
TCK22026,2023-04-01,Op007,4.4,1,,32.53,Mail,Déménagement,0,0,Vrai,,Délai de traitement
TCK22027,2023-01-18,Op006,7.0,Oui,,31.19,Tel,Souscription contrat,0,1,Vrai,2.0,
TCK22028,2023-03-19,Op006,5.7,Oui,,37.41,Réseaux sociaux,Réclamation,0,1,Vrai,7.0,
TCK22029,2023-12-24,Op004,4.5,Non,8.0,,Chat,Facturation,Non,0,Vrai,2.0,
TCK22030,2023-07-09,Op005,6.0,Non,3.0,43.96,Chat,Litige paiement,1,0,Vrai,10.0,
TCK22031,2023-03-11,Op008,5.6,0,,40.35,Réseaux sociaux,Litige paiement,Oui,1,Vrai,,
TCK22032,2023-06-30,Op007,6.5,oui,10.0,51.08,TEL,Facturation,1,0,Faux,3.0,
TCK22033,2023-02-25,Op002,4.9,Oui,8.0,16.11,Réseaux sociaux,Litige paiement,Non,0,Vrai,6.0,
TCK22034,2023-08-26,Op001,4.0,Non,,22.68,Réseaux sociaux,Facturation,1,0,Vrai,6.0,
TCK22035,2023-02-03,Op001,6.5,0,9.0,53.49,Réseaux sociaux,Relevé compteur,Non,0,,9.0,Erreur technique
TCK22036,2023-01-27,Op007,6.9,1,,23.17,TEL,Litige paiement,Oui,0,Faux,6.0,
TCK22037,2023-05-20,Op007,4.0,1,3.0,10.2,Chat,Demande d'information,1,1,Vrai,,
TCK22038,2023-08-16,Op004,2.8,Oui,6.0,47.72,Tel,Changement d'offre,0,0,Vrai,,Délai de traitement
TCK22039,2023-10-11,Op007,4.5,oui,,23.8,Chat,Demande d'information,Oui,0,Vrai,9.0,
TCK22040,2023-07-08,Op007,3.0,oui,5.0,24.33,Réseaux sociaux,Résiliation,Oui,1,Vrai,,
TCK22041,2023-09-24,Op008,4.3,Oui,4.0,49.07,Mail,Relevé compteur,0,0,,10.0,
TCK22042,2023-03-02,Op003,5.2,Oui,7.0,55.87,Chat,Litige paiement,Non,0,Vrai,,
TCK22043,2023-03-29,Op002,2.7,0,4.0,43.99,Mail,Résiliation,0,0,Vrai,,
TCK22044,2023-04-25,Op007,4.4,oui,,22.54,Réseaux sociaux,Réclamation,1,1,Vrai,,
TCK22045,2023-06-13,Op005,4.6,1,7.0,54.73,TEL,Réclamation,Non,1,Vrai,5.0,Délai de traitement
TCK22046,2023-09-25,Op002,6.1,1,9.0,43.19,TEL,Relevé compteur,1,0,Vrai,,
TCK22047,2023-11-21,Op001,7.0,1,,30.71,TEL,Réclamation,Non,0,,7.0,
TCK22048,2023-06-23,Op008,4.0,Oui,9.0,54.99,Chat,Résiliation,Oui,0,Faux,,
TCK22049,2023-08-20,Op008,8.1,Non,,26.81,Tel,Déménagement,0,0,Vrai,4.0,Erreur technique
TCK22050,2023-12-17,Op005,5.8,0,2.0,49.85,TEL,Panne compteur,Non,0,Vrai,5.0,
TCK22051,2023-06-25,Op003,3.8,1,3.0,35.75,Chat,Souscription contrat,1,0,,10.0,
TCK22052,2023-12-18,Op006,3.9,1,,42.81,Tel,Panne compteur,0,1,Faux,,
TCK22053,2023-05-06,Op004,3.7,Non,,29.25,TEL,Litige paiement,Oui,1,,,
TCK22054,2023-08-28,Op001,3.6,0,4.0,49.43,Mail,Résiliation,Non,1,Vrai,8.0,
TCK22055,2023-11-09,Op007,6.7,1,,27.57,Mail,Relevé compteur,Oui,0,Vrai,10.0,
TCK22056,2023-06-24,Op003,6.0,Oui,,21.95,Réseaux sociaux,Panne compteur,0,0,Vrai,8.0,
TCK22057,2023-09-11,Op007,4.1,Oui,10.0,20.33,Tel,Changement d'offre,0,0,Vrai,,
TCK22058,2023-12-28,Op005,3.3,Oui,,11.87,Réseaux sociaux,Litige paiement,Oui,0,Vrai,,
TCK22059,2023-06-23,Op004,6.4,Non,,55.89,Chat,Réclamation,Non,0,Vrai,0.0,
TCK22060,2023-08-05,Op005,4.8,0,4.0,23.7,Chat,Déménagement,Oui,0,Vrai,9.0,
TCK22061,2023-04-21,Op004,2.5,1,3.0,13.26,TEL,Résiliation,Oui,0,Vrai,0.0,
TCK22062,2023-04-06,Op007,0.6,oui,4.0,30.92,Mail,Déménagement,1,0,Vrai,7.0,
TCK22063,2023-11-08,Op004,4.1,Non,8.0,56.45,Tel,Relevé compteur,0,0,Vrai,6.0,
TCK22064,2023-03-18,Op006,5.0,Oui,8.0,54.23,Tel,Demande d'information,0,1,Vrai,8.0,
TCK22065,2023-09-21,Op002,5.4,oui,8.0,25.98,Tel,Relevé compteur,1,0,Vrai,,
TCK22066,2023-01-28,Op001,7.1,0,10.0,41.18,Mail,Demande d'information,1,0,Faux,,
TCK22067,2023-03-10,Op001,1.8,0,5.0,34.08,Réseaux sociaux,Demande d'information,Non,0,Vrai,0.0,
TCK22068,2023-03-12,Op003,4.8,1,9.0,51.06,TEL,Panne compteur,Oui,0,Faux,,
TCK22069,2023-02-03,Op003,4.4,1,9.0,,Tel,Déménagement,Oui,1,Vrai,5.0,
TCK22070,2023-03-01,Op006,7.5,oui,,23.48,Tel,Relevé compteur,0,0,Vrai,,
TCK22071,2023-01-19,Op001,3.6,1,7.0,15.01,Mail,Changement d'offre,1,0,Vrai,9.0,
TCK22072,2023-03-12,Op007,2.5,oui,9.0,10.83,TEL,Panne compteur,Oui,0,Vrai,7.0,
TCK22073,2023-03-21,Op002,1.4,1,6.0,50.74,Mail,Réclamation,Non,0,Vrai,,
TCK22074,2023-10-18,Op003,6.4,0,8.0,13.7,Mail,Changement d'offre,1,0,Vrai,10.0,
TCK22075,2023-11-03,Op008,1.2,oui,,18.75,TEL,Réclamation,1,0,,5.0,
TCK22076,2023-04-25,Op004,4.9,0,9.0,57.51,TEL,Déménagement,Oui,0,Vrai,7.0,
TCK22077,2023-03-04,Op001,6.1,1,,59.94,Chat,Relevé compteur,1,0,Vrai,,
TCK22078,2023-04-27,Op004,1.9,Oui,9.0,52.92,Chat,Déménagement,0,0,Vrai,,
TCK22079,2023-11-07,Op004,2.8,0,5.0,59.93,Tel,Changement d'offre,Non,0,Faux,,
TCK22080,2023-02-23,Op001,6.7,Non,,49.09,Tel,Relevé compteur,Oui,0,Vrai,,
TCK22081,2023-12-03,Op007,5.5,Non,9.0,27.77,Réseaux sociaux,Déménagement,1,0,Faux,4.0,
TCK22082,2023-09-20,Op003,6.7,Oui,9.0,44.41,Tel,Relevé compteur,0,0,Vrai,10.0,
TCK22083,2023-02-05,Op007,5.0,0,,,Tel,Déménagement,Oui,0,Vrai,5.0,
TCK22084,2023-02-07,Op004,3.8,1,8.0,55.27,TEL,Résiliation,1,0,Vrai,,
TCK22085,2023-03-22,Op004,3.5,1,,11.84,Réseaux sociaux,Souscription contrat,Non,1,Vrai,,
TCK22086,2023-04-30,Op002,3.2,0,,40.84,Réseaux sociaux,Résiliation,1,0,Vrai,,
TCK22087,2023-05-27,Op001,2.6,Oui,3.0,36.71,Chat,Facturation,Non,0,Faux,,
TCK22088,2023-12-09,Op008,3.5,0,4.0,21.84,Réseaux sociaux,Demande d'information,0,1,Vrai,,
TCK22089,2023-06-20,Op007,3.7,1,7.0,35.13,Tel,Panne compteur,Oui,0,Vrai,7.0,
TCK22090,2023-01-25,Op003,3.2,Non,4.0,46.46,Mail,Relevé compteur,Oui,0,Vrai,1.0,
TCK22091,2023-11-29,Op001,4.4,0,8.0,,Chat,Déménagement,Oui,1,Vrai,,
TCK22092,2023-07-08,Op002,6.6,1,9.0,23.98,Mail,Facturation,1,0,Vrai,,
TCK22093,2023-12-03,Op003,2.1,oui,8.0,38.54,Tel,Changement d'offre,Oui,0,Faux,,
TCK22094,2023-10-06,Op001,3.0,Non,,33.21,Chat,Facturation,1,1,Vrai,5.0,Erreur technique
TCK22095,2023-10-23,Op008,2.3,0,7.0,56.36,Réseaux sociaux,Réclamation,Non,0,Vrai,,
TCK22096,2023-07-26,Op007,4.5,oui,6.0,15.33,TEL,Changement d'offre,Non,0,Vrai,9.0,Facturation incorrecte
TCK22097,2023-11-14,Op007,2.5,Non,4.0,27.28,Mail,Panne compteur,Oui,1,,8.0,Erreur technique
TCK22098,2023-10-31,Op005,5.2,oui,9.0,57.47,Tel,Facturation,1,0,Vrai,4.0,
TCK22099,2023-07-10,Op008,2.7,Non,9.0,59.84,TEL,Facturation,1,1,Vrai,6.0,Comportement agent
TCK22100,2023-09-11,Op001,6.9,0,5.0,52.81,Tel,Changement d'offre,0,0,Vrai,8.0,
TCK22101,2023-12-27,Op002,1.5,1,8.0,15.87,Mail,Souscription contrat,0,0,Vrai,2.0,
TCK22102,2023-05-27,Op003,3.0,0,10.0,20.31,Mail,Souscription contrat,1,0,Vrai,5.0,
TCK22103,2023-04-17,Op005,7.5,oui,10.0,30.14,Tel,Relevé compteur,1,0,Vrai,,
TCK22104,2023-08-13,Op006,4.9,0,6.0,22.64,Mail,Déménagement,Oui,0,Vrai,7.0,
TCK22105,2023-04-16,Op001,3.6,oui,7.0,25.57,Tel,Litige paiement,0,0,Vrai,,
TCK22106,2023-03-01,Op007,9.5,oui,,38.47,Chat,Résiliation,Oui,1,Vrai,,
TCK22107,2023-08-17,Op007,4.0,1,4.0,,Tel,Litige paiement,Non,0,Faux,6.0,
TCK22108,2023-03-01,Op006,2.2,Oui,,47.26,Réseaux sociaux,Panne compteur,1,0,Vrai,,
TCK22109,2023-04-10,Op003,3.8,1,8.0,16.35,Chat,Résiliation,Non,0,Faux,,
TCK22110,2023-07-31,Op001,5.1,Oui,10.0,20.44,Mail,Facturation,0,0,Faux,,
TCK22111,2023-08-01,Op008,3.5,Oui,,25.34,Tel,Relevé compteur,1,0,Vrai,7.0,
TCK22112,2023-04-25,Op003,0.3,Non,10.0,45.43,Chat,Résiliation,0,0,Vrai,7.0,
TCK22113,2023-06-21,Op007,2.2,Oui,8.0,41.17,Tel,Souscription contrat,1,0,Vrai,7.0,
TCK22114,2023-07-15,Op003,6.9,Non,3.0,24.63,Réseaux sociaux,Souscription contrat,Oui,0,Vrai,10.0,
TCK22115,2023-12-25,Op001,6.1,oui,4.0,,Réseaux sociaux,Déménagement,0,0,Vrai,5.0,
TCK22116,2023-08-24,Op002,3.3,Oui,5.0,,Chat,Résiliation,Oui,0,Vrai,,
TCK22117,2023-11-26,Op004,1.1,Non,9.0,25.37,Chat,Résiliation,Oui,1,Vrai,0.0,
TCK22118,2023-03-29,Op001,4.7,Oui,8.0,52.9,Réseaux sociaux,Panne compteur,Oui,0,Vrai,7.0,
TCK22119,2023-04-05,Op005,2.7,0,10.0,46.84,TEL,Souscription contrat,Non,0,Vrai,10.0,
TCK22120,2023-02-22,Op003,3.6,0,10.0,35.39,Tel,Facturation,Oui,0,Vrai,,
TCK22121,2023-11-13,Op005,2.1,1,9.0,50.51,Tel,Litige paiement,0,1,Vrai,8.0,
TCK22122,2023-11-01,Op002,8.0,0,7.0,15.59,TEL,Changement d'offre,0,1,Vrai,10.0,
TCK22123,2023-03-28,Op003,4.7,oui,4.0,38.26,Tel,Panne compteur,0,0,Vrai,0.0,
TCK22124,2023-06-09,Op002,3.7,0,10.0,41.7,Tel,Résiliation,Non,0,Faux,8.0,
TCK22125,2023-08-27,Op001,1.7,1,3.0,22.85,Réseaux sociaux,Relevé compteur,Oui,0,Vrai,,
TCK22126,2023-05-08,Op001,4.0,Oui,6.0,21.06,Tel,Demande d'information,0,0,Vrai,9.0,
TCK22127,2023-01-07,Op006,3.7,Oui,,59.34,Tel,Relevé compteur,0,0,Faux,3.0,
TCK22128,2023-01-05,Op005,3.2,Oui,4.0,37.28,TEL,Résiliation,Oui,0,Vrai,,
TCK22129,2023-11-28,Op003,3.8,oui,8.0,52.9,Mail,Déménagement,1,0,Vrai,9.0,
TCK22130,2023-04-16,Op003,2.4,Oui,,38.08,Chat,Litige paiement,1,0,,5.0,
TCK22131,2023-02-02,Op003,6.4,oui,8.0,45.74,Tel,Litige paiement,1,0,,0.0,
TCK22132,2023-10-27,Op001,6.1,1,3.0,53.54,Réseaux sociaux,Changement d'offre,0,0,Vrai,8.0,
TCK22133,2023-08-28,Op008,6.7,1,8.0,53.51,Chat,Facturation,Oui,0,Vrai,,
TCK22134,2023-03-28,Op005,1.5,Non,3.0,42.08,Tel,Relevé compteur,Oui,0,Vrai,,
TCK22135,2023-05-17,Op008,7.9,Oui,6.0,50.91,Tel,Relevé compteur,Non,0,Vrai,,
TCK22136,2023-09-05,Op007,4.3,oui,8.0,53.6,Chat,Demande d'information,1,1,Faux,5.0,
TCK22137,2023-04-15,Op007,2.1,Oui,,21.25,Réseaux sociaux,Facturation,Oui,0,Vrai,5.0,
TCK22138,2023-02-15,Op005,2.5,Non,5.0,29.75,Tel,Réclamation,Oui,1,Vrai,,
TCK22139,2023-07-01,Op002,4.4,1,5.0,,Tel,Panne compteur,1,0,Vrai,,
TCK22140,2023-02-22,Op007,3.7,1,4.0,28.67,Tel,Litige paiement,1,1,Vrai,,
TCK22141,2023-10-24,Op008,2.5,Non,8.0,59.66,Chat,Relevé compteur,Oui,0,Vrai,10.0,
TCK22142,2023-06-11,Op005,3.7,1,6.0,,Tel,Panne compteur,1,0,Vrai,10.0,
TCK22143,2023-08-12,Op008,3.8,0,4.0,22.03,Mail,Facturation,0,0,Vrai,9.0,
TCK22144,2023-07-04,Op008,9.4,oui,5.0,21.08,TEL,Résiliation,Non,0,Vrai,9.0,
TCK22145,2023-04-14,Op006,5.6,Non,9.0,47.83,TEL,Relevé compteur,0,0,Vrai,9.0,
TCK22146,2023-12-04,Op008,5.4,1,7.0,42.84,Mail,Changement d'offre,Oui,0,Vrai,,
TCK22147,2023-07-14,Op003,4.1,Oui,,31.82,TEL,Réclamation,Non,0,,8.0,
TCK22148,2023-08-16,Op005,5.5,1,7.0,24.52,Mail,Résiliation,Non,0,Vrai,,
TCK22149,2023-07-12,Op007,5.4,0,10.0,,Chat,Changement d'offre,Oui,1,Vrai,7.0,
TCK22150,2023-03-05,Op007,5.4,Oui,9.0,,Réseaux sociaux,Litige paiement,Non,0,Faux,9.0,
TCK22151,2023-10-12,Op008,4.2,Non,8.0,18.24,Chat,Relevé compteur,Oui,1,Vrai,,
TCK22152,2023-12-02,Op001,4.4,oui,9.0,50.06,Réseaux sociaux,Réclamation,1,0,Vrai,8.0,
TCK22153,2023-07-21,Op002,3.5,1,5.0,48.58,Tel,Litige paiement,1,0,,10.0,
TCK22154,2023-02-24,Op001,4.6,Oui,,,Réseaux sociaux,Relevé compteur,1,0,Vrai,,
TCK22155,2023-01-17,Op008,6.0,Non,8.0,15.0,Mail,Panne compteur,0,0,Vrai,5.0,
TCK22156,2023-09-27,Op001,7.0,Oui,,14.67,Réseaux sociaux,Demande d'information,0,0,Vrai,3.0,
TCK22157,2023-01-13,Op003,5.3,0,10.0,18.63,TEL,Relevé compteur,1,0,Vrai,7.0,
TCK22158,2023-07-16,Op003,4.6,1,9.0,54.34,Tel,Souscription contrat,0,0,Vrai,8.0,
TCK22159,2023-03-21,Op001,4.2,1,9.0,43.53,Tel,Résiliation,1,1,Vrai,,
TCK22160,2023-02-02,Op006,5.6,1,6.0,54.04,Chat,Réclamation,1,0,Vrai,,
TCK22161,2023-09-15,Op004,3.9,1,9.0,47.88,Réseaux sociaux,Relevé compteur,Oui,0,Vrai,10.0,
TCK22162,2023-06-03,Op008,2.7,0,8.0,36.6,Mail,Réclamation,Non,0,Vrai,,
TCK22163,2023-11-02,Op008,4.8,0,9.0,27.84,Mail,Relevé compteur,Oui,0,Vrai,,
TCK22164,2023-03-03,Op005,5.7,1,,55.53,Tel,Litige paiement,0,0,Vrai,5.0,Facturation incorrecte
TCK22165,2023-01-29,Op003,5.8,0,,10.74,Tel,Panne compteur,1,0,Vrai,5.0,
TCK22166,2023-06-06,Op001,3.8,Non,8.0,,Réseaux sociaux,Panne compteur,Non,1,Faux,7.0,
TCK22167,2023-12-13,Op006,5.1,oui,5.0,14.06,Mail,Facturation,0,0,Faux,10.0,
TCK22168,2023-04-17,Op008,4.6,1,8.0,41.48,TEL,Résiliation,1,0,Vrai,8.0,
TCK22169,2023-04-11,Op004,4.2,Non,10.0,,TEL,Résiliation,Non,0,Vrai,6.0,
TCK22170,2023-03-30,Op004,4.4,1,4.0,26.6,Mail,Relevé compteur,1,0,Faux,10.0,
TCK22171,2023-03-18,Op004,4.8,1,,41.22,TEL,Réclamation,Oui,0,Vrai,3.0,
TCK22172,2023-04-13,Op006,3.9,0,8.0,41.75,Réseaux sociaux,Litige paiement,1,1,Faux,3.0,
TCK22173,2023-08-10,Op007,6.9,1,8.0,52.81,Tel,Souscription contrat,0,0,Vrai,8.0,
TCK22174,2023-08-21,Op002,1.8,1,2.0,18.49,Chat,Réclamation,0,0,Faux,9.0,
TCK22175,2023-12-30,Op005,4.4,oui,10.0,10.01,Mail,Déménagement,1,1,Faux,5.0,
TCK22176,2023-07-10,Op006,3.4,oui,5.0,22.19,TEL,Souscription contrat,0,1,Faux,,
TCK22177,2023-08-08,Op001,5.1,Non,,24.89,TEL,Relevé compteur,0,0,Vrai,8.0,
TCK22178,2023-11-28,Op001,0.8,Oui,2.0,,Chat,Facturation,1,0,Vrai,4.0,
TCK22179,2023-12-24,Op005,6.7,Oui,9.0,,Chat,Changement d'offre,1,1,Vrai,5.0,
TCK22180,2023-07-29,Op005,3.8,0,10.0,16.2,Réseaux sociaux,Réclamation,Non,0,Vrai,10.0,
TCK22181,2023-10-06,Op004,4.8,1,2.0,34.96,Chat,Déménagement,Non,1,Vrai,8.0,
TCK22182,2023-02-22,Op008,2.2,Oui,,,Mail,Réclamation,0,0,Vrai,9.0,
TCK22183,2023-12-22,Op002,2.7,Oui,6.0,13.35,Tel,Souscription contrat,Non,0,Vrai,2.0,
TCK22184,2023-11-14,Op006,5.1,0,5.0,16.08,Mail,Réclamation,1,1,Vrai,8.0,
TCK22185,2023-04-07,Op002,5.7,0,6.0,13.25,Chat,Déménagement,1,1,Vrai,,
TCK22186,2023-02-16,Op004,7.5,0,4.0,47.82,TEL,Demande d'information,0,0,Faux,,
TCK22187,2023-05-04,Op007,3.3,oui,9.0,49.0,Mail,Déménagement,Non,1,Vrai,,
TCK22188,2023-06-17,Op001,0.3,oui,7.0,10.55,Tel,Panne compteur,0,1,Vrai,3.0,
TCK22189,2023-03-28,Op002,3.0,1,,56.33,Chat,Réclamation,0,0,Vrai,,
TCK22190,2023-05-31,Op004,2.2,Non,4.0,55.98,TEL,Souscription contrat,0,1,Vrai,,
TCK22191,2023-06-19,Op001,5.3,oui,10.0,55.75,Chat,Facturation,1,0,,,Comportement agent
TCK22192,2023-07-25,Op004,5.1,1,,21.55,TEL,Demande d'information,1,0,,7.0,
TCK22193,2023-10-31,Op005,5.1,Oui,,,TEL,Réclamation,Non,1,Vrai,7.0,
TCK22194,2023-01-20,Op002,5.8,oui,5.0,10.21,Mail,Facturation,1,0,Vrai,,
TCK22195,2023-11-27,Op003,3.8,0,5.0,11.05,Réseaux sociaux,Panne compteur,1,0,Vrai,,Facturation incorrecte
TCK22196,2023-04-14,Op008,1.6,oui,8.0,44.49,TEL,Facturation,Oui,0,Vrai,,
TCK22197,2023-04-17,Op006,4.1,Oui,7.0,38.28,Tel,Panne compteur,1,0,Faux,8.0,
TCK22198,2023-07-01,Op003,2.3,Non,6.0,49.61,Chat,Panne compteur,1,1,Vrai,,
TCK22199,2023-06-25,Op001,3.7,0,8.0,30.8,Mail,Demande d'information,Non,0,Vrai,0.0,
TCK22200,2023-06-04,Op006,4.4,Non,,14.54,Réseaux sociaux,Facturation,Non,0,Vrai,,
TCK22201,2023-01-09,Op008,2.9,1,10.0,16.45,Chat,Déménagement,Oui,0,Vrai,8.0,
TCK22202,2023-03-03,Op007,5.5,Oui,8.0,56.23,Réseaux sociaux,Demande d'information,Non,1,Faux,,
TCK22203,2023-08-02,Op004,3.8,1,10.0,51.31,Réseaux sociaux,Changement d'offre,Oui,0,Vrai,9.0,
TCK22204,2023-06-26,Op002,2.3,oui,5.0,37.46,Mail,Réclamation,0,0,Vrai,,Comportement agent
TCK22205,2023-02-15,Op002,2.9,Non,4.0,46.09,Tel,Relevé compteur,0,0,Faux,6.0,Facturation incorrecte
TCK22206,2023-06-23,Op007,4.7,0,10.0,51.61,Mail,Souscription contrat,1,0,Faux,,
TCK22207,2023-11-20,Op003,4.1,1,3.0,52.32,Réseaux sociaux,Relevé compteur,1,0,Vrai,5.0,
TCK22208,2023-04-24,Op002,5.0,Oui,3.0,35.55,Chat,Facturation,0,0,Vrai,9.0,
TCK22209,2023-01-10,Op001,4.7,Non,2.0,55.69,TEL,Litige paiement,0,0,Vrai,0.0,Facturation incorrecte
TCK22210,2023-07-13,Op006,2.7,Non,4.0,37.41,TEL,Relevé compteur,1,1,Faux,5.0,
TCK22211,2023-02-17,Op002,3.4,0,2.0,32.65,Mail,Changement d'offre,0,1,Vrai,,
TCK22212,2023-10-29,Op008,6.1,1,7.0,14.75,TEL,Demande d'information,0,0,Vrai,,
TCK22213,2023-08-13,Op003,3.0,0,,26.04,Réseaux sociaux,Relevé compteur,0,0,Vrai,9.0,
TCK22214,2023-04-02,Op005,7.3,Oui,,17.91,TEL,Changement d'offre,Non,0,Vrai,10.0,
TCK22215,2023-11-02,Op003,1.9,1,5.0,53.03,Mail,Réclamation,1,0,Vrai,5.0,
TCK22216,2023-09-01,Op007,6.0,Non,8.0,33.39,TEL,Déménagement,0,0,Vrai,8.0,
TCK22217,2023-02-03,Op005,4.3,0,5.0,23.75,Tel,Réclamation,0,0,Vrai,8.0,
TCK22218,2023-10-05,Op004,2.8,Oui,,29.59,Mail,Facturation,Oui,0,Vrai,,
TCK22219,2023-04-17,Op004,4.6,oui,8.0,39.46,Tel,Changement d'offre,Oui,1,,,
TCK22220,2023-06-18,Op007,3.1,0,,48.74,Réseaux sociaux,Demande d'information,0,0,Faux,9.0,
TCK22221,2023-07-12,Op002,3.5,Non,,57.34,Mail,Réclamation,Non,0,Vrai,,Comportement agent
TCK22222,2023-06-02,Op005,3.8,Oui,8.0,,Réseaux sociaux,Facturation,0,1,Vrai,,
TCK22223,2023-05-03,Op007,5.8,Non,5.0,56.93,Réseaux sociaux,Demande d'information,Non,0,Faux,2.0,
TCK22224,2023-10-11,Op007,6.5,oui,4.0,14.0,Tel,Résiliation,Non,1,Vrai,,
TCK22225,2023-01-27,Op002,2.1,1,9.0,22.12,Tel,Relevé compteur,1,0,Vrai,,
TCK22226,2023-08-14,Op007,4.8,1,5.0,56.4,Chat,Changement d'offre,Oui,0,Vrai,4.0,
TCK22227,2023-01-05,Op001,7.3,Oui,6.0,31.44,Réseaux sociaux,Souscription contrat,1,0,Vrai,,
TCK22228,2023-10-13,Op008,4.2,Oui,9.0,58.96,Chat,Souscription contrat,0,1,Vrai,9.0,
TCK22229,2023-06-28,Op007,6.4,1,10.0,57.99,Tel,Changement d'offre,Oui,0,Vrai,6.0,
TCK22230,2023-02-02,Op004,5.9,oui,8.0,52.38,Réseaux sociaux,Relevé compteur,Oui,0,Faux,7.0,
TCK22231,2023-03-04,Op004,3.9,0,,20.53,Réseaux sociaux,Réclamation,Oui,1,Vrai,3.0,
TCK22232,2023-06-16,Op005,3.3,oui,5.0,51.84,Réseaux sociaux,Panne compteur,Non,0,Vrai,9.0,
TCK22233,2023-09-10,Op006,4.8,0,6.0,18.73,Réseaux sociaux,Litige paiement,1,0,Vrai,8.0,
TCK22234,2023-02-14,Op005,4.2,1,1.0,38.85,Tel,Panne compteur,Non,0,Vrai,10.0,
TCK22235,2023-11-23,Op003,3.3,oui,10.0,52.75,TEL,Litige paiement,0,0,Vrai,9.0,
TCK22236,2023-02-14,Op006,4.4,oui,6.0,13.02,Chat,Souscription contrat,Oui,0,Vrai,1.0,
TCK22237,2023-07-03,Op006,5.3,1,1.0,47.46,TEL,Déménagement,Oui,0,Vrai,6.0,
TCK22238,2023-06-21,Op005,1.5,oui,10.0,25.46,Mail,Facturation,0,0,Vrai,3.0,
TCK22239,2023-02-28,Op004,8.3,Non,10.0,35.12,Chat,Déménagement,1,0,Vrai,,
TCK22240,2023-05-28,Op004,6.7,1,9.0,37.19,Tel,Changement d'offre,Oui,0,Vrai,10.0,
TCK22241,2023-05-04,Op005,3.1,Oui,9.0,53.84,TEL,Demande d'information,Non,0,Vrai,10.0,
TCK22242,2023-09-28,Op003,1.7,oui,8.0,52.55,Réseaux sociaux,Relevé compteur,1,0,Vrai,,
TCK22243,2023-04-29,Op002,5.0,1,,37.86,TEL,Résiliation,0,0,Vrai,7.0,
TCK22244,2023-09-06,Op003,5.4,Non,7.0,27.89,TEL,Demande d'information,Oui,0,Faux,5.0,
TCK22245,2023-07-10,Op008,2.3,1,9.0,52.22,Réseaux sociaux,Litige paiement,1,0,Vrai,5.0,
TCK22246,2023-05-31,Op008,7.6,Oui,5.0,14.78,Tel,Facturation,1,0,Vrai,8.0,
TCK22247,2023-12-04,Op008,3.9,1,4.0,29.8,Réseaux sociaux,Résiliation,0,0,Vrai,9.0,
TCK22248,2023-09-16,Op004,3.6,0,,26.49,Tel,Souscription contrat,Oui,0,Vrai,,
TCK22249,2023-09-16,Op002,3.1,1,10.0,42.52,Mail,Changement d'offre,1,1,Vrai,10.0,
TCK22250,2023-03-06,Op002,5.9,0,10.0,35.49,Tel,Relevé compteur,Non,0,Vrai,,
TCK22251,2023-10-07,Op008,6.0,oui,7.0,50.54,Mail,Souscription contrat,0,1,Faux,,
TCK22252,2023-03-24,Op008,2.7,1,,38.22,Réseaux sociaux,Déménagement,0,0,Faux,9.0,Facturation incorrecte
TCK22253,2023-05-16,Op004,4.2,1,,57.62,Chat,Facturation,0,0,Faux,8.0,
TCK22254,2023-04-18,Op005,5.2,1,,42.34,Mail,Demande d'information,1,0,Faux,,
TCK22255,2023-06-25,Op003,7.0,0,8.0,56.53,Chat,Panne compteur,0,0,Vrai,9.0,
TCK22256,2023-02-04,Op004,1.2,0,5.0,58.86,TEL,Souscription contrat,0,1,Vrai,,
TCK22257,2023-05-24,Op005,3.1,1,,53.17,Réseaux sociaux,Relevé compteur,1,0,Faux,9.0,
TCK22258,2023-08-17,Op007,3.8,1,10.0,30.75,Réseaux sociaux,Facturation,Non,0,Vrai,,
TCK22259,2023-05-01,Op004,0.9,Oui,10.0,17.45,Tel,Panne compteur,Non,0,,7.0,
TCK22260,2023-02-08,Op002,4.3,Non,6.0,53.77,Chat,Litige paiement,Oui,0,Vrai,,
TCK22261,2023-07-05,Op008,5.4,1,9.0,19.47,Mail,Demande d'information,Oui,0,Vrai,,
TCK22262,2023-02-02,Op002,3.7,1,9.0,48.21,Chat,Facturation,Oui,0,,7.0,
TCK22263,2023-06-03,Op003,4.6,Non,9.0,39.05,Mail,Relevé compteur,1,1,Vrai,,
TCK22264,2023-10-15,Op001,3.6,1,8.0,20.55,TEL,Changement d'offre,0,0,Faux,5.0,
TCK22265,2023-08-21,Op007,4.8,Oui,10.0,13.72,Réseaux sociaux,Résiliation,1,1,Vrai,5.0,Comportement agent
TCK22266,2023-11-26,Op006,6.1,Non,10.0,38.31,TEL,Déménagement,Oui,0,Faux,5.0,
TCK22267,2023-02-11,Op005,1.9,oui,9.0,40.61,TEL,Demande d'information,Oui,1,Vrai,,
TCK22268,2023-05-10,Op007,1.4,0,3.0,22.23,Tel,Réclamation,1,0,Vrai,,
TCK22269,2023-12-23,Op005,5.2,0,5.0,16.85,Chat,Relevé compteur,Non,0,Vrai,,
TCK22270,2023-09-18,Op005,5.1,oui,9.0,19.33,Mail,Déménagement,0,0,Vrai,4.0,
TCK22271,2023-05-27,Op008,6.4,0,,18.86,Chat,Relevé compteur,1,0,Vrai,8.0,
TCK22272,2023-10-21,Op008,5.2,Oui,7.0,,Mail,Panne compteur,1,0,Faux,0.0,
TCK22273,2023-02-07,Op001,5.5,0,,42.97,Mail,Demande d'information,Oui,0,Vrai,,
TCK22274,2023-03-22,Op002,1.8,0,8.0,58.97,Tel,Relevé compteur,0,0,Vrai,4.0,
TCK22275,2023-08-31,Op003,3.4,oui,5.0,49.86,TEL,Résiliation,Non,1,Vrai,5.0,
TCK22276,2023-10-01,Op004,6.0,0,2.0,47.95,Tel,Facturation,0,0,Faux,,
TCK22277,2023-06-30,Op008,3.7,0,10.0,,Mail,Changement d'offre,0,0,Faux,8.0,
TCK22278,2023-06-16,Op005,3.4,0,,,Chat,Souscription contrat,Non,0,Vrai,8.0,
TCK22279,2023-04-21,Op006,1.4,oui,3.0,19.3,TEL,Réclamation,Non,0,,9.0,
TCK22280,2023-06-15,Op002,5.1,1,8.0,23.38,Mail,Souscription contrat,0,1,Vrai,,
TCK22281,2023-02-27,Op005,3.5,Non,6.0,51.0,TEL,Déménagement,1,0,Vrai,8.0,
TCK22282,2023-03-19,Op008,7.0,Non,7.0,49.45,Réseaux sociaux,Litige paiement,0,0,Vrai,10.0,
TCK22283,2023-01-10,Op005,4.3,oui,4.0,48.0,Réseaux sociaux,Changement d'offre,1,0,Vrai,,
TCK22284,2023-09-18,Op003,3.4,oui,,39.75,Tel,Facturation,0,0,Vrai,10.0,
TCK22285,2023-04-02,Op006,0.8,0,6.0,58.7,Réseaux sociaux,Souscription contrat,1,0,Vrai,2.0,
TCK22286,2023-09-09,Op004,5.5,Oui,4.0,23.47,Mail,Déménagement,Non,0,Vrai,7.0,
TCK22287,2023-09-27,Op005,4.1,Non,8.0,59.45,TEL,Litige paiement,0,0,Vrai,8.0,
TCK22288,2023-10-08,Op004,3.7,Oui,7.0,40.67,Réseaux sociaux,Réclamation,Oui,1,Vrai,10.0,
TCK22289,2023-06-06,Op003,8.1,oui,,23.63,Mail,Résiliation,1,0,Faux,,
TCK22290,2023-03-08,Op002,3.5,1,7.0,15.7,Mail,Facturation,0,0,Faux,5.0,
TCK22291,2023-09-15,Op008,3.9,oui,7.0,27.38,Tel,Facturation,0,1,Vrai,9.0,
TCK22292,2023-05-08,Op007,5.5,Non,10.0,15.13,Chat,Changement d'offre,1,1,Vrai,,
TCK22293,2023-02-25,Op007,7.0,1,9.0,52.61,Tel,Souscription contrat,Non,0,Vrai,,
TCK22294,2023-12-12,Op008,5.3,Non,10.0,43.51,Réseaux sociaux,Relevé compteur,Non,1,Vrai,9.0,
TCK22295,2023-03-23,Op004,4.7,oui,2.0,18.76,Réseaux sociaux,Changement d'offre,0,0,Vrai,6.0,
TCK22296,2023-01-06,Op005,8.4,0,10.0,11.41,Tel,Déménagement,0,0,Vrai,8.0,
TCK22297,2023-09-29,Op003,3.8,1,9.0,10.75,Mail,Demande d'information,Non,0,Vrai,,
TCK22298,2023-10-29,Op001,3.8,Oui,9.0,31.48,Mail,Changement d'offre,0,0,Vrai,,
TCK22299,2023-01-06,Op001,3.5,Oui,,34.37,Chat,Litige paiement,Non,1,Vrai,,
TCK22300,2023-07-29,Op005,5.2,Non,9.0,,Chat,Souscription contrat,0,0,Vrai,,Comportement agent
TCK22301,2023-02-01,Op003,3.0,oui,4.0,39.81,Réseaux sociaux,Demande d'information,1,0,Vrai,,
TCK22302,2023-03-23,Op004,4.2,1,10.0,17.7,Réseaux sociaux,Réclamation,Non,0,Vrai,,
TCK22303,2023-11-30,Op001,3.2,Non,2.0,28.84,Tel,Panne compteur,Oui,0,Vrai,4.0,
TCK22304,2023-07-21,Op001,5.9,Non,,21.56,TEL,Demande d'information,Non,0,Faux,,
TCK22305,2023-11-25,Op007,8.3,Non,3.0,27.19,TEL,Déménagement,1,0,,,
TCK22306,2023-05-01,Op005,6.3,Non,5.0,47.66,Tel,Souscription contrat,0,0,,,Facturation incorrecte
TCK22307,2023-08-16,Op008,5.1,Oui,9.0,37.67,TEL,Facturation,1,0,Faux,,
TCK22308,2023-10-19,Op004,2.0,1,4.0,53.97,Chat,Relevé compteur,Non,0,Vrai,9.0,
TCK22309,2023-01-18,Op008,2.0,oui,3.0,11.96,Réseaux sociaux,Panne compteur,0,0,Vrai,,
TCK22310,2023-08-03,Op008,4.2,Oui,7.0,40.28,TEL,Déménagement,0,0,Vrai,,
TCK22311,2023-01-06,Op008,4.6,Oui,6.0,34.24,TEL,Litige paiement,0,0,Faux,6.0,
TCK22312,2023-05-08,Op004,3.9,1,,54.52,Tel,Facturation,0,1,Vrai,4.0,
TCK22313,2023-10-21,Op003,3.5,Non,,37.5,Mail,Changement d'offre,1,0,Vrai,9.0,
TCK22314,2023-08-03,Op004,3.2,Non,7.0,45.71,Tel,Facturation,0,0,Vrai,6.0,
TCK22315,2023-01-05,Op001,4.2,0,3.0,45.14,Chat,Litige paiement,Non,1,Vrai,,
TCK22316,2023-03-22,Op005,4.9,0,9.0,31.69,Mail,Déménagement,1,0,Vrai,,
TCK22317,2023-05-18,Op006,8.9,Oui,9.0,,Mail,Relevé compteur,0,0,Vrai,9.0,
TCK22318,2023-06-19,Op004,1.9,oui,10.0,57.06,Chat,Résiliation,Non,0,Vrai,10.0,
TCK22319,2023-01-19,Op006,5.4,0,6.0,,Chat,Déménagement,0,1,,,
TCK22320,2023-04-01,Op008,1.5,oui,10.0,32.48,Chat,Demande d'information,Non,0,Vrai,8.0,
TCK22321,2023-03-11,Op004,5.9,0,,50.28,Chat,Souscription contrat,0,1,Vrai,5.0,
TCK22322,2023-08-25,Op004,3.6,Non,5.0,43.98,Chat,Souscription contrat,1,0,Faux,,
TCK22323,2023-03-27,Op007,3.0,0,10.0,25.77,Tel,Changement d'offre,Non,0,Vrai,10.0,
TCK22324,2023-07-16,Op004,3.8,oui,10.0,,Mail,Souscription contrat,1,0,Faux,,
TCK22325,2023-10-13,Op007,5.0,oui,6.0,48.13,Tel,Demande d'information,Non,1,Vrai,1.0,
TCK22326,2023-04-30,Op003,4.8,Oui,10.0,27.59,Tel,Panne compteur,1,1,Vrai,6.0,
TCK22327,2023-03-28,Op002,6.1,Oui,,21.63,TEL,Changement d'offre,1,0,Faux,9.0,
TCK22328,2023-08-06,Op006,4.8,1,5.0,59.58,Réseaux sociaux,Souscription contrat,Oui,0,Vrai,,
TCK22329,2023-04-24,Op008,8.8,Oui,,59.16,Chat,Souscription contrat,0,0,Vrai,10.0,
TCK22330,2023-03-12,Op004,2.9,0,8.0,34.56,Réseaux sociaux,Demande d'information,Oui,0,Vrai,7.0,
TCK22331,2023-05-30,Op007,8.2,0,9.0,44.12,TEL,Réclamation,0,0,Vrai,0.0,
TCK22332,2023-04-25,Op002,4.0,Oui,4.0,,Réseaux sociaux,Facturation,Non,0,Vrai,0.0,
TCK22333,2023-11-12,Op004,3.3,1,10.0,,Chat,Souscription contrat,0,0,Vrai,8.0,Délai de traitement
TCK22334,2023-03-04,Op004,4.4,1,5.0,49.24,Tel,Demande d'information,1,0,Vrai,5.0,
TCK22335,2023-01-05,Op006,2.0,Non,,34.27,TEL,Déménagement,1,0,Vrai,9.0,
TCK22336,2023-09-05,Op007,3.4,oui,,37.51,Tel,Relevé compteur,0,0,Vrai,,
TCK22337,2023-03-14,Op005,4.1,Non,10.0,23.56,Réseaux sociaux,Résiliation,Oui,0,Vrai,8.0,
TCK22338,2023-01-15,Op006,5.0,1,10.0,15.57,Mail,Panne compteur,0,0,Vrai,,
TCK22339,2023-03-13,Op007,4.6,oui,2.0,,Chat,Réclamation,Non,0,Vrai,9.0,
TCK22340,2023-10-26,Op007,4.3,Non,9.0,58.43,Mail,Résiliation,Oui,0,Faux,,
TCK22341,2023-06-07,Op007,1.8,Non,8.0,48.59,TEL,Facturation,0,0,Faux,,
TCK22342,2023-02-03,Op004,4.0,Oui,,,TEL,Demande d'information,Non,0,Vrai,,Délai de traitement
TCK22343,2023-11-07,Op003,5.8,0,,59.6,Mail,Panne compteur,Oui,0,Vrai,8.0,
TCK22344,2023-09-21,Op007,6.5,0,6.0,48.81,Chat,Relevé compteur,1,1,Vrai,0.0,
TCK22345,2023-06-22,Op003,5.7,1,,36.75,Réseaux sociaux,Panne compteur,Oui,1,Vrai,5.0,
TCK22346,2023-10-03,Op001,5.3,Non,10.0,25.73,Réseaux sociaux,Panne compteur,1,0,Vrai,,
TCK22347,2023-08-25,Op002,6.8,Non,5.0,38.06,Chat,Souscription contrat,Non,1,Vrai,8.0,
TCK22348,2023-01-05,Op007,6.8,Non,10.0,59.09,TEL,Litige paiement,1,0,Vrai,,
TCK22349,2023-02-01,Op007,4.7,oui,8.0,30.55,TEL,Déménagement,1,0,Faux,9.0,
TCK22350,2023-01-31,Op001,3.9,Oui,10.0,48.84,Réseaux sociaux,Réclamation,Oui,0,Faux,7.0,Comportement agent
TCK22351,2023-05-08,Op001,4.9,Oui,8.0,28.57,Tel,Litige paiement,0,0,Vrai,8.0,
TCK22352,2023-09-20,Op004,4.3,Oui,9.0,40.53,TEL,Relevé compteur,Non,0,Vrai,8.0,
TCK22353,2023-03-18,Op002,3.8,oui,9.0,,Mail,Souscription contrat,1,0,,,
TCK22354,2023-01-02,Op004,2.7,Non,,29.54,TEL,Facturation,0,0,Vrai,8.0,
TCK22355,2023-03-20,Op004,6.7,oui,5.0,47.04,Tel,Demande d'information,Non,0,Faux,,
TCK22356,2023-03-19,Op004,7.5,0,6.0,29.46,Mail,Souscription contrat,0,0,Vrai,,
TCK22357,2023-11-03,Op006,6.3,1,1.0,34.39,Mail,Relevé compteur,Non,0,Vrai,1.0,
TCK22358,2023-07-10,Op007,1.5,oui,10.0,48.26,TEL,Facturation,0,0,Vrai,9.0,
TCK22359,2023-08-19,Op007,3.3,Oui,7.0,48.2,Mail,Réclamation,Oui,0,Vrai,5.0,
TCK22360,2023-03-10,Op001,3.7,1,,10.57,Chat,Réclamation,1,0,Faux,,
TCK22361,2023-02-15,Op002,4.1,Non,6.0,31.37,Réseaux sociaux,Panne compteur,Non,0,Faux,,
TCK22362,2023-08-03,Op003,4.8,1,7.0,33.49,Réseaux sociaux,Relevé compteur,1,0,Vrai,10.0,
TCK22363,2023-04-16,Op002,4.4,Oui,7.0,22.82,Chat,Résiliation,1,0,Vrai,,
TCK22364,2023-12-19,Op003,4.5,Oui,,39.96,Réseaux sociaux,Litige paiement,1,0,Vrai,,
TCK22365,2023-01-01,Op002,6.3,Non,,14.78,Tel,Déménagement,1,0,Vrai,8.0,
TCK22366,2023-07-09,Op003,5.5,Oui,1.0,39.48,Réseaux sociaux,Panne compteur,0,0,Vrai,,
TCK22367,2023-09-17,Op001,4.2,oui,4.0,27.23,Tel,Réclamation,Oui,0,Vrai,,
TCK22368,2023-04-01,Op006,5.8,1,,23.7,Réseaux sociaux,Panne compteur,1,0,Vrai,6.0,
TCK22369,2023-03-22,Op006,4.9,oui,8.0,35.26,Tel,Changement d'offre,0,1,Faux,,
TCK22370,2023-10-28,Op006,5.9,oui,7.0,43.98,Mail,Panne compteur,Non,0,Vrai,,
TCK22371,2023-11-14,Op006,7.2,oui,4.0,,Tel,Déménagement,Non,0,Vrai,4.0,Délai de traitement
TCK22372,2023-04-22,Op006,2.1,Oui,,,TEL,Résiliation,0,0,Vrai,,
TCK22373,2023-09-26,Op006,2.6,oui,7.0,44.21,Mail,Relevé compteur,Non,0,Vrai,4.0,
TCK22374,2023-01-26,Op001,3.8,oui,10.0,19.41,Mail,Souscription contrat,1,0,,6.0,
TCK22375,2023-02-02,Op008,2.0,Non,,10.42,Réseaux sociaux,Panne compteur,Non,0,Vrai,,
TCK22376,2023-11-23,Op006,4.4,0,8.0,,Réseaux sociaux,Changement d'offre,1,0,Vrai,,
TCK22377,2023-12-22,Op006,5.3,oui,9.0,58.47,TEL,Panne compteur,0,0,Vrai,1.0,
TCK22378,2023-05-31,Op007,5.0,0,5.0,20.05,Réseaux sociaux,Déménagement,Non,0,Vrai,6.0,
TCK22379,2023-09-26,Op002,2.6,Non,10.0,49.5,TEL,Demande d'information,Oui,0,Vrai,,
TCK22380,2023-01-15,Op005,3.9,Non,4.0,55.6,Mail,Panne compteur,Non,0,Vrai,,
TCK22381,2023-11-16,Op005,4.9,Oui,10.0,19.73,Chat,Facturation,0,0,Faux,9.0,
TCK22382,2023-10-13,Op004,4.7,Non,6.0,,Mail,Litige paiement,Oui,0,Vrai,5.0,
TCK22383,2023-02-21,Op006,4.5,Non,9.0,54.12,Mail,Résiliation,1,0,Faux,,
TCK22384,2023-09-04,Op007,4.3,Oui,6.0,,Chat,Panne compteur,Oui,0,Vrai,,
TCK22385,2023-08-30,Op003,5.1,0,9.0,15.28,TEL,Réclamation,Oui,0,Vrai,,
TCK22386,2023-11-13,Op003,4.5,0,,49.66,TEL,Résiliation,Non,0,Vrai,8.0,Erreur technique
TCK22387,2023-01-20,Op001,2.0,Non,3.0,17.51,Réseaux sociaux,Facturation,0,0,Faux,,
TCK22388,2023-03-02,Op008,2.2,0,9.0,27.06,Réseaux sociaux,Relevé compteur,Non,0,Vrai,10.0,
TCK22389,2023-11-04,Op006,6.6,Non,,43.1,Mail,Réclamation,Non,0,Vrai,8.0,
TCK22390,2023-04-11,Op004,6.9,1,,17.8,Tel,Panne compteur,0,0,,8.0,
TCK22391,2023-05-13,Op003,4.2,Oui,4.0,,Chat,Demande d'information,Non,1,Vrai,6.0,
TCK22392,2023-11-06,Op003,5.5,0,2.0,52.75,Tel,Facturation,Non,0,Vrai,,
TCK22393,2023-12-29,Op001,2.5,0,9.0,22.63,Mail,Litige paiement,0,0,Vrai,,
TCK22394,2023-02-10,Op008,5.3,Non,,20.58,Mail,Litige paiement,1,0,Faux,,
TCK22395,2023-09-16,Op008,0.9,Oui,1.0,50.56,TEL,Changement d'offre,Non,0,Vrai,8.0,
TCK22396,2023-12-22,Op006,3.6,Oui,9.0,33.19,TEL,Résiliation,0,0,,,
TCK22397,2023-07-09,Op008,5.2,1,9.0,48.74,Tel,Panne compteur,1,0,Vrai,,
TCK22398,2023-10-07,Op002,6.6,Oui,5.0,12.51,Tel,Réclamation,0,0,Vrai,,
TCK22399,2023-11-20,Op005,1.9,Oui,,40.43,Mail,Résiliation,Oui,0,Vrai,4.0,
TCK21649,2023-09-17,Op007,4.1,Non,9.0,59.1,Mail,Demande d'information,Oui,0,Vrai,2.0,
TCK21387,2023-01-04,Op006,3.0,0,4.0,37.67,Tel,Résiliation,Non,0,Vrai,8.0,
TCK21766,2023-06-01,Op006,7.8,Oui,3.0,19.73,Chat,Demande d'information,1,0,Vrai,,
TCK21805,2023-07-31,Op008,1.5,oui,,18.35,Réseaux sociaux,Relevé compteur,Oui,0,Vrai,7.0,
TCK21861,2023-11-15,Op006,6.1,oui,7.0,14.53,Réseaux sociaux,Changement d'offre,Oui,1,Vrai,,Facturation incorrecte
TCK21504,2023-11-01,Op003,3.5,oui,10.0,17.94,TEL,Changement d'offre,Non,1,Vrai,8.0,
TCK20954,2023-10-14,Op002,2.8,Oui,7.0,43.81,Mail,Changement d'offre,Oui,0,Vrai,2.0,
TCK20990,2023-02-17,Op005,4.4,Non,9.0,24.01,Mail,Changement d'offre,Oui,0,Vrai,,
TCK21998,2023-03-23,Op003,8.2,Oui,9.0,18.28,Tel,Panne compteur,Non,0,Vrai,7.0,
TCK21066,2023-06-27,Op007,4.1,Oui,8.0,,Réseaux sociaux,Changement d'offre,0,1,Faux,5.0,
TCK20236,2023-05-19,Op005,1.9,oui,4.0,32.42,Mail,Réclamation,Oui,0,Vrai,9.0,
TCK22337,2023-03-14,Op005,4.1,Non,10.0,23.56,Réseaux sociaux,Résiliation,Oui,0,Vrai,8.0,
TCK21353,2023-07-05,Op006,5.3,1,10.0,42.69,Tel,Facturation,0,0,Faux,,
TCK22264,2023-10-15,Op001,3.6,1,8.0,20.55,TEL,Changement d'offre,0,0,Faux,5.0,
TCK20981,2023-11-29,Op008,3.3,Oui,,25.38,Mail,Résiliation,1,0,Vrai,5.0,
TCK20079,2023-12-07,Op004,3.9,Non,,38.52,TEL,Demande d'information,1,0,Vrai,7.0,
TCK21719,2023-01-12,Op008,5.4,0,10.0,37.84,Réseaux sociaux,Résiliation,Oui,1,Vrai,5.0,
TCK20062,2023-05-27,Op002,1.3,1,8.0,12.35,Mail,Résiliation,Non,1,Vrai,5.0,
TCK20209,2023-04-05,Op002,5.6,1,10.0,33.24,Tel,Demande d'information,Oui,0,Vrai,,Délai de traitement
TCK20904,2023-12-21,Op007,2.9,0,5.0,26.9,Réseaux sociaux,Litige paiement,0,0,Vrai,8.0,
